,Factor1,Factor2,Factor3,Factor4,Factor5,Factor6,Factor7,Factor8,Factor9,Factor10,Factor11,Factor12,Factor13
hsa-let-7a-3p,0.03832442954911539,-0.18732641793480181,-0.0005161893300570677,-0.09829231220497324,-0.005692416007267303,-0.012442819322034667,-0.014173203093232094,-0.0014197432216924019,-0.00468415225403399,-0.007580453717598652,-0.020183785549721122,-0.08571656188232975,-0.008738196772377908
hsa-let-7a-5p,0.09113280985058797,0.002341307289530659,-0.14293028487417136,-0.05971223134974263,-0.9282357346020598,-0.006442445886394944,0.020632495711588147,-0.00024010799349173073,0.007541671432756763,0.03171049095706427,0.0016707401344608235,0.005764570306126054,-0.024629436518744493
hsa-let-7b-3p,0.055389744352264854,-0.026041518200455777,0.01608705390749801,-0.061942262997783375,0.8494187757315123,-0.006540988004665882,0.0019839391415473495,0.0037065125378470546,0.0009668281978610664,-0.016982699733091442,-0.02843895485521676,0.03832613681869856,0.017709779690000364
hsa-let-7b-5p,0.029823130929054486,0.012590173442695902,-0.07009124102315821,-0.10077519646348307,-0.8706877112780224,0.0016981275301258495,0.04050202932220481,-0.004033975281254386,0.2871650174268658,0.03164920904746931,0.008430158490773733,0.06460005329230599,-0.01662334595489417
hsa-let-7c-5p,0.1286832710322404,-0.010444618690221074,-0.0030503567462721866,-0.06454931047486072,0.9305893292785444,-0.03764415176067498,-0.008833980580399813,0.020678788133838888,-0.0007561546189098248,-0.011817713562950964,-0.011903340509755611,0.014462983897682132,0.01650128280383747
hsa-let-7d-3p,0.004796868263823461,-0.006102068098158604,0.09662053867545174,0.003957052805014858,0.8778531508162813,-0.015192258016106923,-0.016282055232546812,-0.007452812060634212,-0.021752778045512507,-0.03648939757916024,-0.022707576195554236,-0.008456741485219549,-0.024293094523767652
hsa-let-7d-5p,-0.0009331056654711217,0.0072440079618890825,-0.03334816542220541,0.0014858017419250792,-0.9762937045786169,0.0007738402516344288,-0.000727732150654048,0.005664309684775289,0.009363419858178743,0.052794088483210794,0.012041775829165439,-0.01545902149574336,-0.10511161989958975
hsa-let-7e-3p,0.16885972402371788,0.048900892106549375,-0.01175822982744372,-0.04758878208913451,-0.02010354055536952,-0.0014336774923349627,-0.024776714072080593,-0.008649467245717768,0.03253752237801077,0.013607757122544853,0.012213161382658131,-0.001072304558399227,-0.05204606165688812
hsa-let-7e-5p,0.07358513177491263,0.028821977759008747,-0.04595005494215103,-0.1767877300966099,-0.3370051634830624,-0.005706980149663286,-0.004777952085674568,0.022607125829263112,-0.03726504186095106,0.027620520801008065,0.015681831947904637,0.032631716359571246,0.015854436171075577
hsa-let-7f-1-3p,-0.019728030799865223,-0.012553328166229713,0.05872965165190391,0.021589231477008728,0.5541382998964041,-0.01395941913485307,-0.04287348233467446,-0.007575151518648211,-0.006483454831052786,-0.0002920190136379975,-0.0036531759742792847,-0.08964295954537865,0.005492076041948347
hsa-let-7f-5p,0.13334234817966675,-0.11960059080713,-0.1304991039722728,0.005292474922644793,-0.7886742762860705,-0.004990073918941684,-0.010724616218808177,0.012657332876192697,-0.011469671553811135,0.030271093590942086,-0.00287310357634215,-0.03157940960802234,-0.12996974690932042
hsa-let-7g-5p,0.10347430843506786,-0.17474837122308648,-0.0027460853294154967,0.2321839839964699,0.829532068912918,0.014475535683118749,-0.02399216046147523,0.0019772633185683084,-0.11602471985901476,-0.043538630420048983,-0.03194164805398751,-0.005224188972406057,0.003254544349069745
hsa-let-7i-5p,0.00743310386990815,0.010734211305462404,0.0033040298454566235,0.08139334911737184,0.85444770370642,0.006146790934457317,-0.008326473962578521,0.017833421187304285,-0.0389790159500784,-0.017340775355013896,-0.018768369408843313,-0.03763102088469191,0.016498341964693398
hsa-miR-1-3p,0.02981513481265334,0.0032903955621593744,-0.0004968413912402263,0.01103145365223874,0.9189236073828061,0.0031550656711863798,-0.01349675328395475,0.009465405925342812,-0.003611160468941596,-0.10004502621135303,0.00659689018118361,-0.02146623887733675,0.07032642141588498
hsa-miR-100-5p,0.10291181056412377,0.003376248556492191,-0.0027690874349513986,0.028602536071769442,0.9622650083114853,-0.029688687531753487,-0.00561194062428154,0.01352677664221826,-0.057265818684390526,-0.023989887189586858,-0.005482708783345152,0.005172116409177104,0.01575595082094098
hsa-miR-101-3p,0.06836844551004082,-0.0740953774309945,0.018718291454987688,-0.004427193540734412,0.9489680983763424,-0.025729688934408378,-0.016209472149271712,0.021733739113152947,-0.06131381547936412,-0.027395344441075553,0.0030786553316342756,0.0037376895608187423,0.08424030167322225
hsa-miR-10396a-5p,-0.005818406472194476,0.0012429532977762832,-0.003198374669403874,0.06799899373038969,-0.9200555015901954,-0.010335322739640515,0.008147946007408915,0.015191006435802757,0.085310085933763,0.020850222361200987,0.010289649309552189,-0.003346574521492695,-0.042581655189679705
hsa-miR-10396b-5p,-0.0011374267975706113,-0.001486754167596568,-0.010297496728165371,0.12745373499560544,-0.9176665082348685,0.0017361586960626374,0.01628667849111523,0.011723410134033194,0.06525308251793883,0.02820351182549686,0.015367562387108092,-0.005784974555647368,-0.07069476535361977
hsa-miR-10399-3p,-0.002410137844718192,-0.014150332944975186,0.05511415137092135,0.2114359122780931,-0.7793239846524965,-0.0014524322981264346,-0.03612340869009585,0.008619886186836243,0.005373507237786035,0.08088859105354287,0.0005418141970721071,-0.0958150044144485,-0.04557831369610279
hsa-miR-103a-3p,0.002865591257046837,-0.11532187877459231,0.021163174576396347,0.05472550834892489,0.9339118180941829,-0.0017776632860535002,-0.09758607382921061,0.023886773579829327,-0.12506986640435072,-0.012618058857105194,-0.0050529421772095625,-0.03726192665391943,-0.006138157405134131
hsa-miR-106a-5p,-0.10573812323457264,-0.25747425922525136,0.15685986778268143,0.30227030863727367,0.49025831757940685,-0.0006095841505654272,0.02974745448609169,-0.01460574413601359,0.035180441532854684,0.036202532013319605,-0.010939048447489498,-0.056926657273607996,0.029296116230243845
hsa-miR-106b-3p,-0.0035376444491643454,-0.0191484915023861,0.05261161204682718,0.034058135861875366,0.9715965849010967,-0.029988007297263263,-0.01850030235111472,0.007251321334560047,-0.014433050160668643,-0.05081565545411841,-0.013277814901299062,-0.02348298620535483,0.04223163275758024
hsa-miR-106b-5p,-0.15815121487763473,-0.27397183800348446,0.06874714891868844,0.23987082012585645,0.565716834868949,-0.039520611661244,0.03176527073632707,1.7801823390790884e-05,-0.10257762972429169,0.01857142536231286,0.008518999075600745,-0.0698692893920028,0.052784010386298305
hsa-miR-107,0.0019856287869924466,-0.10793859147635115,0.02304565978900834,0.06832124142124113,0.9386326198547621,-0.003204060008166567,-0.10533908749328534,0.02089852360543849,-0.14791294386974224,-0.004605794760957469,-0.007431674435021613,-0.021641378572751748,-0.009893286002596422
hsa-miR-10a-3p,0.0033594694412694857,-0.0008220365135323472,-0.12789800903529067,-0.07892723341750017,0.6728142804837524,0.009723225712430414,-0.060323655993188584,0.004470262449906673,-0.031191988631614438,-0.0421720198293874,0.05531631254790096,-0.022604439873454226,-0.009514037575011142
hsa-miR-10a-5p,0.04887473596605461,0.006288552472786958,-0.03589268979858991,-0.015659578321436534,0.9737206528310993,-0.01064478700581103,-0.10610841418270413,0.009989905336369582,-0.011771855208025029,-0.03175644258833206,-0.0035589423115162987,-0.005663868348333629,0.0007235249392072036
hsa-miR-10b-3p,0.0013848314074069892,0.03655527397398273,0.004545804133498087,0.045770312171562966,-0.005528544753443309,-0.0037136801442942684,-0.05201120510505492,3.021792609343977e-05,-0.018190440875742696,-0.001985231200877526,0.01387024280073873,0.001845076796118483,0.10234975389531216
hsa-miR-10b-5p,0.027541302333148422,0.0012431966034070702,0.0064999745622819115,0.002275659223411997,1.0113719741605267,-0.018000285924102896,-0.04769913780206517,0.00031684906341721697,-0.013874105769123872,-0.05976728104272322,-0.017246681775096324,-0.0036910938968779464,0.036605721785939564
hsa-miR-1180-3p,0.04857746296901269,-0.1046161681748871,-0.004307655091626948,-0.03212575025612936,-0.7193087148059839,0.008464496025669337,-0.0018977844168145406,0.0010890913143394296,-0.00386298053088201,0.004750464593950521,0.004922036859926451,-0.030490141956156444,-0.06354251602272605
hsa-miR-12136,-0.10727022739205905,-0.006219424495602929,0.09286383475039385,0.08122042331015683,-0.865541633597895,0.004975919323805919,-0.04150123776901948,-0.005365684673878792,0.17379415490885405,-0.011644813835555044,-0.002238084221401963,-0.014899637620848128,-0.15608521325747746
hsa-miR-124-3p,-0.00366250197693928,-0.008680422756097372,-0.005755369829555658,0.17209947481911442,-0.8425475679298303,0.013998258394232677,-0.010761535114930493,-0.010918005396588187,0.19994272012403405,0.09684532595344572,-0.015527500182022652,0.007829678953581673,-0.011352123533850199
hsa-miR-1247-5p,0.182073469991294,0.0500367080639691,-0.17150085233768025,-0.029230863542519855,0.5058692195049985,0.04869308563759899,-0.1647708417575102,0.015683790370077503,-0.2194841280619077,0.007649779147443701,-0.007054295403225092,-0.03397238726392637,0.03239545785559555
hsa-miR-1248,-0.07806227400122344,0.002694146606372268,-0.00842563464345612,0.06718268148233628,-0.7461780146179161,0.013925295523176388,0.004298331496715264,-0.004949049593299036,0.03041513540212528,0.014563498816215643,0.0075205356691891555,-0.00323325788953107,-0.03789956769875819
hsa-miR-1249-3p,-0.008986390682895268,0.0031829795499307098,0.08564443913290341,0.006415701540248473,0.44503990092541645,0.009394185881539096,-0.04967516229429995,-0.012669973672869804,0.05147304109120111,-0.04683307468114025,-0.015187982572123308,0.034471948020520636,-0.015006326097768998
hsa-miR-125a-3p,-0.02907283082865279,-0.006264798351947461,0.028863223447248114,-0.12889264136338296,0.36845152106079077,-0.03142966735364954,-0.009119160752940206,0.02489120124533154,-0.010956248116194788,-0.01704108765830514,-0.011951562030042205,0.027418708539169695,0.03161316386019444
hsa-miR-125a-5p,0.07411931359512214,-0.010568674822341402,-0.014186504923664377,-0.13609892586086564,0.9381229409139465,-0.012896925685676436,-0.02175927865759186,0.02675808104978404,-0.09430906399776541,0.002052819779629708,-0.0008677217335699725,0.012355488381304335,0.0156543105976924
hsa-miR-125b-1-3p,0.12590785477834163,-0.014471675812115252,0.003106024427769722,0.007937803894390277,0.6882166957827787,0.0002221811710689246,0.024138546679701188,0.011275726321744697,-0.2114784264790019,0.0273227819590113,-0.014027626657802647,0.008831200445101444,-0.018732181653202187
hsa-miR-125b-2-3p,0.32021745457267775,0.0052476845968090725,-0.28091604387040714,-0.009818318639943327,0.28629005089643544,0.027091287954276476,-0.048688134067030715,0.06557771492361374,-0.01191373854948483,0.10797935788946827,0.056510626863037206,-0.1506337404426045,0.04908833684509224
hsa-miR-125b-5p,0.08771287467623612,-0.003042316455913784,0.0013439827609096424,-0.008209462592558012,0.9960646370209887,-0.01847686936885328,-0.022385616060575753,0.012467928189177906,-0.05555776051149611,-0.026464066639636224,-0.003927346342325921,-0.003582094619466952,0.015280940465330847
hsa-miR-126-3p,0.0863501215926054,-0.08541982034606867,0.10615684906425148,0.048453385818109894,0.9354304945723825,-0.02065203340529549,-0.018539743181967397,-0.00257634632633924,-0.02483535000715076,-0.04928991982730524,-0.015811597657283745,-0.0262143990387005,0.0477901987436465
hsa-miR-126-5p,0.04673653371418914,-0.017929213106495995,0.11171567364203691,0.01142971440566751,0.9365631475503998,-0.0072532615276343325,-0.01427250790682321,-0.002510375691177595,0.01987978957812002,-0.059299635975380204,-0.008986856160052615,-0.03975541556915704,0.05915191347029938
hsa-miR-127-3p,0.12166803159662284,0.1835247852913243,-0.02392600347674693,-0.08302047826436149,-0.8823704859075747,0.0378121140639918,-0.008950483547997738,-0.013821950082232356,0.2714383585816541,0.029106054372314765,0.016489304574334403,-0.0936632978178447,-0.0020567796004608207
hsa-miR-127-5p,0.023419525415871993,-0.002599832136923643,0.024850489596629305,-0.05180690462064036,0.9274745602359787,0.00041230137605003834,-0.018950607244605667,-0.0032381350378828605,-0.1011437167272021,-0.10425343068784332,-0.01374282519312236,-0.020026104834003626,0.14680913729204545
hsa-miR-1271-5p,0.12628563876710136,0.13556327831228734,-0.027525576741715265,-0.0378272204931108,-0.3602402198951934,0.014969152351740468,-0.037635145001758644,0.0004796672242345705,0.1530598325090051,0.016192465781305693,-0.011985170512237254,-0.017618462371801268,0.01711745596307867
hsa-miR-128-3p,0.0011549767858294168,-0.006498492130088338,-0.03316864067526386,0.02352678360351224,-0.9891305841443622,0.01249367200563269,-0.0007831734542415931,0.0027713951291117554,-0.0025510005437346947,0.11199630379811472,0.019177086116155023,-0.02059791365373967,-0.056379892952105964
hsa-miR-1287-5p,-0.006874423004957527,0.0699594297503204,-0.11922875355126901,0.011834538952168386,-0.899987550107822,0.04352727219532307,0.02371027950864398,-0.008522626654116152,0.01097733380755678,0.02968680900862196,0.013355614073460595,-0.015086549294746263,-0.034473392291435215
hsa-miR-129-5p,0.165474782946611,-0.08457292601131043,-0.005478080583422084,-0.30345995989657254,0.021770254949066113,0.056254123977846654,-0.113210858380168,-0.0013558931392363878,-0.04509572439821465,-0.015310200207336165,0.006351068090130511,-0.05607634931595576,-0.043765242826952905
hsa-miR-1292-5p,-0.037018576170644336,-0.0015378687438507292,0.005819484600372831,0.050208667530307345,-0.7946534063606515,0.007014323956110756,-0.02287792108173025,-0.01758103539206779,-0.008634765506199696,-0.012323488591855898,0.007180346407916925,-0.08247005935725804,-0.016824507159049765
hsa-miR-1296-5p,0.038588493458028936,-0.00136954738367378,0.0013248222307958343,0.013865705961781993,0.8600804300209727,0.006731706489981055,-0.010873384635252559,-0.03063872153385617,0.10726233172448625,-0.011486837103198195,-0.02201385469309606,-0.016781820642159787,-0.0007003456299482799
hsa-miR-1301-3p,0.0024968780178638798,-0.036418337951383696,0.005031630674468383,0.082398040071489,-0.9592083340595222,0.0190253446966895,-0.007236546266048695,-0.01327530294189921,-0.004500819389583478,0.08474779174471976,-0.0011444804749014316,-0.0334821588827908,-0.06918221765186638
hsa-miR-1306-5p,-0.028862771523914213,-7.408864128002116e-05,-0.019305287560747824,-0.004721219092742424,-0.9150049937545087,0.015771445775813277,-0.00683995483333948,0.0006873120808952406,0.013876180861630068,0.05813323917643971,0.009877264683105704,0.02289673989341865,-0.03857533074984993
hsa-miR-1307-3p,-0.045974945016548786,-0.07676409229060603,0.10666467760911275,0.017774136974346103,0.7144166548855376,0.007768821170328623,-0.01818516245480089,-0.027390713298928,-0.0038705982317615755,-0.018060342644171282,0.022589505941824628,-0.033752976333056676,0.008200904444884112
hsa-miR-1307-5p,-0.009454062068935981,-0.01444620224450978,-0.006711847566355328,-0.01605390192295982,-0.5744246860577458,0.007283477377818278,0.00016421557835008183,0.020559053904893678,0.010768153458458857,0.06495702031051852,0.010415933089859395,-0.017524974023677465,-0.00897042216761844
hsa-miR-130a-3p,0.10592989675982124,-0.014445497277261488,0.03277021367168246,-0.01466746831027518,0.6010859352216663,-0.014919605464531593,-0.015224204987233966,0.0328395477365537,0.06633615345482423,-0.041959200429905516,0.0025900686956259475,-0.14952016588286154,0.06454690875435563
hsa-miR-130b-3p,-0.07988029658731609,-0.4186071896914943,0.20339171832303368,-0.09685981632744606,-0.027287858315991526,0.014104140257799479,0.018326035498842312,-0.013867950251523792,0.005261858278795143,0.03212612147052695,-0.0301205387685737,0.0005572585125248933,-0.03690187838393002
hsa-miR-130b-5p,0.0008495879663682766,-0.20709639853481576,0.14005905905428148,-0.05513361234895849,0.8471640458663918,-0.006644639588578811,0.004794840882383068,-0.007701344933835429,-0.04466183768815307,-0.016762044702585622,-0.03731603772460948,0.01650072721605699,0.02505244934374324
hsa-miR-132-3p,0.09981967709172093,-0.10072880294534495,0.13812690760394736,-0.006014775376733928,0.9010325616867367,0.003162111772152164,0.013405750107973971,0.002557448906620779,-0.03021672483893912,-0.03466646574115187,-0.01596520942319167,0.005634520705142354,0.026687063084681297
hsa-miR-132-5p,0.06802740069965278,-0.020406823063727604,0.043384737074100045,-0.0011871496123756135,-0.34815174640006713,0.01581330794121871,0.06260310048318624,-0.032605026319823066,0.008133151044399755,0.010707782154979535,0.006699994617111716,0.007731136189542859,-0.0009338868466771424
hsa-miR-133a-3p,0.08722117001023742,0.010498759851079346,-0.01530378534288205,0.07835903235454202,0.0011346158069968737,0.017598349625799523,-0.03142696175930289,0.0163711659489347,0.07688964636688063,-0.0705957077222861,0.01935010614783393,-0.025757236806466282,0.0006762499535269114
hsa-miR-133b,0.013375686868661408,0.01016682359289727,-0.03693630662524591,0.028258169805105957,-0.9360858980649746,0.041779227970559656,0.013510285123506474,0.006487385178608593,0.1529031734204048,0.004918244993395975,0.028873746331850948,-0.007835650078481495,0.003770447858849359
hsa-miR-134-5p,0.09969738707076824,0.002180524896073197,0.07807863070460853,-0.021585424241828504,0.6795591398508019,0.0009561332436181913,-0.08485025236311913,-0.0023272571996685817,0.042656703889679105,-0.1322628584629347,-0.0116838900981877,-0.03861971760235686,0.0038018519805741655
hsa-miR-135a-5p,-0.008034812622835726,-0.032668973839691376,-0.0010021500385719905,-0.02336391130261509,0.9694068423125147,-0.022420749547365806,-0.05260481214949801,0.012758554953228933,-0.02965276003714139,-0.03814382829808314,-0.00012127072462557166,0.003771474645578528,0.052695815775931756
hsa-miR-135b-5p,-0.034252285944564496,-0.125242566826195,0.008931712378049537,-0.013683298479400328,0.8571446393851616,-0.05730496509222808,-0.1695992793503912,0.00970958416601721,-0.012479510431777604,-0.05925639235339742,0.003880920053393681,-0.03560273276659116,0.11766201242269557
hsa-miR-136-3p,0.06916063090219192,-0.05606333221480909,0.007087494448440786,-0.03306457340088902,0.5053911507103632,0.005009536922536626,-0.003992035821231438,-0.03188829136676491,0.03175473893334905,-0.08259864864759162,-0.015589426206794434,-0.047513545047054975,0.061791550284918256
hsa-miR-138-5p,-0.005075587442646312,-0.0015740253543191625,-0.07178105825812856,0.20929636497525536,-0.46005714256485025,0.011698127076774003,0.08378774926451252,0.006063118572526566,0.22068629221239208,0.009921684379843476,0.008495822739939643,0.013399729145027484,0.017186040050645886
hsa-miR-139-5p,0.23590088516297852,-0.26085397059315435,0.021687722028583115,0.2554748761074112,-7.555505226499943e-05,0.02716501643322365,0.04868056347392611,-0.01229476817720881,0.004343952090066451,0.002554837182639139,-0.011523800346541359,0.026409686133245475,0.021573162814159524
hsa-miR-140-3p,0.1623169464596919,0.005481672527037087,-0.008970200433065113,0.41119618674754105,-0.8044488944587741,0.009974012470762366,-0.040974366645164226,-0.010503332436983821,0.24940691073303795,0.0030061556187804916,0.0505388431099105,-0.05883054851394911,-0.04131044977079898
hsa-miR-140-5p,0.06595690376571701,-0.0647804432856387,0.09621756861466549,0.1125483641605572,0.6375360791808188,-0.013732132774352175,-0.1041155054245893,-0.009278593047314885,-0.03847445667188792,-0.030444080016804518,-0.005845886273723359,0.0005048216551839553,0.025484139043621453
hsa-miR-141-3p,0.0006774144588377201,-0.209487520421121,0.002945734323339393,-0.1574239867436653,0.8156488580323589,-0.08202812983717266,-0.14663290942003146,0.006486841465536621,-0.03140138126916401,-0.0433645993051959,-0.00018948622639361256,-0.0062402119927591594,0.010490897056116257
hsa-miR-142-5p,0.01952324675416845,-0.051869261055958196,0.13968430907422627,0.20359386307586452,0.9362752220709084,-0.004969905750848724,-0.03179547900744763,0.01064340227786981,-0.02043191714031267,-0.02669384320449085,0.005290420236589559,-0.020931454891146523,0.026540509450671892
hsa-miR-143-3p,0.058647202906763965,0.02365280070261853,-0.020322732598047195,-0.007817799352735544,0.9254771304721221,0.009458481486056748,-0.08649434374211801,0.002218517208919208,-0.04331823954826168,-0.025792448588604553,0.007037566877363142,0.005468950362119615,0.03371897655245548
hsa-miR-143-5p,0.013906475550839799,0.005621682847746904,0.03431077653439987,0.005259181333172511,0.8662033576883477,-0.0021220438564755672,-0.048736623727493045,-0.01481294767731412,0.05141686614553192,-0.0849058363505729,-0.004295358282890777,-0.009385326398131362,0.022194747603426414
hsa-miR-144-5p,0.06117658250257849,0.013150759101973514,0.16245784057745707,0.24272970718732867,0.2949195511990502,0.04816582920491011,-0.007466220701827538,-0.0258637281688259,-0.0739025640431483,-1.2495039947121445e-05,-0.0005988363951095868,-0.04164725002723399,0.020331287845020495
hsa-miR-145-3p,0.030626197177827608,-6.242352383065181e-06,0.0031248957627878562,-0.00933229976284367,1.0209643988384118,-0.0009061479224214807,-0.035367880635182085,0.008176256613484076,-0.07124366127903531,-0.026398940740867093,0.01897633575121692,-0.009212231247701002,0.023787272271942786
hsa-miR-145-5p,0.047143256483126984,0.008646651926088413,0.004178149809792024,0.006520070233559294,0.9821196018841494,0.010511400486907008,-0.05741736582286869,-0.0032346575994494247,0.015082776236423984,-0.044887101284871306,0.009804416776847487,-0.003931567594875244,0.03351966118101202
hsa-miR-146a-5p,0.1220356470469381,-0.038416619472118184,0.044470810597420425,0.5115940893373361,0.5466443627302707,0.00016712249292507534,-0.15590159816080654,0.003897746703894908,-0.019250347921628764,-0.02781975385226205,-0.020992005289186242,0.002996309154135073,-0.10865099237702722
hsa-miR-146b-3p,-0.001071083320472253,-0.002575698845228211,0.3070427222391106,0.03314620940589577,0.4162916901306031,0.008727227040262386,-0.0048327081430321545,0.008089492490691132,-0.07499141689860159,-0.015205334795606306,-0.03880541392386941,0.047314207576161296,-0.11376584140754138
hsa-miR-146b-5p,0.005311203645569584,-0.014438435111366313,0.20149408312207304,0.03677794105488712,0.9677798624407806,-0.003114822757013585,-0.02004148952729923,-0.0017343626319444338,-0.036056417073288764,-0.04030755220522019,-0.0354208141190244,0.0019096263767597987,-0.020473620841231725
hsa-miR-148a-3p,0.1185079235818672,-0.3024208429917091,0.07888936562449658,-0.18983455108521913,0.73035868469919,-0.03345323588551779,-0.0049454309301735664,-0.0055009440726964025,-0.021812004294102197,-0.05448618133822773,-0.017143845169299406,-0.010235739902192568,0.0473450168943129
hsa-miR-148a-5p,0.0599750094929515,-0.25489803521341714,0.020435302241339843,-0.19363840999848592,0.6474392652512989,-0.014989000162771006,0.008403028838582668,-0.004909928822501465,-0.06484458147618728,-0.0036853904847506396,-0.0317149532872314,-0.010589390294080119,0.09673083289021278
hsa-miR-148b-3p,-0.00218666210696022,-0.085643761785529,0.08673561914476315,-0.001744892283267828,0.9597522765910786,0.00982335655373724,-0.02603630475003383,-0.0007645675505907422,-0.019783723477219725,-0.025312448422077524,-0.01217273067750867,-0.00812289872885263,0.013986395002794924
hsa-miR-149-5p,0.05123186115127368,0.09911831610953149,-0.08844451240877926,-0.02232504223036705,0.5321813577818694,0.004379533476205831,0.007488357054483301,0.02308260242170126,-0.05260150267249898,0.11699524470649857,-0.029360564801493287,-0.035696223219960264,0.023192068880951978
hsa-miR-150-5p,0.20449606693046019,-0.12002199574075198,0.03233809032491715,0.406541011088998,0.696891419832224,0.0019035005789199235,-0.06298395986887814,0.03754918365870893,-0.10385658432764949,-0.015435143122995317,-0.01874012754426981,0.01134232877076443,0.08989917333724015
hsa-miR-151a-3p,0.02139815825144937,-0.0326391956151831,0.009021446316611625,-0.009757575479420594,0.9812977738508727,-0.0026064552830528205,-0.005610565303228858,-0.018154123159833373,-0.00435229343839517,-0.02290351455104055,-0.017250877828901053,-0.011314718254286983,0.02606768521055216
hsa-miR-151a-5p,0.002594209895762376,-0.06647267944119294,0.018304844035269732,-0.018963685911410986,0.9831364865731304,-0.0023132671218835327,-0.01695379142589899,-0.00927612584307684,-0.12666259158830268,-0.01631841219725339,-0.007834619964984506,-0.003847430537693669,0.019891313317886596
hsa-miR-151b,-0.003114374361741813,-0.007877765287737872,-0.10805088252051089,0.002335464423814835,-1.0272597669616006,0.0017201091773726225,0.002036962591339073,-0.00865363540457425,0.028334602334448917,0.06275364710772341,0.02095045413623944,-0.0015084443519894268,-0.027246773405347167
hsa-miR-152-3p,0.10389436651320282,0.11677901118936376,0.0157916743588156,-0.011217907992146727,0.91461678222241,-0.008585480676380533,-0.039715156145341796,0.00030815881990323444,0.020882567680768665,-0.03176086820503014,-0.000894747202305901,-0.02134904004342285,0.049654854268065644
hsa-miR-155-5p,-0.017756739443492337,0.0026425068576408374,0.2242013587289848,0.4734217138591119,-0.7056253117973817,-0.0004997060482632898,0.013129743951598669,-0.02064012354835151,-0.025447345127889202,0.015118950329330824,-0.0025017128175182615,0.013114009533030142,-0.10803804353277463
hsa-miR-15a-5p,0.003126055003200507,-0.12809095115398997,0.23380003246763761,0.280558688582767,0.4947709575735853,-0.03341260178446227,-0.04946699358685608,0.002672242907732476,0.2567075920942089,-0.013836573760649158,-0.025623476492915263,-0.05411140168058132,0.023058468268207268
hsa-miR-15b-3p,-0.02083255748295022,-0.0202152815547258,0.12846557943602496,0.11193868795107906,0.7503860832947044,-0.07746240645960283,-0.10229608550966003,0.025536707396178703,-0.023687479737990416,-0.06117471774009738,-0.0030722897036200214,-0.03202059893086373,-0.05133705968921364
hsa-miR-15b-5p,-0.11518820704269828,-0.14185981409412368,0.14774793220240706,0.36673014695258316,-0.7873667672213077,-0.03163914271461441,0.0052603805631995315,0.019916529987482643,0.25336269792557853,-0.01402173658970253,0.0023168240611617427,-0.053549018379576596,-0.052369521551203634
hsa-miR-16-2-3p,-0.15229923464140752,-0.16735641559103281,0.17023500591758645,0.238182554176296,0.6289008696281039,-0.017589722272470583,0.060164377122690404,0.023737627890486546,-0.012257594112673307,-0.031291255136249016,0.0006935708913101928,-0.010586150608327124,-0.015236670397353037
hsa-miR-16-5p,0.0026473076128791092,-0.03599342420160744,0.10851652836743107,0.09676953938010947,0.9847051802109421,-0.02564581058936751,-0.020787364948616355,0.015347938432282665,-0.05098025249677917,-0.06280210116792931,-0.01793419809978719,-0.010575080929729922,0.021527446622152665
hsa-miR-17-3p,-0.006869089327754129,-0.23720029679130328,0.03125190020210654,0.2405881887959307,0.3688766318308151,-0.016115946705451877,0.0007129681940511111,0.003224976028778005,-0.11035529829346093,-0.015084447280782202,-0.03309798079636913,-0.0038803814506887225,-0.05896542633168183
hsa-miR-17-5p,-0.11058207970637372,-0.245365713218643,0.18638837398788885,0.2902710428246927,0.6306400850114543,0.004095650918408393,0.02424559464497918,-0.00637627452003796,0.021182564001724562,0.012462244525308532,-0.04893654581942479,-0.06938348391627899,0.013528597535568457
hsa-miR-181a-2-3p,0.01618115720565602,0.0025360386898042224,-0.09346833281534626,-0.03588451656917176,-0.9139728398628878,0.020323426481983844,0.015636260780353708,-0.015501474851732092,0.10193528586582745,0.0391853341029648,0.03197491566374053,0.00982219976893936,0.011290750164808799
hsa-miR-181a-3p,-0.023611551505559738,0.00975846270846165,-0.01261016575763698,0.0065343599586938,-1.0066641690675042,0.0019627592716511782,0.022415469064494934,0.006684347528227289,0.02285860094292653,0.02599298213408532,0.0245787397554407,0.01660770617226525,-0.007146317720892086
hsa-miR-181a-5p,-0.0239823195177651,-0.029124588702173965,0.03355826214262326,-0.010572678490455935,0.800848018799654,-0.03043714440032408,-0.00869564432121235,0.024710848412150113,-0.0454597665343318,0.008029880688618398,0.010686848886653931,0.0037354228236578485,0.02743343029496146
hsa-miR-181b-5p,-0.07302210326898118,-0.003667286779405668,-0.005323292636907845,-0.0033405159932684706,-0.9010605744361057,-0.011518161998272169,0.014701754462991249,0.005223345915064307,0.10223449127931424,0.08502403851707221,0.054357672650297,-6.064192032548819e-05,-0.004245498200428499
hsa-miR-181c-3p,-0.0006846213906232702,0.005389184183359236,-0.08219536723233788,-0.00523482755579325,-1.0133159013210151,0.012093241975662566,0.00788373410460157,0.002095454590658473,0.039132465086934985,0.0435692620629884,0.020838357924868798,0.009927420631989047,-0.022542713142486993
hsa-miR-181c-5p,0.009931333573682043,-0.024044659800479286,-0.05523191107237831,-0.020742417663407217,-0.4669079760582068,-0.013215816156952373,0.004333563370173677,-0.011613326873388953,0.005432420133428492,0.02339017672092668,0.011976242044413622,0.002335268401033601,-0.011710872734328985
hsa-miR-181d-5p,-0.048916069936674994,-0.040631259636473335,0.07161103848015983,-0.01683166484406133,0.6512921168247378,-0.03954597925396751,-0.02067227910987304,0.011367161990629005,0.030925755033961725,-0.006682544873766048,0.009401064032940304,-0.007573471799463253,0.029390908091011244
hsa-miR-182-5p,-0.16396241881874754,-0.2261494950479521,-0.006557508095855098,-0.10236189943640525,0.013178808692111738,-0.014907013321194387,-0.00795822243408054,-0.03285595122482722,0.24772297912687222,-0.03232256535439303,-0.061719381521699306,0.04858562397437323,-0.06040266221643853
hsa-miR-183-3p,-0.16605593150159284,-0.10302602683487005,0.001423932771748178,-0.08661508060629083,-0.0036276719042961096,-0.015395226412209638,-0.025693618597688487,-0.02289366349719372,0.014698949028459102,-0.046732103539183834,-0.008568618555718008,0.01987588005902645,-0.08571673657104202
hsa-miR-183-5p,-0.08169849869300576,-0.09993215201200682,0.02166099251928149,-0.04283999195985847,0.8912621831195631,-0.020996012552486343,-0.036524214858603646,-0.018295753541954708,0.036657638790521585,-0.09289720520210101,-0.0485223078220584,0.025625701409879638,-0.012116451180492838
hsa-miR-1843,-0.0001640003745317465,-0.010267902325013538,0.006393844004920632,0.21546059178831753,-0.19600895124005527,-0.03354204690679936,-0.10268527965166577,-0.02001144479834842,-0.03753836928267904,0.036450463433583234,-0.02036433228933424,0.0378209688635616,-0.07614626386768827
hsa-miR-185-5p,0.014768687995737946,-0.014423846092623675,0.13740536820936747,0.024212741530553087,0.9535512830081082,-0.01835536026060061,-0.05221732538413687,-0.0007794675175594288,-0.17687346582048458,-0.013510131952413497,-0.01600317130590127,0.015337542859722435,0.00048620792888753856
hsa-miR-186-5p,0.005581205191937788,-0.12594645350009395,0.07928556432442417,0.08141554678440407,0.9555968593389049,-0.02113764362891722,-0.04067270633052767,-0.0033258232960352184,-0.11518269189334639,-0.02114594359550709,-0.004949304041548819,-0.002438231970270057,-0.014457025962742277
hsa-miR-18a-5p,-0.17186205161948184,-0.07590252700806804,0.017213305207034832,0.1592939981590871,-0.6753789097514983,0.006428176107617144,0.00933557432037108,-0.01028816632576294,0.004900102776460522,0.09428275959643724,-0.021324478103453115,-0.04253971676047994,0.010192551484221305
hsa-miR-18b-5p,-0.14456565611205865,-0.14846896249591376,0.00471227706355283,0.11496086947609643,-0.7312583113526259,0.010012812679841573,0.014827559902945464,-0.01690149853641863,0.011928734046314964,0.11215344440324983,-0.023523810262032156,-0.011212530948471107,-0.019219394497631707
hsa-miR-190a-5p,0.011758820218224369,-0.11335468927734639,0.0053720835288337205,-0.03192886021853716,0.5345491379822319,-0.005430809510614987,0.001085266816270851,-0.009841566388058894,-0.1441002987946764,0.00010562027915189898,0.003610955960574016,0.016383151496846958,0.08758870329683655
hsa-miR-191-3p,0.03308095531128781,-0.001846012087745827,-0.020666120446105028,0.1838459792156562,-0.6700577040332358,0.02347860094992176,0.0097783767264781,-0.004760176250657021,0.0508634360271642,0.02187622444381099,-0.010894082947428147,-0.017067574945384734,0.03533229335454098
hsa-miR-191-5p,0.003099156930688109,-0.0988032026288673,0.08927176525217563,0.02847466334949293,0.9760343767404045,0.003504584435617457,-0.08387553750060628,0.003877821325255241,-0.08034389101096875,-0.06057231014782797,-0.01896302863755544,0.010526131334153236,-0.001330009494681967
hsa-miR-192-3p,0.01333711520439224,-0.24753012682421666,-0.16130805131833983,0.0013119685171463676,-0.39091730693879967,0.011777777598118487,-0.29388388249639147,-0.015813828156784136,0.01430292512443339,-0.027960530893207273,0.02156348813808332,-0.029411478407226042,0.003702317470481079
hsa-miR-192-5p,0.02678767241898761,-0.3776665627155699,-0.22011620272058482,-0.002280640434607641,-0.05503696443831301,0.012895243135097467,-0.45886952170044054,0.0158394436185097,0.027667789036855114,0.08915978616231907,0.019172327293476617,-0.08008121396352046,-0.043935147759546524
hsa-miR-193a-5p,-0.005070143928284591,0.028561331889047477,0.12589732420453503,-0.08474722043096279,0.6782804659470406,-0.020489594396524452,0.03686549382633845,0.025489292640111353,-0.182405081219839,-0.0028098828224440695,-0.009203475621251593,0.03545035565835091,0.030870688188570337
hsa-miR-193b-3p,-0.15295349821851573,0.28429031223719115,0.021444115605645006,-0.08280748887615703,-0.04340696674938719,-0.010279090587384835,0.2385969817758044,-0.0024270898655914088,0.24590967107450956,0.016002012002447705,-0.018399461570882947,0.025970194287917817,-0.001463925859047656
hsa-miR-194-5p,0.004488363727472351,-0.24880766159794535,-0.07607847766465692,0.0076251122199691495,0.6084968040846778,0.003958009924665749,-0.3171090801672012,0.008470824679166818,0.003211962820408282,0.061936404602579646,0.012652210941922055,-0.024990194468541598,-0.02607440091565416
hsa-miR-195-3p,0.12913263361904456,0.08438132121493493,-0.12265806634846159,0.07551664982984826,-0.8957676476488079,0.011024921279746126,-0.03960727335816016,-0.0008796479359677265,0.039954371154361686,0.03741941425748375,-0.005198780769424767,-0.024180510465289906,0.0008342265589767263
hsa-miR-195-5p,0.024096599255423092,-0.00444694304692638,0.03156925768051275,0.0016226616738352403,1.0169805909968554,-0.00860843395788153,-0.0195401130320699,-0.00032391810366926113,-0.058192106310631,-0.028686466199877816,-0.008095723048877004,-0.002497503814205555,0.02879818492667415
hsa-miR-197-3p,0.004952985189018965,-0.0052349407852581836,0.0850622775414433,-0.0003664743647729491,0.9981517047117412,-0.008454504041119266,-0.0411434485452316,0.006019560300801575,-0.03973094527381746,-0.06601633495695608,-0.007186663411514665,-0.01882264517900276,0.003671490687827881
hsa-miR-199a-3p,0.05505819489108548,0.11220306368705883,-0.10767543194040173,-0.0005572105040465249,-0.9828221770130516,0.010088843327193408,-0.004853943645023159,-0.0011494452597488815,0.03868049306719885,0.04340648446080555,0.02732671382134946,-0.041770991304376164,-0.02191897501088506
hsa-miR-199a-5p,0.19505510663173128,0.22136585583534693,-0.12027861314012031,-0.011198927207372558,-0.683448188688205,0.005770213221888005,-0.0382315171160729,0.001983374373091661,-0.00176698792823597,0.07631286272311251,0.05339484644103782,-0.07177288111949272,-0.03646984250591686
hsa-miR-199b-3p,0.053796549632657086,0.11051347616008528,-0.10697225364505084,-0.0006870261506047967,-0.9826947101363026,0.010175479861850639,-0.004418143577714797,-0.0010552355562229961,0.038255695214975766,0.04484374363745267,0.028657134174256842,-0.042302018639087495,-0.02133695772158226
hsa-miR-199b-5p,0.1546189118164261,0.03919888252752151,0.00724357939843046,-0.030852628847984932,0.9173709230042552,-0.010333177634693172,-0.09473509882250727,0.017792798761919186,-0.04870148459723223,-0.02725742535213076,-0.002239768526862723,-0.05372707285872703,0.025135686153996067
hsa-miR-19b-3p,-0.00370314060674759,-0.15331877312255007,0.14565239833768676,0.000464989730575693,0.9220720978216216,-0.016311321834778823,0.0088698290983407,-0.013140065169376637,-0.004682188927438362,-0.021355350408355078,-0.006684780375639289,2.2289961238984642e-05,0.019281795298875744
hsa-miR-200a-3p,-0.0644462636432524,-0.4071743534591719,-0.18833633109509157,-0.33751814171466993,0.2788624799351586,-0.11526578421997921,-0.22808797425733657,0.03256986891945244,-0.03301877036928688,0.0795001291275838,0.013497876534660702,-0.01186241767966207,-0.03901782005747715
hsa-miR-200a-5p,-0.028652837848112,-0.10469954852961182,-0.0030438589334955673,-0.016026788469900417,0.9340149860379047,-0.04275924794363827,-0.16253347553232045,0.014359641561931643,-0.038384651062676356,-0.027920916226398203,0.007342220045091133,-0.021879656514782943,-0.01077513628529747
hsa-miR-200b-3p,-0.150564209256,-0.43510044929470565,-0.11307358451794967,-0.21960935942593798,0.03335102732278183,-0.042060523956431034,-0.35457540259384546,0.009211433002539791,-0.019840377708548396,0.06094797721649886,-0.01589066833625065,-0.004797033358651622,-0.14017074237718094
hsa-miR-200b-5p,4.102001837073025e-05,-0.14954381204082795,-0.002279038081070322,-0.018226693692590255,0.9357670998032687,-0.030004748592044928,-0.08494137635326456,0.014821244581311536,-0.10345143274429776,-0.0037255840296728958,-0.004312193896330424,0.001317778384296646,-0.006222220391653745
hsa-miR-200c-3p,-0.06832191201082732,-0.25527643942873135,0.02468064780729718,-0.21746580178411357,0.7992173337065565,-0.0019382114513475605,-0.006113816496971319,0.0003216731408827569,-0.0466539680463306,0.05877379975222218,-0.0069335766976127925,0.016191314421347254,0.11969605816488676
hsa-miR-203a-3p,-0.007725462202431937,-0.009881913207764293,0.0019171475154913735,-0.007146726641674517,1.0208220258499627,-0.011310091928892468,-0.014275498879427544,0.0018106900924883182,-0.04093587360547567,-0.024712709300138552,-0.018111727226290897,-0.0005466837336620314,0.05205666508839952
hsa-miR-203b-5p,-0.1616162531012666,-0.017758265002341473,-0.24202754921787292,-0.0194905796287854,-0.454701317877415,0.015786808453867467,-0.037794227054318244,0.004718922862714659,0.019767958477341124,0.013753725434334367,-0.007693847574295626,-0.06334675166716221,0.004403106510299071
hsa-miR-204-5p,0.1603479597269468,-0.1143157483288298,0.016241383694495393,0.002507216483386502,0.7299083871670445,0.014565243177113439,-0.04614379189747031,-0.011577288131567678,-0.006062564365366535,-0.03209179958656392,-0.01605664823838521,-0.11927606062837881,0.029685910653146817
hsa-miR-205-5p,-0.14642038084933154,0.1585047367128522,0.062030073098393444,-0.1328025759791578,0.045050509859253886,0.015419909476841397,0.22170694971579985,0.0023824918075110463,-0.007128791097048453,0.0874916821341988,-0.02231233779929605,0.005752615467574932,0.017434890981262042
hsa-miR-20a-5p,-0.05441201396006533,-0.2312250985192194,0.1355372619897369,0.19353806440476584,0.8213906089011562,-0.0004399447217891615,0.060726263463813435,-0.009366983333554638,0.01621214979301565,0.004260529234295093,-0.04962051642680723,-0.013190136702104553,0.02851184919529574
hsa-miR-20b-5p,-0.0015326520521956157,-0.11061905446719719,0.17075343156339703,0.24830137828659973,0.6740729829051313,-0.014620414625269123,0.05679524865693515,0.022363068169269557,-0.04758520996908245,-0.07156805648883414,-0.018977502303083805,-0.01959527792874303,0.02745262844632979
hsa-miR-21-3p,-0.0833850229948243,0.12794985912432907,-0.0018311017067718814,-0.0024964487385799143,-0.899309401807331,0.008732812695318184,0.06710696475213676,-0.0032561182822340635,0.011664952766012888,0.049160200138339515,0.012328648539299655,0.00014868014689533242,0.000937626952955257
hsa-miR-21-5p,-0.1776173884404594,0.23167177888987706,0.2317042398713488,-0.04589656662119668,0.6809010033449306,-0.006455539423060168,0.024714834587892268,-0.011749542623717784,-0.024779923658970828,-0.06156359776264101,0.0003007055505582924,0.03969141603233224,0.1282106545716165
hsa-miR-210-3p,-0.29986872803728654,0.2595994505033834,-0.009148228340533419,-0.23453468797615723,-0.06599453262267227,0.020147397383753565,-0.0013585691233952886,0.018457672149875242,0.290405954779392,0.003645530534942889,0.0033278376571550094,0.057456964427719213,-0.04799083559638812
hsa-miR-2110,-0.002661250585910066,-0.15299035128504537,0.06197930855920114,-0.014345830424981425,0.6139038512875871,0.005282631440071475,-0.04001512531357882,0.014231707064681692,-0.13750805343465433,0.03886086756900807,-0.002097389943002182,-0.031743122797650396,-0.022947357140569086
hsa-miR-2116-3p,-0.005456455628505211,0.002933651666735879,-0.04158516524494381,-0.014263790629907395,0.010857691411206087,0.0009067719562270332,-0.07236476408281595,-0.0034195686967442044,-0.07969882191390798,0.02929984023674677,-0.008681647305776414,-0.005273669135079426,-0.00226775599955916
hsa-miR-2116-5p,0.0009416122033280505,0.016728563829575657,-0.03374183028544621,0.018485406402819652,-0.8654000750298665,0.02393566631021608,-0.03917501471008382,-0.009740899315474973,0.01627116812049973,0.04508187170015527,0.017021269304055058,0.012546686839749487,-0.017306119553546308
hsa-miR-212-3p,0.04314758668887751,1.985405600201551e-05,0.014304829403149626,0.028442851015960512,-0.9429568937327639,0.012339027888012949,0.060975006007301706,-0.012920223039845547,0.170179197388489,0.0092265525195942,0.0293326551570874,-0.02389632789812892,-0.004597814177537407
hsa-miR-212-5p,0.10418339165171005,-0.02146755598034379,0.13849748200486345,-0.006703757988723107,0.7017408098767682,0.0016463206072571583,0.007516442335261266,-0.03030047674351664,-0.0020410956599806527,-0.012980015008848647,0.01241493258997182,0.011736591976896854,-0.017676541030721346
hsa-miR-214-3p,0.11990440410492013,0.010936458818941695,-0.00018115557371242109,-0.04879904471249943,0.8769983142365457,-0.0048876173166814635,-0.10364905454513786,0.008550555773689156,-0.18743199531008203,-0.003781233096481424,0.012281205252503416,-0.005777579022885772,0.014663137415393854
hsa-miR-215-3p,-0.00404234213127985,-0.12396338441794695,-0.15032828968726583,0.03225413903613773,-0.5319813061741956,0.008146164112874959,-0.11054608099094049,-0.012405431086306632,-0.038780956365590466,0.2407831013503245,0.008402190179786526,-0.015492980366247924,-0.028853465801922145
hsa-miR-215-5p,0.008831886876010943,-0.2891297260326553,-0.22948021874578142,0.008861137254119448,-0.6673566374811954,0.004275716896425109,-0.4078980171595787,0.0040663928193476525,0.04539904861875993,0.19520712145322527,0.023822882241300396,-0.14446628795802793,-0.06420274544346011
hsa-miR-217-5p,0.16340002627427236,-0.36450447485504567,0.17700109201155098,-0.2600484021605692,0.2948989436199367,0.0002057186165499299,0.13534975995583554,-0.022989215313456126,-0.024525481104042603,0.009447676212853232,-0.01576997330995604,0.01825239899296277,0.040115455378329626
hsa-miR-218-1-3p,0.09098300425168232,0.011218231802119281,-0.07784370558826732,0.026583976251297853,-0.9364695119965408,0.008508662688795703,0.00881462621565853,-0.006894407787893467,0.026523921767921337,0.03150422791959677,0.01831052520831302,-0.011177491126515159,-0.021487637862201127
hsa-miR-218-5p,0.21108518555506608,-0.11263366417138274,0.0014940741919846677,0.18624327450582964,0.6798078171657356,0.0035744924033524654,-0.002484697633461641,0.002116723859792024,-0.15851779911060448,-0.029171400845706758,-0.01813287485433582,-0.04010819045404731,-0.014675812791065458
hsa-miR-22-3p,0.014379190246188915,-0.0009924553990079017,0.07304231734991504,-0.0025460316834172592,0.9924857146050515,-0.04109545357758773,-0.02316736964281571,0.001388449102088391,-0.06588368536251854,-0.026567374976634663,-0.016101150488978255,-0.015393345940764141,0.04487929984007435
hsa-miR-22-5p,-0.005151853383973557,0.20414985323459778,0.23042789576265027,0.0037263858336443723,-0.24543775416529573,-0.04969017601103241,-0.022080554404371403,-0.004077102801471544,0.12908607669902003,-0.027915145463127095,-0.010836511366922565,-0.04903942130070215,0.10377163805183974
hsa-miR-221-3p,-0.2534205943809514,0.14930933879222238,0.007340821007561042,0.03841135156439498,0.6643837239351298,0.002996740602262719,0.17987314614260377,0.06604492390566201,-0.009290785456977027,0.0011041218052612284,0.0003604447306269006,0.06518465976888073,-0.004770357167456015
hsa-miR-221-5p,-0.06501850178169764,0.0021069977588565854,0.01732276541508292,0.009310382431540762,0.9390492138823927,-0.018440983745083964,-0.002570400587887118,0.08462631020823412,-0.0152670337654057,-0.027894116555589817,-0.008744072063660988,0.020683808205892978,0.021799658111785216
hsa-miR-222-3p,-0.23082614652432304,0.10586620426317922,-0.014717694064314418,0.030547178207678546,-0.7101186150828356,0.026344050817893174,0.19443908298018392,0.03863306941926032,0.0033109468001568144,0.04787683808711542,0.014423794071278527,0.07979659526952312,-0.03878905577323488
hsa-miR-223-3p,-0.07168188643009402,-0.07632894894027685,0.5673117141820356,0.1546202782090632,0.3046811863311428,-0.0011200953628504684,-0.33626845676983347,0.002436035077726235,-0.004171879408431701,-0.08362700830315437,-0.034891330670545014,0.01374862517038229,-0.05391159571508172
hsa-miR-223-5p,0.053102751084975884,-0.0082717531405323,0.23412950536306737,0.2850972519456056,-0.7070398931656191,-0.010449169386342686,-0.10017448388241788,0.03349314884540091,0.07340716406871929,0.035267883288973026,-0.03188516001654267,-0.045014066382019886,-0.03256791198858051
hsa-miR-224-3p,-0.0017392640141389007,0.03784038442091343,-0.042944180608577825,-0.0049831187191379436,-0.6588987390559815,-0.003871852697352094,0.006488079318644541,0.025453134501829445,0.04580462696429671,0.30291424720015364,0.024518093545083063,-0.006546875620350328,0.06156354460933499
hsa-miR-224-5p,-0.12621771267803045,0.003585738643259611,-0.024451192403425095,0.006403990120902187,-0.7687254578060687,0.009732184380280775,0.032440792135476904,-0.0012294966943084198,0.029418474412647156,0.141958839924915,-0.0005790413018157252,0.013512534153042549,0.033063476225274474
hsa-miR-2277-5p,-0.0004930459671317755,-0.004756114509056552,-0.049637479857237335,0.0033313665018926968,-0.7931313738667397,0.006990913488239785,0.01436812039155368,-0.01930269194005414,0.003593171084837369,0.00796493194300404,-0.0044120836792557695,0.007939937599938413,-0.0017051357265438147
hsa-miR-2355-3p,-0.025895002212203262,-0.0005684101815990511,0.07277283805325838,0.050015822964760884,0.7348711819077655,-0.022278818969461992,-0.017864771571746263,-0.012820247005222583,-0.02179927024337719,-0.01828443782243322,0.02257192308365536,0.009079010220494371,-0.05907679613518848
hsa-miR-23a-3p,-0.03093309906829333,0.1955833542369817,-0.13770507886004946,-0.009791264366320033,-0.903487251474909,0.005074934854195382,-0.00868629239996357,0.002477523672486068,0.0912424512577611,0.009758750084281094,0.018001917738691826,0.00423745406277487,-0.1305647302726956
hsa-miR-23b-3p,-0.0018457419107715768,0.16078191723256063,-0.16179977260352335,-0.05120482753492396,-0.9462962480356109,0.005186244367680169,-0.012630968163898273,0.003736852122327392,0.113884465493311,0.016799065542458802,0.017300277197857487,-0.01700742261429017,-0.1429079802905555
hsa-miR-23b-5p,0.04107028474083401,-0.02514916695600105,-0.009638008414856859,-0.16333054984529044,0.7526849622621504,-0.024247934046771214,-0.0028790887025229458,0.01986529476492448,-0.0005804051023585434,-0.028438308213344855,-0.012280094079017251,-0.019514241801531357,0.013542140191059022
hsa-miR-23c,0.028998409222521154,0.00920130136797307,-0.045073742849814136,-0.2402654648995031,-0.11277774074328072,-0.05228396194486462,-0.14575062795414262,-0.006926382104258028,0.5417654250281111,-0.04752970285974757,0.0028331349089717973,-0.013912598649581085,-0.0400706072629726
hsa-miR-24-2-5p,-0.0036602535108340157,0.07472870872316832,0.00668075970203677,0.05312300242944572,0.515674418758964,-0.022459219703036264,-0.1849668774999109,-0.002125638928426913,0.1068915338737949,0.011626639461077542,-0.026545055505213588,-0.00212581039680426,-0.010186708046047512
hsa-miR-24-3p,-0.03894066982964307,-0.00663594310009469,0.1510528451108353,0.008067481772827286,0.6899979417336056,-0.007820274708938726,-0.024242460349967646,-0.013126756793630543,-0.011456800931743947,-0.006473562725649345,-0.010794853487283457,0.004489643942268678,-0.02690809773225591
hsa-miR-25-3p,0.00635417884937373,-0.13155596646353718,0.06581702861010812,0.15922433670661515,0.8742205699149626,-0.0098997796709622,-0.014565563231228549,0.00284926119335455,-0.045499677200739566,-0.009313870246315302,-0.008597711544905094,-0.015975100207535425,-0.005678164061964992
hsa-miR-26a-5p,0.28695462995444393,-0.21234094038597548,-0.2707241032800916,-0.01747085698711387,-0.3944675560493394,0.1403338491965719,-0.03496643143434765,0.017184201008025188,-0.12429074404640528,0.060706814116057134,0.03079016474986189,-0.04450450936052819,-0.15833000503795208
hsa-miR-26b-3p,0.09136031025335663,-0.15878855047598459,0.020917702884110358,0.05977480221075799,0.566526394415804,0.011706128545316155,-0.010066838497422055,-0.007610401478967457,-0.19642511976837554,-0.00020867125079530047,-0.015534601627180853,0.00474041379463088,0.011296469339288356
hsa-miR-26b-5p,0.1004377321265527,-0.18603109616599264,0.03637766274390121,0.03251124543189096,0.8417065095892704,-0.01892757654779603,-0.08052030423089905,0.017313773121282756,-0.0023967389387481125,-0.021155071736462173,-0.005601747953676568,-0.001960825513212449,0.013190180209854133
hsa-miR-27a-3p,0.0011594407149296323,-0.014078240504512146,0.054989961088560815,-0.013324442892249518,1.0151104480646906,-0.023864511791683116,-0.01048883308447543,0.0039841379125973965,-0.017379261846468957,-0.05597762754300461,-0.007862234388034607,-0.0023453848109125015,0.020152948970952107
hsa-miR-27b-3p,0.029076288452633645,-0.018916026251399296,0.010488634746715308,-0.09144840017554236,1.0035881466462033,-0.027460661511572424,-0.01623195418691858,0.005131750928298464,-0.0230732057453163,-0.06314327349991852,-0.011516956291671581,-0.0023238127573591634,0.015271888078015832
hsa-miR-27b-5p,8.164320744530588e-05,0.006837762366227153,-0.024568474141870297,-0.026964077834061042,-0.9447283336850665,-0.030749152140788754,-0.015244509174945346,0.008450398300203069,0.21421649757916839,-0.012045566322242867,0.013354094755723479,-0.0835633927840138,6.127043943178333e-05
hsa-miR-28-3p,0.0019125514026355772,-0.0024485390414170877,0.05645979636998058,0.0025054145876415076,0.9863063890460911,-0.01383333238709842,-0.0036072991107372466,0.0024928725652509738,-0.0032535097363800888,-0.03536777233697838,-0.007455086544840776,-0.0024526067609245148,0.03802715759039388
hsa-miR-28-5p,-0.0006054058313867796,-0.035591217472579845,0.0064002638697260895,-0.004855892064778445,0.96027309425885,-0.005683920277996031,-0.0023605390030449532,0.0058464450657772955,-0.15723024173767322,0.004413203459978245,0.013286214634050459,0.01667097177703128,0.015203398863512437
hsa-miR-296-3p,0.021613567192344384,0.019441087206968587,-0.0006713878874862034,-0.038492053929716774,-0.48005410212078203,0.07945820898969023,0.056363515586854616,-0.017651406857676494,0.03976379862857525,0.02276058947375741,0.015190638991363784,0.007768283394299748,0.015145354144972537
hsa-miR-299-3p,-0.0006754520935194799,0.0024805981006567035,0.07782860155511989,-0.09142755346097477,-0.4362767592774445,-0.008591852849123971,0.02887193844017717,0.0035443271983856906,0.058109414374567334,-0.03926002571908901,-0.004561931492267551,-0.011825694087651694,0.07891582414080034
hsa-miR-299-5p,0.010734912865997015,0.10670174632521337,0.01762690646399211,-0.03334679620378945,-0.7446453327880279,-0.0016032318993843726,0.009723024577473864,-0.020441054038430807,0.19082963466317615,-0.06472647852202547,0.031247985709949435,-0.010939227075910787,0.051782187008768944
hsa-miR-29a-3p,-0.026969218969874996,-0.00204621398884222,-0.024797717279594005,0.046200137247445275,-1.0083886509989926,0.00873835180399607,0.034797785392100634,-0.00430573657501844,0.059075919840983496,0.015603567909314922,0.013610604616543375,-0.003369018073689398,-0.030537682513047275
hsa-miR-29b-1-5p,-0.0437192008391664,-0.05364666511950215,0.10657530821742657,0.1137362583552665,0.46654918243767324,-0.0014737397199988229,0.05790836844113901,0.04891228308698517,-0.00965713788021896,-0.04889082714046374,-0.0024310692361806134,0.0033094348186819156,0.18666242032637853
hsa-miR-29b-2-5p,0.009123355757145728,-0.09061598938304227,-0.004056427320851963,0.026156774563148164,0.7961338618054767,-0.007972332344613838,-0.04084303169097982,0.025649034200304767,-0.05765187170115985,-0.009094255060039916,0.02671719570675522,-0.009990616989494043,-0.0019026242980573205
hsa-miR-29b-3p,0.04776364431756502,-0.23830444558928943,0.007680840688676528,0.28023965821322,0.5836943054506565,-0.0367223404630255,-0.05052346453674188,0.017609300250700243,0.04492141738241811,-0.012656253768682239,0.004770862154544008,0.008038022318364474,0.03191249909882221
hsa-miR-29c-3p,0.013608281069166811,-0.29655081556463175,-0.01951953582954531,0.12191831845300481,-0.73389334713144,-0.034451629928585,0.02298050256248388,0.010257937573255906,0.06105070441291327,-0.06640353584806082,0.006634885326332076,0.0008977886268640974,0.0059304465265652626
hsa-miR-29c-5p,0.10429599939611421,-0.2571590768663702,0.001484329842375667,0.1601918513373403,0.5279572265069546,-0.046942578024182176,-0.10888893502827564,0.006143485751159887,-0.009957707962854676,0.007293205335475238,-0.020954648892968063,-0.007621468444388682,0.01004750668184825
hsa-miR-3065-5p,0.02459590607313467,-0.1689552669324665,0.07541549678512682,-0.07164130444223397,0.878596333444263,-0.013034787035001365,-0.03327967191908399,0.012006169701031631,-0.014568288838576172,-0.04455337713479013,0.002109224373282401,0.032718617265411865,0.05240121273355477
hsa-miR-3074-3p,0.018673791426401593,-0.0003289553648013776,-0.005805465436671367,-0.18717382330185273,0.022686935028495035,-0.029811163997392826,-0.036154695715603015,0.004648744002020531,0.34845022148078086,-0.013118309803946068,0.0038196055539362235,-0.02544425673705019,-0.01877127780633478
hsa-miR-3074-5p,-0.021987786012840047,0.03746364188460278,-0.1335954569762224,-0.010833782458839867,-0.78958593271804,-0.041533612226169005,-0.06626093401129549,0.019501348350508655,0.11848620152258242,0.0186315115215486,0.026877982228161543,0.010574968124249459,-0.13527774392276626
hsa-miR-30a-3p,0.08222660980808441,-0.4059474883508734,0.15124412610033414,-0.0929229722716443,-0.06392535868237825,-0.018305478129516523,0.08653860137316999,0.004963805164066565,0.007985579424926764,-0.022377467250061813,-0.025081348436115126,0.07464885374153656,0.007454962847606351
hsa-miR-30a-5p,-0.0361915465212659,-0.2766611292429166,0.15580360591356757,-0.15170542570887086,0.6393983124077078,0.0019245732236396378,0.005555464354795524,-0.0077559107656120715,-0.006793241873395766,-0.010550835095692148,-0.03496231981235056,-0.002284757622152973,0.040274025067463526
hsa-miR-30b-5p,0.06741264917683806,-0.3511150652281929,0.08377702041712448,0.006419602651496434,0.39188472656625906,0.011556068153940753,-0.013561147619409249,-0.0245305044436557,0.29121337598511204,-0.005388771242077941,-0.014474276277212138,-0.01932618885028681,0.03061957612927977
hsa-miR-30c-1-3p,0.010921446611876174,-0.000686123691385016,-0.02946017255857157,-0.029804961859605107,-0.43177006475274443,0.03231865842488929,0.019984318240697477,0.005646490644331438,0.03136815222007121,0.07311644323879145,0.05647723459000125,-0.011744713039732345,-0.004415783802049072
hsa-miR-30c-2-3p,0.09711248915079061,-0.26955131390608295,0.09596780729569632,-0.22065961413972135,0.5662052749107573,-0.02619440758351919,0.030790038799538767,0.004564014344604488,-0.10031344914893908,-0.12936721602697124,-0.03383479717747571,0.044266810519470935,-0.00973043061374406
hsa-miR-30c-5p,0.0025891883593010916,-0.2732198291521226,0.18157836654772852,-0.01586590630884192,0.5950356693189679,0.0010435090428920818,-0.011418370222823384,0.016131386652176387,0.015911846544774937,-0.0009625392255817197,-0.025036185429832953,-0.021401262137135262,0.016418289641379633
hsa-miR-30d-5p,-0.03707191333825376,-0.40443017881915116,0.052007532539321916,-0.0499749323610789,0.4797763226046518,0.020309734807578743,-0.005521609021078215,-0.024263300601832568,-0.0034379634277642013,-0.016178033599995763,-0.042543549550192745,-0.010206426336822038,-0.06028542844319411
hsa-miR-30e-3p,0.12408289756192363,-0.3369173387321893,0.19677527826542932,0.1051669877606947,-0.05338236015875131,-0.030644310175237423,0.004289286332227035,-0.0023576363379155365,0.14796293830373947,0.04351496533189161,-0.0065807254103612675,-0.028525386675313184,-0.01699565942066139
hsa-miR-30e-5p,-0.007213753323942737,-0.18955072154369673,0.1766843131559473,-0.024453850042384307,0.8846773232598266,-0.013164654061652905,0.018161496539165354,0.013568878598844229,-0.08888737017276391,-0.02800201372570681,-0.036268661367519515,0.005759344319036465,0.05158821282224329
hsa-miR-31-5p,-0.06782497612838552,0.0061829911275256685,0.026878024394662792,0.006543408788034733,-0.016844444743853913,-0.0031957691211988905,0.11778420084765227,0.02864245340571666,-0.0147295312809438,-0.06041458131983605,0.027611424480433966,-0.03741304856765798,0.011973837896811742
hsa-miR-3120-5p,0.13259505150769185,-0.013886211726371056,-0.0014192241895761497,-0.19661212588888222,0.3976354899838257,-0.0061546708406821785,-0.06842467061215039,0.02388502682095239,0.04598414931235672,0.02009128677022095,0.009526043531636953,-0.010494709257319424,-0.009812138155495344
hsa-miR-3184-5p,-0.006445569735662462,0.0007238392272915999,-0.03950639147749697,0.013198772341228173,-1.0226391686099099,0.009408191274477095,0.011142202402495496,0.003422136268686864,0.030792337093350258,0.06515208738451485,0.007013174381619323,0.0065956239612768135,-0.04943083516306891
hsa-miR-3200-3p,-0.005196033077731227,-0.04411029639452565,-0.0050809154722807216,-0.0005775348285481908,-0.5322053234020674,-0.001518054269684497,0.009274011632916985,-0.01422337318969213,0.08591887767350298,0.06911907189975498,-0.015327728970883983,0.02917396290662853,-0.00031233909472929436
hsa-miR-320a-3p,-0.028856900952826208,-0.04746426129541706,-0.011255938736069624,0.0019085111799397043,0.026748167527625072,0.02287568940892846,-0.03330594638240927,-0.0012016145609988114,-0.1883864428282065,-0.045188868978594726,-0.023364249051564607,0.0040428326858674745,-0.04657364501646538
hsa-miR-320b,-0.023015924911252553,-0.03857638297240106,-0.01583921661152523,0.007168072679881638,0.03406171293218496,0.024648202889909415,-0.08014197800824314,-0.0014324647362084985,-0.16237718433328666,-0.032215381482767085,-0.020024454908388764,0.0068606282872405305,-0.027514574997989164
hsa-miR-320c,-0.056744727386832616,-0.024198704481903678,-0.00900722818283171,0.032618933592245054,-0.7780095250330678,-0.0026122958846069343,-0.054926044871583556,-0.015705529226307816,0.03319664783202475,-0.0393616950187829,-0.01599940046951005,-0.0018793373966364817,-0.033716955706913326
hsa-miR-320d,-0.01470064863404647,-0.04678067458114758,-0.044060780939497945,0.004397001869555963,-0.9401143817720891,0.005859642051216232,0.004094057425811127,-0.01820113752366159,0.041977704357548384,-0.003127173068456926,-0.010623076000708501,-0.00629624797575477,-0.08020456008005358
hsa-miR-320e,-0.016902945508141084,-0.0009202486486757864,-0.07434774484638743,0.01702691749933301,-1.010076017283716,0.013769740490888504,-0.003974153434534673,-0.009260172512347795,0.11330728785249092,0.009206834874252796,-0.00010392172383063217,-0.002015122633333745,-0.015333105658054041
hsa-miR-323a-3p,0.07683813809001262,0.0017989136301842317,-0.010935501015696429,-0.10606079603174103,-0.8939357875039106,0.032953815135785616,0.0314494776066849,-0.025344827605322418,0.060663380100161465,0.024078838471421612,0.0077810293003608665,-0.028656501500371686,0.000434357875770422
hsa-miR-323b-3p,0.10515737377155564,-0.016369218836102463,-0.004172216452549181,-0.024482098317810473,-0.7386666049767183,0.03402368545737458,-0.009350226530221759,-0.01669321988903042,0.056191523377726475,-0.019240997092360934,0.008925257011775763,-0.043720761928371286,-0.03136618905395318
hsa-miR-324-3p,0.0597057013979881,-0.03622519410412115,0.023445333139137138,0.030484012027766856,0.7945487566397642,-0.023323784429528507,-0.0013112417098886694,-0.003553948120138939,-0.06340013772241822,-0.06880474210541418,-0.005162006127966977,0.02122832947468321,0.04332708826632464
hsa-miR-324-5p,0.009138527600572642,-0.08947933299186632,0.009727474570029065,0.3098609354547528,-0.5645598786694401,0.014806722038399972,-0.005291554753594766,0.0022100528856771307,0.022535697996053542,-0.028961523004441478,0.016424282977993802,-0.031164815079804647,-0.08216715366293174
hsa-miR-328-3p,0.05291575430508295,-0.04362919678286724,0.010915281347875089,-0.0014686768884190808,0.8942319351747923,-0.0018190809576418049,-0.019535830032119308,0.014906320768118719,-0.09494179519343462,-0.035395910913674326,-0.021345433021703056,-0.008308654181568962,0.009012212609012717
hsa-miR-329-3p,0.10451249097646911,0.10604177067708737,0.01242326127030054,-0.2460258053424181,-0.003775995976818921,0.041949850196211745,-0.02416976834705295,-0.038409033591649024,0.05347235189922947,-0.007826778091668348,0.01569214276008758,-0.08089168800809786,0.05210615167333283
hsa-miR-330-3p,-0.026334103612620372,-0.02161031520336523,0.09108452754934186,-0.0011199774722426383,0.9311700284362832,-0.012682126878326245,-0.05377023965636176,-0.024730437624525415,-0.033807073412173747,-0.01921668157780221,-0.013815205870432529,0.0032005039745641893,0.029461971387891375
hsa-miR-331-3p,-0.001262163879200466,-0.013018083054295193,0.003819907714024225,0.02221986576173216,0.8743182159884989,0.0038719447846801594,-0.0029462123433307806,-0.006579514401555617,-0.0397435090218402,-0.008312432241698364,0.013473325412368188,0.014203586062840595,0.0032606700854550972
hsa-miR-331-5p,-0.09238929235958383,-0.01248006289899292,0.025888492213591217,0.09587815755982472,-0.004110597183718351,0.04607182002944496,-0.030910909402425978,0.0032921874462759114,0.0388944134517409,0.01771336826809195,-0.0265075133270551,-0.013432593753203789,-0.16137072440099587
hsa-miR-335-3p,0.039278677861705774,-0.14409599846531398,-0.012238875187664132,0.011598759515783885,0.7967642856239612,0.0032500786990943592,-0.0010198598859825572,-0.005351963812874657,0.04041698402088894,0.03433894697047848,-0.06902674621327211,0.010959406919512896,0.012343294986695829
hsa-miR-335-5p,0.11299143022600223,-0.1823302617604538,-0.016524906495158507,-0.0021230844318800074,0.83361664547982,-0.025057894461129698,-0.021021677256623423,-0.005188689293452921,-0.01570139190206686,-0.009874356361163796,0.011349319563918284,0.0063064734391093565,0.020109899906675385
hsa-miR-338-5p,0.0485016983193508,-0.21776243364058925,0.044767901187934125,-0.03616120560591514,0.7594014504250617,0.013015160675842801,-0.03756085531043819,0.0009565337051820979,-0.007577219991240345,-0.06603663885215824,0.00658875275164511,0.0878709252269582,0.010988773017021784
hsa-miR-339-3p,0.0004227686332461996,-0.14193745739763927,-0.12298066988494277,0.045128306047509954,-0.86361941913315,0.0004976786408375009,0.12612648163264606,1.2075135724217495e-05,-0.0004962737917733515,0.010300307169876654,0.005713548617110857,0.011961327525733654,-0.08178411830905935
hsa-miR-339-5p,-0.015360078443583844,-0.06560610450794783,0.08532951991164915,0.02435016640966476,0.9298823178830304,-0.009322196014602251,0.0008148829434950788,0.0035751054599159984,-0.02199590927056713,-0.009270286718550826,-0.014762164530536822,0.007207704825799968,-0.0025217283133468042
hsa-miR-340-3p,0.055542903016374885,-0.022325466817488208,0.09485466645619628,0.01576378979180838,0.8005180336157516,-0.0017616014783336513,-0.15779986759458192,0.03172730883984249,-0.03108352673650575,0.008468122756148602,-0.026947479118216586,-0.05059548756447832,0.012413452318593393
hsa-miR-340-5p,0.021645132367393752,-0.10691805921113702,0.11356219073315103,0.006707643804662021,0.9368097883964113,-0.016723705629236824,-0.05173759543443183,0.01794227588973494,-0.027326299494385586,-0.08380619916542555,-0.020983305011756822,-0.0360418032266088,0.03847672956827622
hsa-miR-342-3p,0.06564542791067754,0.006754701641531044,-9.5030876975774e-05,0.23995462056420486,-0.9425365580769219,0.03392229332408187,0.0019359032496822997,-0.0011906805038278162,0.009611039552613032,0.04438662515824269,0.005335651562479871,-0.016348760854510605,-0.030558879377961118
hsa-miR-342-5p,0.10314749765679497,-0.011170947874961628,0.12466082967912595,0.3799443797132453,-0.0033532278338989667,0.03249585460914158,-0.01919485697007918,0.029033144003717867,-0.051809658758100195,0.004497087199786847,-0.046651133732629226,0.0069952561001296685,-0.01035828427531381
hsa-miR-345-5p,0.0415276539944352,-0.07198308944122844,0.1571058357285967,0.10061678282075708,0.6920161293078106,0.006406082480262609,-0.014405651718145618,-0.01285743369041672,0.05204178173981926,-0.03801747987721161,-0.004190959519686061,-0.04117322415413134,-0.10209313628882377
hsa-miR-346,0.008297181498030371,0.009237106999800624,-0.08307967906857516,0.026908746699116113,-0.7453191415278407,0.01782407318112606,-0.036325319341175784,-0.0038855727870905988,0.04877649702319559,0.14200528273711824,0.01992687619163505,-0.011201944509705946,-0.05239302848657346
hsa-miR-34a-3p,-0.05763596487543704,0.05028558930648242,-0.0036940742929623994,-0.0034875459277324706,-0.6348811782372688,-0.004326079721595209,0.01991160959033761,-0.008365569547144427,0.016328383849052587,-0.0028137262176414703,0.012828128081283875,-0.015630215247342844,-0.06246351766150337
hsa-miR-34a-5p,-0.008385374508324814,-0.002585174610577071,-0.024415476148271643,0.008991142799816389,-0.9537370484952101,0.007538303580605722,-0.0821362903264786,0.008978805318721313,0.0018234365715449731,0.06021668337841849,-0.00949858034937033,-0.04186321133084138,-0.06861378233099887
hsa-miR-34b-3p,0.1788122255348018,0.010313339020537386,-0.20518103234428395,0.00798758485743613,-0.34576677010741563,0.05147797272687968,-0.08666149473446354,-0.016426081993677948,0.052380734532496975,0.0382237597630037,-0.0017557660334330033,-0.013948737033051122,0.03716890292227034
hsa-miR-34b-5p,0.0023905088429287207,0.031070437985672744,-0.0910406565154639,0.014169050848366194,-0.7806524103406953,0.003962505553497344,0.005180449987421739,0.005602472943600899,0.05703644986376064,0.0603228206963598,0.010191054856453743,-0.027583784449265857,0.001926316189882908
hsa-miR-3609,-0.00623042967142426,0.0014217857332249147,-0.008436637184539965,0.0819436024960476,-0.9979636372812611,0.005742344603268289,0.019263082820608655,-0.012733262385793816,0.07233442371096324,0.04247146349506397,0.010360592823566581,0.00028261833012338826,-0.05156072143419624
hsa-miR-361-3p,0.022794706140194833,-0.06527606705306604,0.08353588220835491,0.07157018194464045,0.948879225332776,-0.03879867105477959,-0.02526482088468538,0.019717034873286632,-0.05997809657002292,-0.005725039708767758,-0.009224615277995668,-0.020012984830513506,0.03626289010689346
hsa-miR-361-5p,0.09210552634079626,-0.09711616483987642,0.008523501936577737,0.004605954899804671,0.8794410897138053,-0.02316736167699141,-0.08984618202248582,0.020402922233089905,-0.022848690522539142,-0.04502278399371526,0.0049815569030694255,-0.017775835550449554,-0.01900325765266966
hsa-miR-3615,0.005635219927623655,-0.21137445406988065,0.1647288414120711,0.07972178223236348,0.5275936172350372,-0.010836505495811973,0.012274109592794943,-0.01847826033863671,0.00968160959598833,-0.04756839183554962,0.022500824020221473,0.022022765045840508,0.01502600806062074
hsa-miR-362-3p,0.08999080738728087,-0.21202941672115108,0.0012682042591039924,0.25263855480097935,0.011283234785931816,-0.008467085812121095,-0.037924658760010575,-0.004815071141969076,-0.04060435498003344,-0.016916922768753888,0.035164108297672754,-0.06585300283301719,-0.048662644116550656
hsa-miR-362-5p,0.0036873527546705635,-0.11231685796184103,0.09748098168970551,0.12976541493606342,0.8712416108114752,-0.003958398702764082,-0.10062308580363245,0.0014009980894688124,-0.10258464069765949,0.0036046991612405854,0.0087841450107161,-0.03198002415291237,-0.0020770769643413886
hsa-miR-363-3p,-0.0005558348013320222,-0.015157590177820477,0.046666238862837356,0.29801750775108565,-0.8735010025639202,-0.008282931020310632,0.14513760752413737,0.0017724257771437294,-0.011144135179318466,-0.008983395450008246,0.011135881429715094,-0.018083937225755613,-0.007348291925563342
hsa-miR-365a-3p,-0.048859251109041595,0.037720799841092494,0.1490476891565132,-0.11195314738852616,0.8212389456970386,-0.04062524841236025,0.006774394670737177,0.006296721431626168,0.08451182545043671,-0.05908066428621917,-0.028123664395186758,0.009545549430454353,0.029196344326230004
hsa-miR-365b-3p,-0.01854580036595653,0.07058057377778718,0.10097758291659839,-0.023727544814531838,0.8352743263187766,-0.03628945431487714,0.04700387928698338,0.0029493717311137022,0.07372304783362188,-0.04398210934052327,-0.021574777735752223,0.013089406813529506,0.03485966853894922
hsa-miR-369-3p,0.07206599341421892,-0.004404048239453043,0.018977100254755644,-0.06144928346762267,0.9270604944089846,-0.019222767618704843,-0.03230212303444631,-0.0039904895270364595,-0.012107562752507434,-0.08525333470623507,-0.005290937883680665,-0.04036660235408546,0.014360639090495725
hsa-miR-369-5p,0.13212999759905714,-0.013905540671747344,0.04707088555156104,-0.013224042304362695,0.5024167717151695,-0.010276701478980264,-0.08334814381393452,-0.023802003710982803,0.05621305307200542,-0.021873826762516566,-0.0133107858723325,-0.03095206612930519,0.026631422785708462
hsa-miR-370-3p,0.05929243903034538,0.01146994390320014,0.026703558032330165,-0.011255765606249085,0.8284448356553956,0.01711315260308034,-0.03970595642592748,-0.014778960179326762,-0.028049077800819323,-0.04029502756758516,-0.015191654277244736,-0.012958948340607703,0.007177695071107213
hsa-miR-370-5p,0.07473330733118237,0.05308888355263782,-0.04701562827728376,0.004454393118622809,-0.838231853738339,0.020332763764373724,-0.006488833579375585,-0.014462956336068308,0.06317788165626503,0.04394896166583333,0.014256024665451597,-0.0830033658921007,0.038987478615216724
hsa-miR-374a-5p,0.01924361262561131,-0.0772203931071986,0.09981157637575405,-0.0016949340317636468,0.9412726282755209,-0.0157593041349338,-0.01364649371329009,-0.002935258189131452,-0.03263784924965712,-0.01776620433027232,0.011385863702804224,-0.022624677989896987,0.02076984275099837
hsa-miR-374b-3p,0.01885459220529069,-0.014486814306398775,0.07110604931834846,0.011739160099669431,0.8273832245177479,0.005607758440528515,-0.036333107588812405,-0.001985926045081618,-0.01553653397602239,0.03515017349555041,0.007700901524853054,-0.02521884867520783,-0.018357981589922353
hsa-miR-374b-5p,0.011848422358279508,-0.014853259224615877,0.03309826346309758,-0.0040669344155683535,1.0154164696403498,-0.012158590380471028,-0.02796054792321109,0.005251706855046591,-0.027525754578725678,-0.033281126677773124,-0.0033230984021567892,-0.004516231925027464,0.007665569708901725
hsa-miR-375-3p,0.16096628452655373,-0.35068167697784264,-0.00639792030495174,-0.33477228156262734,0.5349346637753176,0.00011172706589396144,-0.06148999234461701,0.006673530022085079,-0.0457046386631166,-0.00630047135571307,0.009323359168759015,-0.029040525181009393,-0.05454693767829697
hsa-miR-376c-3p,0.04285575065092418,-0.03288370819420639,0.05523908511143479,-0.02542395640942209,0.9281023184413137,-0.004439663344374127,-0.021688668035441096,-0.002440864379675558,-0.04590188623051386,-0.06307793736990261,-0.0007530999113187791,-0.02670465850068188,0.031689916430589014
hsa-miR-378a-3p,0.019621859041108494,-0.04455105486071026,0.08469055826454826,0.010478717252230487,0.9784745116424172,0.0031314566258072774,-0.013855531809099557,0.002208198465060625,-0.06913370633020662,-0.0247052692648205,-0.0035114244820091895,0.002901313468617044,0.0008288185083235839
hsa-miR-378d,0.0012059635768313043,-0.09140574873591621,-0.060320331756174086,0.13922035676706765,-0.6971971413613123,-0.013958331084178535,-0.001364411772745111,0.018872657274908458,-0.008529421569725892,0.019280132825854876,0.019645231812251432,-0.017023708104190252,-0.05098176061670334
hsa-miR-379-3p,0.1433129759307196,-0.05308148987961489,0.11866631195533796,-0.002234014493691193,0.4328506308740011,0.00013607915477406303,-0.011507057654848094,-0.016756717703836743,0.019265561983190814,-0.09257716160721526,-0.021151525910064833,-0.05101916602472077,0.006026049818719606
hsa-miR-379-5p,0.039259531482243794,0.0006910595290958016,0.005292150502613992,-0.08728715308966675,0.7617309513932073,0.0062364442835110695,-0.016938671554596704,-0.019502077373117124,0.026207557517303047,-0.07521580126409375,0.01074289977694045,-0.060485765813987666,0.012038201229118526
hsa-miR-381-3p,0.02490303042786622,-0.06864592454159306,0.07114078534632656,-0.08750854409625358,0.8970619358370866,0.0019135527397159935,-0.0070041711187844215,-0.011963639664558871,-0.008806756935857958,-0.04251801488010323,-0.002742104755874745,-0.010133971437780092,0.0649434667434542
hsa-miR-382-3p,0.13755381698906052,0.044038921704330936,0.08033709946452425,-0.20790190585416915,0.5149130372524253,0.001051540346457986,-0.006082209903454454,-0.025506248414294986,-0.0007313445091667645,-0.06632920494185615,-0.006743979951326499,-0.029730928519162363,0.020689521926403776
hsa-miR-382-5p,0.12036694148466681,0.04826621387179157,0.05132946525885922,-0.1349969552230521,0.8415735505502648,-0.00880466677852832,-0.01024753308902818,-0.0015497832856582816,-0.01511143686518598,-0.22391255701267157,-0.032554594015051036,-0.014086982306098157,0.08663371327286429
hsa-miR-409-3p,0.10796727768161023,0.1457928918234802,-0.0006938592579782464,-0.07109045705136412,-0.8205939023404264,0.03909162113205889,-0.002476790838615249,-0.023581149655423354,0.02291664413816662,0.011900034849961352,0.0010153134169423419,-0.08484561883529512,0.026795354204773792
hsa-miR-409-5p,0.12931522786060626,-0.0030366980609022078,0.04497987829380565,0.000535467163645418,0.7435159131344289,0.0015706027710320006,-0.022999957380102028,-0.03114060153676439,-0.035194447844178266,-0.012724970257017926,-0.015430820741106707,-0.032258397750244125,-0.05480994528505784
hsa-miR-411-3p,0.049376183403764734,0.099162771439908,-0.015260355531189046,-0.02670862166086306,-0.949805866066498,0.014157009478076086,0.00240132245976434,-0.017315843745699222,0.08920246611753417,0.015322569364027892,0.01964569350257732,-0.028781082610747754,-0.010435685321098988
hsa-miR-411-5p,0.26139419611474934,0.08599676146797954,-0.0289891405236916,-0.243284627839997,-0.05006424779091109,0.0011101531442002574,0.017537021995293986,-0.01498218124746214,0.055088884059419314,-0.06556026654871494,0.02293239267755339,-0.03517381591321236,0.00016188857263445887
hsa-miR-412-5p,0.004929931788276917,0.008201137419546966,-0.010639620959969289,-0.010316854038719491,-0.6108447267230878,0.024799074720183802,0.008729292111529402,0.01594956017695719,0.02315408867399915,0.00748543991631055,0.007603611782620723,0.0006998026736802484,-0.024901662693153356
hsa-miR-421,0.0031879211983285843,-0.0018655832881940245,0.11777790991489717,-0.01265136574733205,0.935945232850368,-0.02031143165284295,-0.02035559062538821,-0.011668500515202723,-0.09033051522570369,-0.07219649278559631,-0.006360075672259452,-0.02948724766586155,0.010060060230012428
hsa-miR-423-3p,0.005561782258708433,-0.014199448457833157,0.015372142948985491,-0.0029933778341498457,1.0280556234962976,-0.0012526936724002586,-0.011450728194134919,0.022818652592492793,-0.17916394719035975,-0.05919849668213012,-0.011942971356156571,0.008216117494506153,0.007281328759957362
hsa-miR-423-5p,0.0019438397291253165,-0.08964805243237026,0.026809712833488177,-0.007846451461163455,0.6604812351990995,0.0018222313049260678,-0.039153483937944676,0.012783119270341446,-0.3308872346662588,-0.0072255164510076665,-0.04781447837764636,0.010855494926323872,0.004283215746390801
hsa-miR-424-3p,0.0016847086150796429,0.03097802812584588,0.004220228952143045,-0.017610354389567883,-0.9560298913478098,0.008499682543937709,0.03266253952249179,0.004166338670155672,0.035537695592297316,0.015884515394170944,0.006655346386735107,0.009845775362574858,0.0019118783078521722
hsa-miR-425-3p,-0.0029455756834284863,-0.0022352415846578428,-0.03103205709338532,0.11989604437507882,-0.9159363983667119,0.05744582549566846,-0.026635980471740917,0.00012314932747931856,0.02022109136710293,0.015157111889075474,0.010529370539768124,-0.0052332773678587345,-0.1402481538340952
hsa-miR-425-5p,-0.07947979539872384,-0.04829502389469185,0.08664872261837407,0.17301370911501876,0.9515940586618966,0.026419596213100086,-0.030058451517072107,-0.0025640754957006744,-0.20912060399939983,-0.12342647228494766,-0.003713148813860609,0.03257493642669584,-0.04966272999291385
hsa-miR-4289,-0.007398452256097399,-0.0095497187300785,-0.044697461156308606,0.007557908476672716,-0.8951448336682869,0.017967146701131927,0.007770395517243732,-0.01645052053800646,0.06514488406921537,0.07984434778861534,0.008308538653451776,0.0011531343656219475,-0.028214750183258735
hsa-miR-429,0.00017960832074707174,-0.09440152319144157,0.005534694587126987,-0.024929761679414797,0.9673405644351223,-0.02117234521125436,-0.05781219242266087,0.011730041720825419,-0.06094744767468254,-0.0060137414507617825,-0.004839429718550422,-0.006577351810651395,0.010299464012519313
hsa-miR-431-3p,0.005117814883406531,0.005784218913731447,-0.0230559853709883,-0.009300629664155064,-0.8505697517954561,0.024120977528456277,-0.012239919871392797,-0.001457189873154007,0.13695944067620353,-0.004774251238534441,0.04436219849841833,-0.05528270604742113,-0.03806845332275819
hsa-miR-432-5p,0.19694539533832098,0.015723636358189665,0.03489104738805816,-0.07386548816058865,0.5185788134933947,0.014411646083702672,-0.005443508402148562,-0.021165981388037765,0.011501457509255646,-0.09797108787713615,-0.021437158508306953,-0.03560660032615383,0.09122330146540582
hsa-miR-4324,0.012908281969868492,-0.0025891966054547104,-0.08171156552946553,0.003301657289874495,-1.0079870918715412,0.017462179357866127,-0.0016241488031666037,0.011777244890438349,0.0778273505683694,0.017286121459684917,-0.00375967750140484,-0.016012827079980797,-0.027611026763310835
hsa-miR-433-3p,0.23776230173371157,0.01587432247510739,-0.03217650435484851,-0.19412161486916824,-0.21885675613580605,0.06868456527018262,-0.07760191834620316,0.0007224911332714801,-0.007259884285647048,-0.038531391888945735,0.0157391437178708,-0.03756128716173202,-0.006363643286740752
hsa-miR-4485-3p,-0.03749152184227189,0.002445467396735893,-0.0052858980311921416,0.03568557160749321,-0.8269913097529337,0.013620968983672247,0.009075043190407051,0.006147904319257171,0.22595216580185137,0.022732846512386495,0.023265234983719706,-0.02381475055008521,-0.044338399124033305
hsa-miR-4497,0.0010893607783758876,-0.0038995594076730103,-0.02140512987304092,0.005367686418940829,-0.9875767186965863,0.008023124864729317,-0.0010945234862234365,-0.012697722001497828,0.07752255319739611,0.04527323400528016,0.0020571828337198074,0.010514331277324625,-0.07951348386566852
hsa-miR-4508,-0.0016351531086403932,0.000771053469077482,0.011683083572516684,0.03131615547964235,-0.9275031969277443,0.006012938817420742,-0.027839122118270727,-0.011837721936221412,0.013841531240676037,0.017235846468666213,0.0015714199398599688,0.0010587339991260148,-0.052548339472553905
hsa-miR-450a-5p,0.02272404673060047,0.004077602706080625,0.08118549267213636,-0.009623533101423007,-0.534184313798724,-0.013622673495438593,0.003762633757508727,0.010916784489368453,-0.005149025483642297,7.036999148923821e-05,-0.006310148375367094,-0.02242094828130863,0.0326799995542953
hsa-miR-450b-5p,0.025080430398576218,-0.0006954946525662098,0.10776819767582678,-0.0012141306011423869,0.8166124803824576,-0.0063553832644490165,-0.05054397833721408,-0.0024555041276103553,0.01068472985925646,-0.01016805414730107,-0.04428597255791291,-0.01600184912767423,0.1107536595450458
hsa-miR-451a,0.037547017768445316,0.019433273203955326,0.17409348867974697,0.23993671946187564,0.7672465047988339,0.012285963148704651,0.0024145925762563466,-0.014395315835818075,-0.019238408938933426,-0.008333140406229999,-0.01465579246933819,-0.015411541804022584,0.020373916639785623
hsa-miR-452-5p,0.0003595677284955263,-0.013651965605740462,0.020889889412840743,-0.00460453958547751,1.0316959655232798,-0.017153621340681758,-0.0012890187483648103,-0.00266483911519927,-0.05948077540418128,0.0024744117329154563,-0.004951244636502115,-0.005773508659573635,0.03409631463211262
hsa-miR-454-3p,0.0023079253397274733,-0.14942230473532908,0.20945476671379928,0.08798120860081272,0.5338449132706926,-0.010073631667254074,0.019636583906196783,0.01940698680936991,0.016266063672112262,0.0036166638613913107,0.002003116136862428,0.00026464482783420903,0.04986583932110211
hsa-miR-455-3p,-0.005253873910049018,-0.16258866899366292,0.03930550508456828,-0.0914818336665874,-0.4024015489376403,-0.024236935639741757,-0.043415081553120245,-0.017315579654327493,0.03322125965399808,0.005808268455820884,-0.011009911296752713,-0.01483473369753585,-0.04624150912440522
hsa-miR-4634,-0.012637018276870096,-0.008369381207547431,0.02911061895759377,0.022205087312028814,-0.7363264205258627,0.006444186373526005,0.005629974165267178,-0.02199972792548271,0.04939015441083951,-0.030881278624218824,0.002886705986605672,-0.01244399320493726,-0.06285157506852626
hsa-miR-484,0.06739460887094742,-0.18198884105412264,0.15251557502669633,0.03430598753351762,0.727944542281237,-0.017395210191050586,-0.01835214069773775,0.05042141870645221,-0.09152190170341507,0.02341402254416828,-0.009531850471682335,-0.025845171219731563,0.05364504901095659
hsa-miR-485-3p,0.06737702056562879,0.029034503790087915,0.08317112568481563,-0.08840172428663813,0.24681951370953664,0.012024356640851804,0.0007988200614931763,-0.027222200200442297,0.019359532789946985,8.847664917133867e-05,-0.015721405449102773,-0.015551606739662712,0.04929370806204796
hsa-miR-485-5p,0.12264502064606525,-0.008252875020649239,0.0016391256193968667,-0.0777106095162405,0.6014464637810771,0.008871197369938098,-0.0687726413295265,-0.011097136473457144,-0.025474901897794652,-0.013248409118593886,0.009505772493003354,0.0018853125564769033,-0.007193630261800028
hsa-miR-486-3p,0.009393216720193477,0.11368638128944897,0.012062460731864972,0.3582292489100005,-0.357729181126141,0.04296579084530673,-0.012805133289540846,-0.016044867571500348,-0.034601727275133026,-0.040424530736100354,-0.009691548331334038,-0.00818467353248482,-0.010780891529608977
hsa-miR-486-5p,0.027116505039611632,0.024015940837601894,0.10866343622045484,0.22492062901784002,0.8654701075026869,0.012892898508883076,-0.007686867128387523,-0.010479496153924668,-0.1859950281437582,-0.08090613072136886,-0.011287318832793608,0.01522105493828364,0.024994772024937474
hsa-miR-487b-3p,0.2116945880569913,-0.0011706191165354871,-0.0038971548366057277,-0.2425396342364276,0.728054218450383,0.02324627200271356,-0.024318089761113618,-0.019043076477613267,-0.0028564978963405148,-0.06526862834173106,-0.003648873354474812,-0.16584806613878314,0.04097432432712025
hsa-miR-493-3p,0.061501657526291366,-0.0009456126765046547,0.05723659375576458,-0.012236244674441033,0.9535709136939347,0.0002092694577666129,-0.03865373112276551,-0.0014719077355246925,-0.09212412202093023,-0.0546400261958178,-0.005956469313778876,-0.03648072340263216,0.021552304460033474
hsa-miR-493-5p,0.09956882116515511,0.17990880140248133,0.01992321899889359,-0.23338095939281742,0.8650158859191982,0.014404852652774539,-0.04776837469309413,-0.023073855794163368,-0.03965835753801298,-0.03519870849663566,-0.00024718792685271784,-0.07584091000123241,0.07100268054061183
hsa-miR-494-3p,0.13889676907733264,0.09434271311703982,0.008574643405707788,-0.07335408197498983,0.6204884997938688,0.03593801198329248,0.0037362896334947543,-0.005543053597309907,-0.1486037558861629,0.007048742071897701,0.007356024838219708,-0.08747128268518657,0.07883033369395223
hsa-miR-495-3p,0.15146412004643042,-0.013811620409075456,0.03638913678886628,-0.05218322704641695,0.2712585008650944,-0.0029990685676814306,-0.016296057761248973,-0.01486242458858288,0.05573923195448005,-0.036245627161992214,0.005222765341238466,-0.13542644050921793,0.06534190000310866
hsa-miR-497-5p,0.22514811830774714,0.042751853133381736,-0.12455487671087159,0.20017986479025635,0.09108515026002938,-0.01656251147497438,-0.22677745279407596,-0.003934699608412389,0.07990196396403129,0.003827910908502483,0.017685977242815985,-0.06832775414810079,-0.01926583297394643
hsa-miR-499b-3p,-0.05577554675047857,-0.046826117659025245,-0.0761906364160989,0.005491673995143587,-0.9158537754374981,-0.0027969531457722376,0.020795354292233482,-0.003007357094232032,0.0054677029728523435,0.00954855881573186,-0.008946327380607804,-0.04052122018926508,-0.01054929956653689
hsa-miR-500a-3p,0.14160797108078213,-0.29108223819343765,0.03086895001996118,0.24986344654969447,0.4802367615086947,-0.004544216059155701,-0.1881731374319739,-0.0010438996216138175,-0.03564642225535341,0.009219835005113667,0.0001608252252045662,-0.1136104359674706,-0.01943297806511831
hsa-miR-500a-5p,-0.01680129504152012,-0.27871844583402966,0.07956444769100529,0.01905172719408574,0.5385435375502429,-0.014553746475138954,-0.11527017428150557,-0.002591041341720088,-0.009674588868365377,-0.020464775754963808,0.0009435091735718077,-0.0830547924960806,-0.021926151822332842
hsa-miR-500b-5p,-0.018538298568763243,-0.024244786148660928,-0.06499082503529752,0.07502052084944519,-0.946073324978633,0.033264634218035535,-0.018168344481464347,-0.0023123441980312073,0.06447413534994398,0.056244696106907195,0.03963291334095205,-0.03770141231160989,-0.00782397299518157
hsa-miR-501-3p,0.07896258824988711,-0.1248088486516712,0.0683759092304183,0.18108304703977277,0.742128016243337,-0.019675384474257457,-0.14873498705416663,0.00415776154976569,0.0017081790906011186,-0.016364993789046184,-0.013355853633190293,-0.036337198134759066,0.00357575968495884
hsa-miR-501-5p,-0.0031806329476498124,-0.17632041780292587,0.1278426143171581,0.08272229444420971,0.7884959243703509,-0.0038589119650500993,-0.06421141555510369,0.017076521338610737,-0.13722905418916762,0.0068715067278576365,0.01003999090837078,-0.03217027751226621,0.008920130657741564
hsa-miR-502-3p,0.1460573479102536,-0.3476821840383918,0.011851279844519346,0.2633883077450883,0.25171511298812693,-0.014688716227295225,-0.27438834509592513,-0.0058895388066619965,-0.07617919562226312,0.0159544810253693,-0.016873078187723878,-0.03442437823688294,-0.003966572906905561
hsa-miR-502-5p,0.0024586439691595347,-0.25086699257418454,0.013300125583184736,0.01726116854487901,-0.5157398138342663,0.014123607736403325,-0.22360512142727912,0.016032850528769356,-0.07373984197071698,-0.002574939906904096,0.01918914605983557,-0.04128400163761498,-0.03139649156923909
hsa-miR-503-5p,0.011286633769449758,0.012762186164865533,0.10539935031791307,-0.04546503930832708,-0.002107890461934073,-0.004471329248758866,0.08934901029398862,-0.006237429420647488,0.00408282863074949,-0.029112606906321312,0.005398118007374397,0.013822523399891425,0.0277659706175406
hsa-miR-504-5p,0.18228569736777864,-0.2012613928237694,-0.1544126154415142,0.16136183707327287,-0.024206322922035575,0.022021556738359354,-0.23812538951451498,-0.03220669189033491,-0.007047242360659104,0.04364218970770688,0.07487009069303033,-0.01467193865724216,-0.02385850714052495
hsa-miR-505-3p,0.07503073838312588,0.0002073149274878751,-0.001210328983305731,0.11592351009381344,0.8719204573477229,0.009149670378215654,0.00759141770188082,-0.04198837087035843,-0.27231863396045203,0.008162709991736655,-0.015057729302187973,-0.00744425657253774,-0.024926096636538043
hsa-miR-505-5p,-0.0008900098859387403,-0.0752637830299298,-0.012029213836579067,-0.011870025183932006,-0.5821959172974248,0.010774258887588048,0.03084352015598852,-0.01670450429488468,-0.026388558894307846,0.05232159764604326,-0.020307800771022635,-0.00582903686857457,0.028543540832009138
hsa-miR-5100,0.002206579371124567,0.0010435619898598507,-0.005146839806914051,0.015661530639718035,-0.9295453586736553,0.007807624076640672,0.0071341990933205665,-0.005575669008972505,0.0037328088565508465,0.04106704799405876,0.0031136177684002726,0.001498227338176361,0.010254619704890533
hsa-miR-532-5p,0.004989722888247648,-0.11454127732683445,0.040632995588706804,0.022464429529751983,0.9423941195587318,0.0019551280330955844,-0.0456148729760677,-0.002941352763377883,-0.018268541932136336,-0.03014236108398718,-0.0005891747293598456,-0.023796544920339165,-0.006847849505940452
hsa-miR-543,0.07453119163465603,0.018236933850887153,0.01883541458353265,-0.09579487640316134,-0.8787221783405771,-0.006621839339676733,0.026730905054008623,-0.0330507007724392,0.014720406123438171,0.020443369114460083,0.010706337900471952,-0.047390182314372906,0.015310789510052903
hsa-miR-548k,-0.04645882012875038,-7.651754817764963e-05,0.01191232054817403,-0.016911132905040344,-0.306384492275091,-0.03416626944671028,-0.0041485131111723824,-0.058060467817079145,-0.09882645088024729,0.010832269342242832,0.0047932293379481326,0.011713468652682671,-0.03242187707000028
hsa-miR-550a-3-5p,-0.03851622615967892,-0.028275780811459726,-0.019494913674138054,-0.002345824402491074,-0.6185160285541479,-0.018471131792645413,0.02869395056234396,-0.0014387592146758617,0.005791838603531752,0.07886567364324179,0.001275125859574955,-0.004325085738434672,-0.051111691769428765
hsa-miR-550a-3p,-0.0004988789978259591,-0.045517912906857874,-0.028732960105203133,0.016967737906894605,-0.8151191915171497,-0.01143759022385499,0.03292418895892515,0.00019493390835553494,0.12558937317329347,0.026035330041395844,0.013635351901181127,0.00047997515354447645,-0.08701052486478866
hsa-miR-550b-3p,-0.007739145943548932,-0.01669983478399488,-0.012640607610852794,0.011983504690322506,-0.9756459832096179,0.003753838498671774,0.027203385289873493,-0.011884648620461933,0.07120681571617023,0.045245762352021816,0.012515383083031266,-0.010111734477564192,-0.03155761782212858
hsa-miR-5690,0.005152648732071714,0.002591351588345887,-0.0035039357866915094,0.0043773066631393855,-0.9623434740497026,0.004479527192151288,0.01965588751091639,-0.01309268566539816,0.08054202462166637,-0.0066770957519433636,-0.0013562346104031631,0.01482462300127964,-0.012331169379393991
hsa-miR-574-3p,0.035818614613275915,0.15850002878496264,-0.021582737944745904,-0.034876664238355906,0.004323728271446218,-0.012656657685389655,-0.15351415545396294,-0.006683223428825371,0.10430911107689783,0.011269105010349015,-0.0020854005441656278,-0.015516278631064537,-0.03158831358794595
hsa-miR-582-3p,-0.07548980738691519,0.027441490145491444,0.024143873471520177,0.012595279509883924,-0.6867444293169132,0.0022839457445978785,-0.014965862884691252,-0.014512740322512372,0.054533320031744346,-0.021756273444851704,0.0342526302036748,-0.035584613865946156,-0.007362058129699407
hsa-miR-582-5p,-0.02146162242637854,-0.0240418578529632,0.12704851204627454,-0.03929134938199197,0.39869847831564714,0.011949104746492393,-0.12314136511756008,0.011668926257429818,0.01825252877384998,-0.06756205905564407,-0.006500920197533445,-0.03535315180665791,0.017752042700454707
hsa-miR-590-3p,0.0028238831802080296,-0.1749468979062995,0.1193614726914068,-0.008451589120626152,0.7428470163038952,-0.025296193935994422,-0.03540419161233373,0.004792623356053628,-0.02856686609085241,-0.00947992379980401,0.014201728621659533,-0.02275615319808752,0.030067529368989244
hsa-miR-598-3p,0.06763632516529901,-0.2994463967919261,-0.021984136111630508,-0.012495991685750451,-0.18388074428566448,0.013742754338169155,-0.21062240652784622,-0.008464708774605567,0.019148872110520486,-0.019732977370448965,0.0052837814897127395,0.0026713989831357522,-0.024944531160629977
hsa-miR-615-3p,-0.034048429962881786,0.050909993406790664,-0.008085994837118133,0.0543320035013546,0.742633120538801,-0.0010310075271163695,-0.10747494705250393,-0.03206376250267418,-0.12538327987042353,0.06568482171425075,-0.0017046301610744734,-0.03501176493381704,0.10197941489498914
hsa-miR-625-3p,-0.16125167178216124,-0.05039048692588862,0.0057219697397782035,0.2881703707243745,-0.4085218083099693,0.021022377166941192,0.05651314515084092,-0.012982574555798132,-0.011318288731651516,0.10582144807736336,0.005248878962039095,0.0458214265890777,-0.2037270896216286
hsa-miR-625-5p,-0.15022923462420826,-0.0318561240584737,0.00035279888734076123,0.2273193369927695,-0.4248707136852731,0.023771930741784023,0.015440237319312537,-0.003431317934046451,-0.0006692108023759955,0.0588742897775237,-0.004010887316567274,0.06350686048808371,-0.19432914879844562
hsa-miR-629-3p,-0.07203411220217695,-0.02322174408636145,-0.003224428672093977,0.22627054015174128,-0.7283452093024517,0.02158883949639209,-0.01763232780732985,0.022161357634214972,0.08432465860986169,0.101676381297235,-0.00846481686256848,-0.01567228678758179,-0.03475643520564764
hsa-miR-629-5p,-0.07612428283172985,-0.044456105318706536,0.041505727677818315,0.15641561099986817,-0.3811650250522526,0.025484259785518774,0.006872878177572772,-0.004565679182023499,-0.07105216144722139,0.20558718119168956,0.005831503585153009,-0.003850910335577763,-0.1109881669516075
hsa-miR-652-3p,0.021286575797106706,-0.2844993222680487,0.003659892829126581,0.3452100896306457,-0.015075964743554517,0.006059986470006225,-0.1652227326333503,-0.01703637804344492,-0.0152387245585542,0.02582859540110339,0.006909942129603507,0.01247612174351839,-0.24257125068593008
hsa-miR-652-5p,-0.0038029282720624964,-0.08001008110563924,-0.0023810752730731946,0.010481346964218863,-0.8639119709105824,-0.003254430485851689,-0.015290109483984475,-0.028010568405755526,0.09310046051749919,0.04485161932374517,0.015708863243166202,-0.05938344232101555,-0.03139114568950813
hsa-miR-654-3p,0.15742851905173524,0.038237446749975625,0.008076627086877501,-0.2376985290986236,0.7431530124661928,0.021461738996915787,-0.04362737880683204,-0.018788091784664243,-0.006467556491595314,-0.047126576196610724,0.003327327383158432,-0.02779592877082384,0.05821872239234266
hsa-miR-655-3p,0.034834579185026325,0.004784951389613237,0.17410598435335692,-0.05513721071907358,0.7529297288893981,0.00814947677631268,-0.03897213364409387,-0.019719765424079022,-0.055304900978623436,-0.019361861913295603,0.013078046315256239,-0.03266898243691832,0.01952472271138747
hsa-miR-660-3p,0.025164989880509907,-0.023041142518782882,0.026772806137252286,0.07574459406426025,-0.6327307755823025,-0.028065899007643693,-0.07834021658770465,0.004692766475376005,-0.006084699801725423,0.12734161434852884,0.054218174409307845,-0.05923786130407662,-0.008691800869474927
hsa-miR-660-5p,0.13941918803005232,-0.31026543101602744,0.08780540702826838,0.28602952076210864,0.5224286757525229,-0.011378591060093167,-0.25668278767771013,0.020510899707388376,-0.26659958072406265,-0.008738634451856105,0.002296835545697933,-0.16002049459390122,-0.06086583363097649
hsa-miR-664a-3p,0.010054246337812652,-0.003905905148610961,-0.11602456037270006,0.0662682516087375,-0.9863132956939873,0.001002424571990524,-0.001976139606825816,-0.012756812371579843,0.07564984077512865,0.02678722253230876,0.012476962243782695,-0.013541489236780401,-0.012036099136545393
hsa-miR-664b-3p,0.01939315744895678,-0.08562170391267664,0.014898815102017997,0.18608087256272335,-0.009992134572065077,0.03008253830648369,0.015541820321810373,-0.018494678693794547,0.059688213218002904,-0.01641635818765466,-0.007025160999055179,-0.001642795021269716,0.03729267731300872
hsa-miR-668-3p,0.08547984914883511,0.0016891822018913825,-0.09067241900200802,-0.03394637166154096,-0.8926619308093936,0.05259035181548798,-0.002498857899948158,-0.009128008693963147,0.06200731369753271,0.010841755555277157,0.012761302068250234,-0.05848229471779785,-0.010994890609902736
hsa-miR-671-3p,-0.011074856439571162,-0.0018063654029267914,0.010823194750460093,0.012318265195540473,0.5727941106350379,-0.0029533412044897337,-0.015733632257935195,-0.014701717526612926,-0.1396026230312265,0.06628394017135068,-0.015826643440755052,-0.023456179802427046,0.048380090584851695
hsa-miR-671-5p,-0.1411116590660786,-0.018156559521915683,0.13043444644899715,0.09625289079651368,-0.4321780415113613,-0.005883077507033395,-0.021558424037767022,0.0013958161212258677,0.010483700787907722,0.13716344772527983,0.003644608091351894,-0.06579662721658798,0.0015922667833744026
hsa-miR-7-1-3p,0.036775436223730563,-0.36612053064408573,0.0052929339658450295,0.29443610209158494,-0.023899160249953682,-0.024490086989876442,-0.0388720016110151,0.03077442532067915,-0.0025170036579501235,0.011924684407122209,0.023316921696747293,-0.04767605016780757,0.06547866620797937
hsa-miR-7-5p,0.06346095540875389,-0.3655237600263066,0.039049259565772,-0.00594296483289252,0.3438702957385582,0.009214487809249182,-0.04697195137777174,0.009869407751044088,-0.1557004882185562,-0.03081979998713242,0.007955827779741145,-0.09715050240017663,-0.06844894053823235
hsa-miR-708-5p,-0.0022808236917968958,0.10843551086142786,0.10011554419067223,0.012200121838432465,0.971813901710107,0.003642859833184394,-0.008475322735162154,-0.009678661703678768,-0.024004892275747522,-0.019789229294032443,-0.01983371020942799,-0.005586416778835126,0.03665144534636991
hsa-miR-744-3p,-0.015384289934703844,-0.0010640833726914677,-0.018800429647638808,0.004266628272444081,-0.8316517049364485,-0.0043339268150511395,-0.019766290838688257,-0.014327199644947504,0.14600052542295533,0.011352621915709878,-0.0005241142596604885,-0.011881395802047811,-0.06057833748021855
hsa-miR-744-5p,0.01724693490531554,-0.08871558071622561,0.021205387942947712,0.0008294815331750479,0.91088504469415,0.0032151852289995257,-0.05013194682061445,0.005490038184194214,-0.019898532014046257,-0.014069939909765999,-0.03207559652636438,-0.012422626803738505,0.026537482782219998
hsa-miR-758-3p,0.03519157004533987,0.050754379019106594,0.02030205841906688,-0.09033553054430919,-0.1751342039997823,0.03962425869659809,0.007118787124339105,0.0015964208746021666,0.03988872860368244,-0.02088036718214047,0.05888801849362104,-0.03266379634714288,0.11374910017924875
hsa-miR-769-3p,-0.00565196480070251,0.013638427891032402,-0.02730846803088946,0.019111301089808835,-0.7633621281774997,-0.005327053562351169,-0.006643752291250601,0.01771919100282068,0.006365213348221736,0.08050795213672148,0.04344525108937039,-0.009540344976366286,-0.09480630158999638
hsa-miR-769-5p,-0.000586013889014114,-0.001779043287471352,0.019138912295605173,0.013110324080818414,0.9110725715581041,-0.015042584053375288,-0.020083612144844398,-0.01534606490568329,0.027369355606410642,-0.017834385784526938,-0.011176706775165083,-0.01418439863881185,0.013540319806198313
hsa-miR-7704,0.004993109150078298,-0.09381411933231448,0.006740194777021358,0.01152078752753481,-0.6988090793961887,0.00025065976319775616,-0.006916342966693107,-0.0025118664477331394,-0.027094502952748525,-0.006434081693900735,-0.025244782132824824,-0.012800944032123562,-0.002836392493072359
hsa-miR-7977,0.004635179515937683,-0.05024775987831988,0.05723655294505087,0.0007575652623709539,0.8156265140300358,-0.005414335053854631,-0.0037075238826195316,-0.014007515708003538,-0.13986332881909644,-0.015836376921556435,-0.010328967574801999,0.015273142194969206,0.015248854417207578
hsa-miR-874-3p,-0.002352097405602156,0.04521380710811136,-0.007350726586205441,-0.0007450083459032912,-0.03381553765715978,0.040320831106991355,-0.17715307173376238,0.005364157236052106,0.1330470940396527,-0.003173529033733025,-0.0052822001800935815,-0.02956185148163385,-0.006110160815202818
hsa-miR-877-5p,-0.12816162680713397,-0.04205700745433745,0.07463920979236559,0.06856863654154594,-0.48595650514116573,-0.01184870264093222,-0.0009374167494056234,-0.0032599970346731725,0.018546583343725474,0.08004369813225086,0.008167029715984894,-0.010752417996813304,-0.044407084550115106
hsa-miR-887-3p,0.053685475554670736,0.0031377237931722417,-0.010154352531924801,0.03290687132213058,-0.8125619377510004,0.018052137298731383,-0.01097018821612012,-0.0024039496083848415,0.09120640595440191,0.05396790067158618,0.013454357010241407,-0.013478311557823816,0.04176018673772121
hsa-miR-889-3p,0.12734013069245428,-0.05492814883842632,0.0314512117238239,-0.15551386022664446,0.0003778544212166535,0.03001140739373154,0.00735329451006759,-0.0207006145315518,0.049155217424693386,0.03407646647283766,0.005667675816298277,-0.08520309827736579,0.011467567691155294
hsa-miR-9-3p,-0.003074572003905203,-0.14110617164065267,-0.005014084293305453,0.15990939229118944,-0.9178996386673706,0.0029521850250102256,0.004653457583178313,0.00793043928552141,0.08116338035742612,0.02711907614726852,0.01722007308898145,-0.005100697909818649,0.006331680321209544
hsa-miR-9-5p,0.005450237402224038,-0.13934038188300885,0.04549281034564458,0.04428043547996844,0.8466897791504969,-0.01495857292090549,-0.0011214241801284811,0.002390927036589419,0.002684443817630182,0.0006742489626400745,-0.008836114245727483,-0.012097595903987386,0.059669466847423656
hsa-miR-92a-1-5p,-0.0490476954676371,-0.06759134779331534,0.03381400480166735,0.08017752625030687,-0.0021853980005557684,-0.008553202440002114,0.23536697835311116,-0.04389450655192376,-0.031068535717738346,-0.001311009295406879,-0.020609406966802107,0.012816109009985751,0.07512555183792319
hsa-miR-92a-3p,-0.02750789811851906,-0.0575577286061771,-0.047499474515116206,0.03900227541849565,-0.9675366785586085,0.012678949539485273,0.038455657679379154,-0.0055223669193240794,0.016498556039091186,0.08698749472076833,-0.020319018869057855,0.006766249754961936,-0.03398304764178287
hsa-miR-92b-3p,-0.06292230508373721,-0.0033943877073077137,-0.05113652763660858,0.037844914140960514,-0.944931260698094,0.009680048598062008,-0.014708357770857557,-0.004903535258988307,0.027904289732915696,0.0017822949456504312,0.005479225808340003,-0.007803489739104813,-0.06644476050713957
hsa-miR-93-5p,-0.16011220367417964,-0.16247349764743324,0.020838036009958934,0.3112240273712077,-0.6131622148787592,-3.795372109574045e-05,0.03417957724389678,-0.012699404463351703,-0.015367651236816415,0.141654789488332,0.005434729464316714,-0.04245517700960747,-0.0009959219880575024
hsa-miR-934,-0.005721741468258811,0.001593048555704127,-0.00948545182533354,-0.10391006008270504,-0.22754670570931881,0.014905089037656452,0.0818286958446452,-0.0033847985492258988,0.10622866100183642,0.027122866245532135,-0.004312415963125714,0.015869371889553237,-0.0005550295586541352
hsa-miR-940,-0.053013683076716445,-0.004798762973556675,0.036261006494850104,0.047595685575932425,-0.18103170853097642,0.010753659771028077,0.01721753451322694,-0.001624017606082027,-0.026201605054512713,0.037841337947626466,0.01999636174088462,0.02960862390237264,-0.02690637090249095
hsa-miR-941,-0.05053126858125393,0.003941327505082213,0.0484708865285465,0.05225563239562939,-0.06379565810539341,0.007121235272124515,0.004676423847702715,-0.018082295682202792,-0.008903519615630956,-0.006736876249354439,0.0114517966666373,-0.006768068488939852,0.014759124572912528
hsa-miR-95-3p,0.0038847739724556787,-0.15187199518307265,0.008785703803879047,-0.0033445951008332785,0.9640453700198788,-0.020419899223090572,-0.03356362969327147,-0.004588088279933781,-0.013640724839920607,-0.0024927056256764885,0.0010642445468054716,0.004313114419167948,-0.01742922243163504
hsa-miR-96-5p,-0.0031880803696530693,-0.10502624401789176,0.0075649475685567015,-0.033243263957961545,0.9902503264320386,-0.050343108629350215,-0.00117194487561181,0.008727088873578984,-0.03807378828144018,-0.043805900886549884,-0.007455220255336667,0.044275664764974354,0.013528147486555654
hsa-miR-98-3p,0.006578615646718953,-0.05682215915125355,-0.032808062405259915,0.004509645004152392,-0.679222900838912,0.03569368449960089,-0.028838637374307776,-0.010022447275064442,0.000978491668173517,0.012391671162219071,0.020377528552543045,-0.04615096234458165,-0.03507780247162578
hsa-miR-98-5p,0.048246342183748764,-0.10593705655454679,0.023261827215320784,-0.009576579349445873,0.9451158974276337,0.002968737149463991,-0.047131953418929146,-0.00718708948003369,-0.020936138170358935,0.0020018654868010116,-0.034753086624127426,-0.08390548856146468,0.008230339051563928
hsa-miR-9985,-0.0116157451586645,-0.04365993575706595,-0.0997560107866832,-0.3739805195923268,0.0015803257215674506,-0.024689717404266776,0.004303802518586179,0.014728930364642703,0.2755014735604201,0.0299039268384411,-0.00443109401429182,0.0241086162112483,-0.015478157924072906
hsa-miR-99a-3p,0.24452055505442893,0.0040757198580855985,-0.15312662519659526,0.09214728667983503,-0.5146258725827748,0.016587846179530987,0.00959538526821388,-0.005559666771840401,0.02838326779683321,0.004213904115925733,0.030530957213007758,-0.032798168038453146,0.03385542841716577
hsa-miR-99a-5p,0.17645277288804087,0.0003809958913324223,-0.10203217490684097,0.020038904514173863,0.8541038196558223,-0.042159224597126226,-0.0034231087756538465,0.032086156560391786,-0.06669543977620082,-0.008657741317025559,-0.006393118295936903,0.0016738146467532645,0.0016759402813036914
hsa-miR-99b-3p,-0.0005072983590313501,0.015515494547426116,0.033801177073916076,-0.003972940547704258,0.8561319029220859,0.009735396625985066,-0.014730392869514438,0.016880266090627177,0.0257630969840309,0.0023487188300214653,-0.011317568270584503,-0.010621637395107807,0.0065205976612303
hsa-miR-99b-5p,0.00914218749339549,-0.0031426797154291432,0.04069466683567457,-0.008745686993523471,0.9990386333327398,-0.01851367742525522,-0.02145480564891972,0.009394442378825765,-0.032545078808932364,-0.029826173526393412,-0.006169831132001176,0.005105688203495295,0.05186749356970196
