,Factor1,Factor2,Factor3,Factor4,Factor5,Factor6,Factor7,Factor8,Factor9,Factor10,Factor11,Factor12,Factor13
circ_chr10_100260218_100262063_CWF19L1,0.05466592165958621,-0.0005085328659925508,0.0033012965429297255,0.3595732177697333,0.002919992163805176,0.01096458187710887,0.03327533123687932,0.007572091477044499,-0.008183614694217887,0.006058208625800033,0.024244145152421834,0.04211849485301189,0.011225803130432373
circ_chr10_100923975_100926019_SLF2,0.1031533725734406,-0.007137400050386617,-0.015605401170877838,-0.014981863091172446,0.014268293230509006,-0.027682453303144373,0.15887321887438585,-0.06463480689826585,-0.6806350302439587,-0.02858102135450419,-0.0031414897398539957,0.11744206771450161,0.007671695736825319
circ_chr10_100937402_100950753_SLF2,0.0013548497575689258,-0.04339103891858424,-0.052097112718743316,0.016751158792253154,-0.006611831265347973,-0.002301670594333944,-0.008260313974429756,-0.004554428811203859,-0.2977996849719854,-0.021230625981526648,-0.003462163239259012,0.00384619014161101,-0.0047312337267503635
circ_chr10_101667886_101676436_FBXW4,0.17950387996909112,-0.006996062303942695,-0.17179458266709877,-0.011688325100867458,0.24861191397270732,-0.010020558030426093,0.014582843141216063,0.07000451961560479,-0.6412550519399728,0.013222301157195209,0.016944427632349757,0.026717685398926706,-0.016950039974179664
circ_chr10_101672915_101676436_FBXW4,0.1431248973650396,-0.012999381499825064,0.010311952511744068,0.04542186068534217,0.040684656362025715,0.005927481238126614,9.394073201726881e-05,0.011455753471200937,-0.18944741684076846,-0.0025813444027303995,0.011564885925709815,-0.01944288951138719,-0.0022654286554084258
circ_chr10_101792839_101810314_OGA,0.030368153280628644,0.020778713209912265,-0.02089571227031306,-0.09139806654017901,-0.0010601271479593534,0.010414052622832234,0.022103972699377045,-0.018826140984785057,-0.14733689183073195,0.009790345417888965,0.020486721862796542,0.007782004604866278,0.00022227630648059534
circ_chr10_101797980_101810314_OGA,-0.018286281889698122,0.007835276476947192,-0.12836977070846728,-0.004898075842079983,0.0009213163624133535,-0.00887190858102118,0.025436776288908586,-0.06448370323305881,0.025155734915510118,-0.020904090297843105,-0.044075134257638676,0.09955251140064407,0.0036961297300452307
circ_chr10_102023477_102025248_ARMH3,-0.018286281889698122,0.007835276476947192,-0.12836977070846728,-0.004898075842079983,0.0009213163624133535,-0.00887190858102118,0.025436776288908586,-0.06448370323305881,0.025155734915510118,-0.020904090297843105,-0.044075134257638676,0.09955251140064407,0.0036961297300452307
circ_chr10_102023477_102029745_ARMH3,-0.008517957427396628,-0.021116055378952277,-0.07724164140929789,0.040127893407732214,0.009561089601400745,-0.019819337219614062,-0.032418337141408085,-0.011226167339877831,-0.15249241689309248,-0.06159340499405688,-0.011401708898915964,-0.022020342619582887,0.0001877986084091246
circ_chr10_102157019_102158214_NOLC1,0.07027098852275616,0.008474242958341541,-0.004279326352421457,-0.05876950126073672,0.03274639957249891,-0.0022504629765957287,-0.00461291397175213,0.02073126765347405,-0.07288093214713155,0.010200398955607672,-0.011446109177461783,0.036193301026871794,0.026493047309319933
circ_chr10_102358039_102359435_GBF1,0.02685864449208326,-0.008806218976135205,0.006199030023544602,0.012033755895077693,-0.00038544823492538523,-0.003469427945284289,0.018673645232377415,-0.009943205831759533,-0.021232153342105684,0.0016463528873469691,-0.007251472822211041,-0.009097864227628883,0.01677150795567004
circ_chr10_102872448_102874661_BORCS7-ASMT,0.040650992264209165,-0.02782494532345705,0.015972518086818408,-0.027225847344924985,0.03356870189704365,-0.0013731186266931917,0.014085608220939036,-0.005836495702885798,-0.01991608189020065,-0.0043280690642843395,-0.006214297698412879,-0.001290316050631634,0.0031946879555510145
circ_chr10_103438015_103438808_PDCD11,0.18366068702432928,-0.004697863514019476,-0.0012426772049954743,-0.018493118855532238,0.03634782379503403,0.018577346301401253,0.061525257472331854,-0.09107778158428753,-0.34962184547219705,0.00761282673428744,0.0009436304407999461,0.038262952637293964,-0.022872876357974095
circ_chr10_103439746_103440850_PDCD11,-0.012950794274658025,-0.031886943754364044,-0.03935636469290719,0.01890898880931396,0.033108254007122195,0.030943904237203314,-0.030450998113274563,0.02102184765058274,-0.02090489115439029,-0.009287237899182713,0.012412234293156528,-0.05352075481639576,-0.06584316095888934
circ_chr10_104008177_104018908_SLK,0.014089468874461037,0.017590429062199594,-0.061576352744928384,-0.17352207085309165,0.011988214009550817,0.09563501240205716,0.02475149039173112,-0.006065275584146877,-0.5112046013022095,0.03342467110550471,-0.004140206250825918,0.0007855841783030893,0.001968769037112049
circ_chr10_1080011_1080476_WDR37,-0.021270822223211593,-0.016597787905253705,0.028508091463652453,0.0014575366030891647,0.06884089000254895,0.030048124127324827,0.014593306459932886,0.015652942985626483,-0.0733596028181083,-0.015818901940162725,-0.00959386042117204,0.0007729569821220357,0.06483927232768395
circ_chr10_110124017_110130486_ADD3,0.12112945520787062,0.0021967261654116032,-0.023915998246630397,0.1306465432727621,0.00044418072333971285,-0.016529216616454685,-0.0006564549106529885,0.010976419623678587,-0.4793567677360515,0.014322351498528013,0.05396185203865468,-0.011287511638353637,-0.005661594879403538
circ_chr10_110596398_110598290_SMC3,0.10523066031099162,0.01656126160514562,-0.017317835743990304,0.006761259811450962,-0.001493648985478103,0.01211546710713703,0.02223438264217417,-0.03952591115467157,-0.774182199086737,0.03203517396864894,-0.011071120607441318,0.021971597776017204,0.01475382511800893
circ_chr10_110881233_110887886_PDCD4,0.021582544408326763,-0.17060178824140138,0.011072896037518916,-0.07556854206814301,-0.032890172403511726,-0.010639325017684543,0.011943512817910019,-0.038275998888951536,-0.03905029561551054,-0.015309272144437707,0.0021980420083996953,0.10118668243237688,0.010732052580750412
circ_chr10_110881233_110890670_PDCD4,0.026137766053813676,-0.14636959129082924,0.02064025453099138,-0.10810819208117353,-0.005841909072221928,-0.012224247243225274,0.02612999698052645,-0.03695281826108683,0.0346320551721756,-0.004616964491931998,-0.024835211375589653,-0.0027435900774004187,0.021811929778524797
circ_chr10_110885253_110890670_PDCD4,0.0751465507657476,-0.18645433937850403,0.013690242873841107,-0.08903961775817361,-0.040761882206725934,-0.0291934233529166,0.0043729916100579596,-0.004042969329998809,-0.07143263396831932,-0.015532045269760075,0.0016599720100097892,0.010352521373526394,0.016087249197937054
circ_chr10_110964125_110985765_SHOC2,0.09619387340065566,0.005516749552852873,-0.04182985571186804,-0.031395956695692194,0.06477941340161202,-0.0008283578466417112,0.025663911534752025,-0.008155667760329268,-0.4989985885815754,-0.0032595690421726767,0.01878592094102168,0.045758658635203064,-0.028554471209951467
circ_chr10_114959726_114974385_TRUB1,0.007107087189885427,0.007776221513285182,0.03291754692717132,0.0038736734994617695,-0.009061121108380638,0.0027975263236160136,-0.012619668644796906,-0.010576290285408393,-0.007177884503139698,-0.006507367252999241,0.0005967326955618486,0.0160627395239863,-0.019482215319466565
circ_chr10_114970368_114974385_TRUB1,0.06238114309867546,-0.0049801983068357755,0.019225045852324426,0.02499539467070776,0.03539738085069538,0.0059744530852909655,0.0008184100672225775,0.010562575026173086,-0.09991910069720952,-0.0010010187542847681,-0.021784671741404013,0.04707735882900839,-0.0012694452758504888
circ_chr10_11509595_11527567_USP6NL,-0.026040964916946515,-0.034649458903154295,-0.12115506468704974,0.01071371292281284,0.07376741940488665,-0.2201189823770053,-0.0273069236832922,-0.2685425278886138,-0.13796780217717716,0.15664049770108887,-0.01184152488837649,-0.4209713105978359,0.003636801867175085
circ_chr10_115120185_115129535_ATRNL1,0.12499569977743341,-0.09503463181268694,-0.007230655699310366,-0.014362741968424455,0.02094646163975055,-0.01172397352272522,-0.006035594400176626,0.0020071290863597816,-0.12383863438675735,-0.04565361513166051,0.008706746627085003,-0.01567194318542877,0.002169104208348848
circ_chr10_115461941_115469329_ATRNL1,0.005501446286346857,-0.023401886816535745,-0.0018959610974282608,-0.010912516346575992,0.017650135967367652,0.054652881583337996,0.010957899617830133,0.023184767515857286,-0.02447084149217961,-0.0066777698982345216,0.029824291321582777,0.008632372701901382,-0.00903991310417192
circ_chr10_116625946_116627874_PNLIPRP2,0.15986784327141482,-0.29188041182863816,0.09652578281539573,-0.30826741383937306,-0.002124949593260193,-0.009264958976336392,0.07437014243221923,-0.06799902177484285,-0.012431623004453123,-0.0026377665856879267,-0.043036403013476394,0.03693639026637336,0.03126156025175795
circ_chr10_116625946_116631357_PNLIPRP2,0.10830753912786352,-0.21373446350009326,0.04350763591992867,-0.1718930407088422,-0.01808801830573377,-0.014947087103591992,0.021515574583925456,-0.03533124604328675,-0.047839621714762325,-0.015129698871354307,-0.017746593009871692,0.02463008506751224,0.009367482620191145
circ_chr10_118707492_118730410_CACUL1,-0.018286281889698122,0.007835276476947192,-0.12836977070846728,-0.004898075842079983,0.0009213163624133535,-0.00887190858102118,0.025436776288908586,-0.06448370323305881,0.025155734915510118,-0.020904090297843105,-0.044075134257638676,0.09955251140064407,0.0036961297300452307
circ_chr10_119515509_119527424_RGS10,0.011724414281570226,-0.0033952144557413168,0.007751916838045074,0.2966346210036939,-0.03816094313829521,0.00041788864250407386,0.013866226607056002,-0.001279235733274259,-0.11794849400604013,0.0016514243830048519,0.0168880795452399,0.01388289265433075,0.005019806584691143
circ_chr10_11979057_12014184_UPF2,-0.018286281889698122,0.007835276476947192,-0.12836977070846728,-0.004898075842079983,0.0009213163624133535,-0.00887190858102118,0.025436776288908586,-0.06448370323305881,0.025155734915510118,-0.020904090297843105,-0.044075134257638676,0.09955251140064407,0.0036961297300452307
circ_chr10_11997672_12014184_UPF2,0.01453397102189114,-0.012339602570824941,-0.08429298824106805,-0.009937944943131903,0.009007222541401988,0.035827652986651734,0.04456785269069756,-0.08927194417879504,-0.5083780507734339,0.059852007800351395,0.02150604138840109,0.11423282970993352,0.03894676137057081
circ_chr10_12001676_12014184_UPF2,-0.018286281889698122,0.007835276476947192,-0.12836977070846728,-0.004898075842079983,0.0009213163624133535,-0.00887190858102118,0.025436776288908586,-0.06448370323305881,0.025155734915510118,-0.020904090297843105,-0.044075134257638676,0.09955251140064407,0.0036961297300452307
circ_chr10_120513911_120521095_PLPP4,-0.024730759618901504,0.09016564195355342,-0.02695337193441461,-0.04546536036530884,-0.008005083814823715,0.06987511623677888,0.10296479993717504,0.055006594966601145,0.008015623148153397,0.0009000172631914142,0.07853450609481005,0.26410974941386467,0.02604520578113636
circ_chr10_12081472_12120267_DHTKD1,-0.0005453041788688173,-0.006493949930428555,-0.01471525633361147,0.02249184585718114,0.07851796345132832,0.00034229375247888045,-0.0013441576324341438,0.04165920669019371,-0.0045154598517958226,-0.00623482872800364,0.04842605859887148,-0.17835590215149338,0.042726227887236845
circ_chr10_121538592_121565704_FGFR2,0.04843238994839763,-0.11462638849922954,-0.02705034273831939,-0.029034684056434307,0.02279404951936472,0.007956828698299931,-0.01025629240805384,0.002065002153487948,-0.3153256700788349,0.011828482732003173,-0.0079325606367825,-0.02839211258420878,-0.02575684081096104
circ_chr10_122619308_122621380_DMBT1,-0.003652411268607888,0.00029016885291994126,-0.00991951126780414,-0.015983187959755875,-0.01692501559093324,-0.01793298433335454,0.021530247684326497,-0.0030125814458746153,0.020658775294261664,0.005834922231860247,0.00827373074468134,0.06868552489801764,-0.009362676951052041
circ_chr10_124038515_124046724_CHST15,-0.013308265323905083,0.033786316397539345,0.013431950547007165,-0.005000847868939093,0.020623768796423983,0.041269386853358896,-0.0003636433187634484,0.025135265691230525,-0.13134277009257597,-0.019668485384531427,0.0030962717201007883,0.08887112832043258,-0.0036717160755038855
circ_chr10_124408542_124412200_OAT,0.007858117607541891,0.03882356768805562,-0.007381665359381477,-0.01646881766419799,0.0007932890005768272,-0.00466589678680875,-0.006910039416781141,-0.006061593311552035,-0.12310916914505594,-0.015932929638727868,-7.207478390762985e-05,-0.0013746914123944855,0.005551432949013043
circ_chr10_124681607_124682379_FAM53B,0.01826367153809961,-0.023839188517619916,-0.00831203041433029,0.1219866475922448,0.0939920084215287,0.02175671152988611,-0.012399379511757751,0.005936259259837743,-0.6741021907198885,0.008864025638755591,-0.000891023323134204,0.07244912180542508,0.05129339213971723
circ_chr10_124681607_124696212_FAM53B,-0.023812976113024402,0.0011797715731286277,-0.03561795985871666,0.011196882474611385,0.054522731713089544,0.042881973385459134,-0.016524950600510156,0.0004993455684644758,-0.08233652639945926,0.02727299207047286,-0.007800731242414482,-0.033292570080946014,0.020226285944441622
circ_chr10_124942457_124943307_ZRANB1,0.006039356565659836,-0.011383863113201288,-0.008273194503666306,0.04393279979971905,0.030351085819104215,0.017572892407388317,0.02485385159725857,0.02273779392098229,-0.42967578538500656,-0.010917574159078706,0.025260319376867943,-0.037748821573361506,0.06010743969674973
circ_chr10_125038997_125111093_CTBP2,-0.018286281889698122,0.007835276476947192,-0.12836977070846728,-0.004898075842079983,0.0009213163624133535,-0.00887190858102118,0.025436776288908586,-0.06448370323305881,0.025155734915510118,-0.020904090297843105,-0.044075134257638676,0.09955251140064407,0.0036961297300452307
circ_chr10_126970702_126990603_DOCK1,0.01166337863003559,0.02420069299723314,-0.1723081022208622,-0.03461790209900945,0.03704233795068643,-0.013644612230546855,0.020804215128829587,0.010947882464621141,-0.4193885830896027,-0.013487906482304616,0.010867662585947064,-0.060984943928113114,0.0026578043494753646
circ_chr10_126970702_127000307_DOCK1,0.039974863446523005,0.08847135816778307,-0.03176136657386939,-0.2580319015484654,-0.0010832926700065173,0.015220197442057118,-0.005376324687678348,-0.0011371886502715427,-0.21270918003323427,0.016160475604507875,-0.014685356960019628,-0.0003385280089828671,0.001664657202813533
circ_chr10_126970702_127061776_DOCK1,0.013133471192470492,-0.12042631946035155,0.0018858313459930436,-0.04251528429903095,-0.046657240660074664,-0.018716916018863022,0.022035227365148426,-0.029625904887985742,0.07893437555470244,-0.01838615280960172,-0.0008493850179897135,0.013798821801252265,0.001092405343397189
circ_chr10_126970702_127127764_DOCK1,0.009361057670528016,-0.07834971462711254,-0.03468984022045551,-0.13614472827677762,0.051368117775669124,0.0022802330080193968,0.008050741801804547,-0.004370967998765066,-0.1829062748828631,0.008375933737725003,-0.00030939919169976665,-0.029805569752040358,0.009402019270059887
circ_chr10_126996748_127000307_DOCK1,-0.018286281889698122,0.007835276476947192,-0.12836977070846728,-0.004898075842079983,0.0009213163624133535,-0.00887190858102118,0.025436776288908586,-0.06448370323305881,0.025155734915510118,-0.020904090297843105,-0.044075134257638676,0.09955251140064407,0.0036961297300452307
circ_chr10_13127745_13136897_OPTN,0.03472181580236647,0.035367682585478205,-0.02878491529135566,-0.015501055246338024,0.04286648560539877,0.04507074150064979,0.015823371946120626,0.037941682069990434,-0.4288814670761518,-0.010503065969216558,0.026509488579553913,0.019968898034641944,0.008817352360287216
circ_chr10_15816835_15847943_MINDY3,0.1515545011420498,0.023491477836765938,-0.12555240352064048,-0.06981026273788517,-0.07048160732515456,0.006825595306115402,0.05147261126329056,-0.14467834204890306,-0.6714562372852714,-0.0033578968214918953,0.012483624799070362,0.08526443835689179,0.009352445581013
circ_chr10_15821656_15847943_MINDY3,0.04228857074575427,-0.005456417125810946,-0.007404188045608319,-0.012919277308205511,0.01845338914434332,-0.00377371717318501,0.0017807800412689271,-0.003762019105036171,-0.01539546853909244,0.013844888286327997,0.004365651446704755,0.06322936530466834,-0.019851270394942028
circ_chr10_15833630_15847943_MINDY3,0.2224116898040816,-0.004622232932507731,-0.03733636739319737,0.018579960045332015,-0.02374788095968841,0.004694519643204348,0.05171121808148058,-0.003658485807366471,-0.5195735144972364,0.027979715950284048,-0.03585068677780925,0.1177786106039722,0.1167347617847
circ_chr10_16752539_16782084_RSU1,0.0032682195224065626,-0.007530763858082951,-0.0471880421135127,-0.014559398256702077,0.02507157281330169,-0.0033828847089175137,0.022067733733852454,-0.04515394268147243,-0.005059199892619895,-0.015396691583897282,-0.0272121612719024,0.05758909211646149,-0.0026210724359432653
circ_chr10_17704431_17705741_STAM,0.18065135266930663,0.0069529795653210874,-0.02132055497266281,0.02539816790340098,0.047421447642623904,-0.00865483333722164,-0.010519546649212204,-0.03778521064917566,-0.5263558351742064,0.014345618803275019,0.0018374059282331224,0.017840273365171633,-0.008226191936642776
circ_chr10_179994_221356_ZMYND11,-0.0020141869303643856,0.03564253515175183,-0.02724502475605167,0.010571980743352284,0.0042984734264014226,0.0015937067830180823,0.01949058898601965,-0.023529975893581096,-0.07579249471407308,-0.01129704773099582,-0.01233218629965305,0.02418890190635118,0.006467393549435791
circ_chr10_179994_249088_ZMYND11,-0.000656119834826068,0.009527868324663742,0.016442253075109235,0.00854738241357459,0.07436500570552373,0.0095341845784164,0.0033035271599525322,-0.005737073304747668,-0.026596441503295692,0.007198314194965475,0.012652905874362573,-0.0304768851602305,0.010456528801041913
circ_chr10_21713772_21727928_MLLT10,0.01859843354357626,0.009998660286432814,0.007579068971101637,0.016009810749302942,0.03170377567976306,0.01488865751905192,0.0052523326164245305,-0.0034101297283844196,-0.005443916462728007,0.004985836362770328,-0.012455978066079653,0.0045776399453042755,-0.019023560064358035
circ_chr10_21882282_21920963_DNAJC1,0.0031213084530363963,0.014518782029764936,-0.027052897182337526,-0.01684429323333351,-0.020892911452582305,-0.01593984078275525,-0.009235961536069884,-0.001882409948813448,-0.00020836762893140036,0.030398531788013838,0.005845223378340794,0.10376731553801989,-0.01958589431523575
circ_chr10_21904522_21929141_DNAJC1,-0.003362814032609937,-0.0032590909070043233,-0.09149102033051663,0.011400448490069912,-0.006509221087491469,-0.027507246806195984,-0.030092471413573647,-0.00912822107390805,-0.08397027719538869,-0.01602460322765147,-0.004671863185941122,0.03755452726462973,-0.013205930827594152
circ_chr10_22591629_22609717_PIP4K2A,0.034463641026860246,0.0040608262546621456,-4.249768667658866e-05,0.2868689138287392,0.03868827484320643,0.0052073328240508105,0.022118870122103916,-0.0004387876093708426,0.07770129503034691,-0.009579948205749214,0.005611089066392769,0.03217644462713802,0.005964539561237874
circ_chr10_24527936_24536893_KIAA1217,0.0011385878459251328,0.11699379472450702,0.01161324587793415,-0.09864851506778262,-0.015335440461328337,0.02259878623084961,0.00976792372429422,0.008529130398514152,-0.01395028132065693,0.016287089309828348,0.017001337309215513,0.00015433709133524343,-0.03183395331795073
circ_chr10_26500819_26503274_APBB1IP,0.009674660488060594,-0.042083302302912226,0.0072526769633724985,0.04188882210940311,0.018982345375951268,-0.015055825565370504,-0.02673591616698056,0.0037357131907406593,-0.02179817278491304,-0.015454064350735245,0.009532444275490683,0.026817661802798067,0.03619573331346285
circ_chr10_27142387_27145590_YME1L1,0.0018679328016809646,0.06141405265759725,0.0013720210504606525,-0.005465495380425274,-0.011075102884056774,-0.013926195720320101,0.024665575880388445,-0.11393154129045122,-0.20996667634685726,0.0006168614603500096,-0.0010535854127130318,0.019470246155750878,0.01174339649891249
circ_chr10_27532507_27533994_RAB18,-0.003335894614448305,0.011187844166086897,-0.012783737014637161,-0.015303768494082999,-0.018757850119150984,-0.012209281220123228,0.022793195994125416,-0.06699076940920141,-0.06559244507569957,0.16437335057954697,0.00967971298143342,-0.05633402309796965,0.00587613911318906
circ_chr10_28583399_28596041_WAC,0.04643668265247929,-0.03190358154458284,-0.010110348142500905,0.06660123463659721,-0.028566181619019446,0.025717054533516418,0.010364274844525739,0.026779334280441956,-0.20703039959390082,0.005551241189125367,0.009027293894416201,0.00960888283841767,-0.005809166854264097
circ_chr10_3118782_3120044_PFKP,-0.0771528446275365,-0.009825925965803596,0.0035149691970579795,0.002241934766893653,0.0049594751339415545,0.01262843053731831,0.0208344845693003,-0.2612365750484275,-0.22046503541457516,-0.021932273598973928,-0.030289100632545574,0.03755596712219379,-0.02912817685734884
circ_chr10_31373018_31387266_ZEB1,0.006801743754854882,0.10204796397912977,0.00732363887627815,-0.025203105770071444,-0.005925379711271528,0.04823138748282394,0.03300856854480386,0.023011457269894387,-0.40018998314443077,0.002161857733713313,-0.01993318591519635,0.031228962738458488,0.017207124979678336
circ_chr10_31373018_31387798_ZEB1,-0.01094955696165622,0.011045620955361136,0.006443521051883436,0.03532784459150861,-0.026964204562357076,0.026019378372869488,0.06751832637667592,-0.01544939343549514,-0.5384708846742562,0.011971094927273223,-0.015607010286422819,0.030388159818857542,0.040943259166918926
circ_chr10_31373018_31461237_ZEB1,0.18367305676750434,0.1756325829475065,-0.1994072983345232,0.005246346431539587,0.010925325789575084,-0.00961295638084679,0.042569022720076316,-0.021363644119140462,-0.45021601758847185,-0.005982177238357956,0.018369027239567577,0.020717870295163886,0.022286966536807357
circ_chr10_31373018_31502509_ZEB1,0.010262569540639194,0.0052476798619155085,0.008977567951623964,-0.007618487620485148,0.043285001884622074,-0.01041789036850757,-0.005248450844146135,-0.017918863043102373,0.003220636649799827,-0.01009770594901301,-0.005975015191868382,-0.0011209557748443023,0.020042084176997006
circ_chr10_31461037_31461237_ZEB1,0.0016494452529535845,0.009209462722627203,-0.10594110548239723,-0.002534983150535587,0.017479765071072014,-0.024664415925462386,0.004319449347204921,-0.021779511945914362,-0.01017390645498531,0.00874529657096376,-0.002419582268819181,0.025406060812194663,0.0035677909163447496
circ_chr10_31461037_31502509_ZEB1,0.018080871838588183,-0.0011945017693498214,-0.01815655697424977,-0.01045739207161846,-0.0031830486525102797,-0.004989287661011226,0.00012790188225881845,0.0023490773894364343,-0.01341390054338794,0.021114792400385052,-0.008803435780246456,0.06085109327487312,-0.016788888239209748
circ_chr10_31861395_31861658_ARHGAP12,0.0163474933135398,0.022292716912704503,0.02713449968201292,0.019748680906775475,0.04776430327525075,-0.008770340386750244,-0.021953217742390764,-0.011106220454607064,0.06551807867486432,-0.007109815926178692,0.008136912878017861,0.004875891319858389,-0.00969289155342188
circ_chr10_31908172_31910563_ARHGAP12,0.0534921154062104,-0.018003315520862498,-0.12671890646088346,-0.05851174853339454,0.017749156124399826,0.2338434323391755,-0.03813757262112422,-0.17373472639522405,-0.32896082123296544,0.017379831389133696,0.023732690644091444,-0.14681939531529398,0.016218019105816255
circ_chr10_32019858_32021287_KIF5B,0.001362075255722513,0.008112156172995433,-0.02382720247249425,0.08109611838427876,-0.004839925925764678,0.0015889157786021758,0.022499150669898157,-0.02329704529106197,0.0032649427504594674,-0.007279665935333511,0.013587721619706483,0.08323779839446006,-0.02507237809108822
circ_chr10_32034690_32037607_KIF5B,-0.018286281889698122,0.007835276476947192,-0.12836977070846728,-0.004898075842079983,0.0009213163624133535,-0.00887190858102118,0.025436776288908586,-0.06448370323305881,0.025155734915510118,-0.020904090297843105,-0.044075134257638676,0.09955251140064407,0.0036961297300452307
circ_chr10_32451592_32474023_CCDC7,0.0501369708736446,-0.02684332395112312,-0.006143969969964186,-0.002967406050507193,-0.0039414721961783744,-0.024490559535908413,0.012209930853410387,-0.032839529337605644,-0.21861167920918345,-0.004818780752327147,-0.0129338951620064,-0.018600237771413754,0.010038989752886031
circ_chr10_32543300_32584304_CCDC7,0.14583763420018134,0.06624325891826376,-0.17390507375485575,-0.02765739241506119,-0.020227283619960918,0.03117639489333454,-0.06436628753960809,-0.08058416272624352,-0.20314330353135457,-0.055687609815473015,0.004574153541634069,0.01226142531387264,-0.02456250533629485
circ_chr10_32543300_32635158_CCDC7,-0.0036524112686078893,0.0002901688529199412,-0.009919511267804148,-0.01598318795975589,-0.016925015590933255,-0.017932984333354544,0.02153024768432649,-0.0030125814458746144,0.020658775294261664,0.0058349222318602465,0.008273730744681343,0.06868552489801767,-0.00936267695105204
circ_chr10_32543300_32686080_CCDC7,-0.0036524112686078885,0.0002901688529199418,-0.009919511267804146,-0.015983187959755875,-0.016925015590933252,-0.017932984333354548,0.0215302476843265,-0.003012581445874616,0.020658775294261664,0.005834922231860247,0.00827373074468134,0.06868552489801767,-0.009362676951052041
circ_chr10_32565558_32584304_CCDC7,0.18778538771002462,0.00936313787473856,-0.13668169712249595,-0.012132813577642176,0.05289492627706152,-0.03330114543170311,0.01864260274345594,0.024469636769625623,-0.3742441285392353,0.00773828182650084,0.029266886259282296,0.10758303116912757,0.008531148159080975
circ_chr10_32565558_32635158_CCDC7,-0.0036524112686078885,0.0002901688529199418,-0.009919511267804146,-0.015983187959755875,-0.016925015590933252,-0.017932984333354548,0.0215302476843265,-0.003012581445874616,0.020658775294261664,0.005834922231860247,0.00827373074468134,0.06868552489801767,-0.009362676951052041
circ_chr10_32685970_32729457_CCDC7,-0.003652411268607888,0.00029016885291994126,-0.00991951126780414,-0.015983187959755875,-0.01692501559093324,-0.01793298433335454,0.021530247684326497,-0.0030125814458746153,0.020658775294261664,0.005834922231860247,0.00827373074468134,0.06868552489801764,-0.009362676951052041
circ_chr10_34269657_34284245_PARD3,0.018739312344869037,-0.013112557483654239,-0.051397603996646564,-0.3389091763699969,0.013194990758720448,0.05539231136703476,0.0010366832912137621,0.011215311148496646,-0.31052471369097545,0.024023230804197975,0.005677521349428646,0.04284946175284667,0.02109218926314455
circ_chr10_35060874_35071339_CUL2,-0.017044460340697207,0.018244418807915396,-0.0005875376903099932,-0.02078996977470394,-0.014683753298026063,-0.0015894387685842493,0.0033611980997597934,0.0028828507538936573,-0.09707490166271465,-0.008551891357916976,-0.03843608200294339,0.04462391521583413,-0.020585956839908583
circ_chr10_35516523_35530243_CCNY,0.006469196984237734,-0.018002869909857028,-0.01838494852667168,-0.06637108803348357,-0.002215417262120691,0.004031503741059193,0.02476384527971728,0.014731995020744284,0.026861584525657536,0.01948446736974167,0.02541845914129522,0.06814753316479329,-0.01741090812526168
circ_chr10_43154897_43158931_CSGALNACT2,0.08861584222958242,0.061120714416796375,-0.03225522708463772,-0.07292138707467101,-0.021749610646086426,-0.01798594785293029,-0.019646725054139457,-0.021861980935844436,-0.0687798554720164,0.03731795128743984,-0.036963648709845906,0.05468674818661405,-0.003496426576264631
circ_chr10_43154897_43176032_CSGALNACT2,0.01427394371208067,0.017764924611277128,-0.09546555657902113,-0.03253577211454626,0.013336799234068187,-0.0091796551306263,0.018013433120956036,0.002629640839840236,-0.062196024507287624,0.0013155397286447235,0.010343311065100816,-0.010954938340923611,-0.016425654259444155
circ_chr10_45939361_45962994_PARGP1,-0.0002795052572979888,0.010092175828040338,-0.0018820352498194017,-0.05003878812086591,-0.014523979282084721,-0.001510226742815306,-0.0031544269113151645,0.01876915852837875,-0.20994518166604212,-0.004837066314629092,-0.008024586533772799,0.009560150857591187,0.04987866060760008
circ_chr10_45975454_45988847_TIMM23,-0.008517957427396628,-0.021116055378952277,-0.07724164140929789,0.040127893407732214,0.009561089601400745,-0.019819337219614062,-0.032418337141408085,-0.011226167339877831,-0.15249241689309248,-0.06159340499405688,-0.011401708898915964,-0.022020342619582887,0.0001877986084091246
circ_chr10_4830675_4847299_AKR1E2,0.00034413793119861854,-0.024335530768369543,-0.06923686639231924,0.02358297180759679,0.020230129909715656,-0.010327629963192073,-0.005244795022682892,0.09321655692268063,0.01978724812666277,-0.02021928716279153,0.05371848157863418,-0.22911463136486124,0.05495333003225239
circ_chr10_48401612_48410168_MAPK8,0.07825779396089985,0.016541491005744546,-0.03387614377766569,-0.08764823841464993,-0.023096549132588812,0.0033013775309222865,0.033037534533234894,-0.006373908970606484,-0.21420055195502552,0.008357923062185595,0.05622954980660769,0.09765488068827002,0.012037569873957177
circ_chr10_49500538_49506012_ERCC6,0.04478876249819361,0.00046372786894780015,0.004947289399528825,0.42894979124255916,0.0006349572635154815,0.0036078155501539687,0.030193579413806144,-0.0006446931499754167,-0.006224382675598065,-0.005107065020576611,0.017934843870660327,0.03729612519809532,0.008369281358902603
circ_chr10_49908455_49935142_PARG,0.0009187471465843698,0.02316448533105598,-0.004797652066915161,0.025230136501651665,-0.008904413930757462,-0.020790911584454886,0.007890640268223921,-0.009808426737313478,-0.003224300527920296,0.009665270371328989,-0.02259361905036378,0.02800351294721957,0.041521816564189254
circ_chr10_49915917_49935142_PARG,0.005273268256427347,-0.030141604804685605,-0.052995725778457264,-0.007484203710489516,-0.0022355242899749985,-0.0069860484877522725,-0.002202683496634549,0.027840226246061167,-0.21105171234464884,-0.007841952040929252,0.024208807649411933,0.021618286372202308,0.02092293690405193
circ_chr10_50433476_50590247_SGMS1,0.02232776307011446,-0.018057615223766657,0.02264039236819149,-0.027499857237626834,0.039587920653504936,-0.0021209599630700213,-0.005365179316301564,-0.007472513988601238,-0.0016277369458536678,-0.005424808293871007,-0.0037249797862893147,0.010327134094631494,-0.009332747474162746
circ_chr10_5773842_5800705_GDI2,0.034463641026860246,0.0040608262546621456,-4.249768667658866e-05,0.2868689138287392,0.03868827484320643,0.0052073328240508105,0.022118870122103916,-0.0004387876093708426,0.07770129503034691,-0.009579948205749214,0.005611089066392769,0.03217644462713802,0.005964539561237874
circ_chr10_5785142_5800705_GDI2,0.00680004787807429,-0.01048090573989242,-0.04791672241665529,-0.0055815202782375254,-0.08189946787881584,0.06218272071146203,0.11228653579040394,0.006921128847326896,-0.5946059620577888,-0.0005009687443502754,0.04740632900812554,0.08140278015440337,0.011766545800494826
circ_chr10_5794885_5800705_GDI2,0.15515077123255364,0.0006372751662779485,0.039995165056231956,0.027789382924658844,0.17137559125234014,0.021782675233731397,0.008519201850890603,-0.02955174614674029,-0.5823484353112761,0.07116487499276174,-0.02906992308432329,0.02218003539225411,0.0030964351689271173
circ_chr10_5796763_5800705_GDI2,0.01599628842225827,0.05836779845175764,-0.011698035151886358,0.02297357320131693,0.02087762885671297,0.013502086289359942,0.004093519927072031,0.01453618669948006,-0.10754875996713134,0.016674794036978777,0.013849576370805848,-0.0034449280187712544,0.010565184837141127
circ_chr10_63380318_63380482_JMJD1C,-0.004575735580823637,0.055720554097462655,-0.0601209326201285,-0.04056344108084483,-0.03162159739425811,-0.0406768443788818,-0.011285259851760302,-0.03031238180380403,-0.01043698411711166,-0.03316393724234029,-0.010323368510051053,0.0078106716131821075,0.019792219078164898
circ_chr10_67966683_68014186_HERC4,0.04931921461047992,-0.03379004058362536,-0.006724062226755665,0.01832515831127392,0.04039232851185766,0.007046196825832005,0.04221003235735402,-0.014018971456318016,-0.057724746088811035,-0.022939801688211955,-0.023071763005229513,0.06509672888319094,0.012394699599404702
circ_chr10_68025546_68044563_HERC4,-0.015348372455080654,0.029416198505443154,0.007048956485318091,-0.023438189484760504,0.045157487156567894,0.0035637069644177863,0.0008876053067373754,0.021164166656782998,-0.2222033152109672,-0.042678321642205676,0.014472765647125362,-0.005335202781084963,0.028582096836755125
circ_chr10_68393138_68394451_RUFY2,0.0013751300477237087,0.025975406656323016,-0.005740761145620012,-0.03950712499398085,-0.008290429398323432,-0.0008366489268981984,-0.017578796514927785,0.01340621766171828,-0.10527314781226489,-0.002742277166381262,-0.00021065839925745445,0.02828699231821975,-0.001376899751732169
circ_chr10_68468123_68470163_DNA2,-0.09741510517579038,0.023598977577838208,0.003307337708920989,0.07589188492914108,0.019622487503270156,-0.15309655038140565,0.06590632243634358,0.07922602059294477,-0.3919558097116671,-0.025404106706305704,-0.002438857520562291,0.0893867373328356,0.004559791276851754
circ_chr10_68487144_68493570_SLC25A16,0.01713853801604205,0.001174468919302798,0.008826953611810994,0.07191933769568658,-0.03239664639559293,0.008479203082695836,-0.0037055519004040214,0.0034985553260243676,-0.14428076591059116,0.011518835405519868,-0.01399869598556538,-0.012372095059693835,-0.006200719559736305
circ_chr10_68487144_68506718_SLC25A16,0.008681371002904052,0.01019774267983495,-0.03071064454471484,-0.04374827763566216,-0.005988093061707996,-0.025068659414207325,-0.022488188994640092,-0.00993040532069235,-0.11882300526938129,-0.05551513885403798,-0.003314339434707037,-0.017503973697901947,0.011716998570511495
circ_chr10_68644698_68647005_TET1,-0.0018982533229456478,0.05364141570376583,-0.0073385893408769096,-0.09519189233850907,0.014183440702150482,0.03679593490149175,0.03342700540286731,0.030113568485265512,-0.08008334763678462,-0.01848517944684503,0.008489821955313849,0.11866941894590137,0.014721156976152233
circ_chr10_68737845_68742569_CCAR1,0.0681915227285283,-0.009874792407894439,-0.0008918262465107144,0.09367880358767706,0.013414442649466974,-0.002711857168655498,0.012342754124791588,0.00039776160437502957,-0.14610073051933808,-0.005662465309568247,0.00803936288373544,-0.0023788979135469083,-0.012650121404767912
circ_chr10_68747161_68747566_CCAR1,-0.018286281889698122,0.007835276476947192,-0.12836977070846728,-0.004898075842079983,0.0009213163624133535,-0.00887190858102118,0.025436776288908586,-0.06448370323305881,0.025155734915510118,-0.020904090297843105,-0.044075134257638676,0.09955251140064407,0.0036961297300452307
circ_chr10_68786136_68786692_CCAR1,0.007107087189885433,0.007776221513285187,0.03291754692717131,0.0038736734994617725,-0.009061121108380643,0.002797526323616014,-0.012619668644796902,-0.010576290285408399,-0.007177884503139697,-0.006507367252999243,0.0005967326955618469,0.016062739523986305,-0.019482215319466555
circ_chr10_68959806_68960249_DDX21,0.0788288510627628,-4.296865534748026e-05,0.023355200073491813,0.031461821384616916,-0.028462313751478285,-0.08208521616571,0.03987703366620187,-0.08046734576104615,-0.4952311630778828,0.037735074641634385,0.008703789722099418,0.050855265638770145,0.033204698405439395
circ_chr10_69483691_69485215_TSPAN15,-0.07409381590556738,-0.007891273250119771,-0.021929293148374166,-0.023559135009072578,0.017299354995893752,0.0285043535111491,-0.020776543493574547,0.04343334259429539,-0.012935829823590084,-0.008827177093707141,0.007841571572726332,-0.062450472252595264,-0.01854131598940962
circ_chr10_69483691_69498396_TSPAN15,-0.01909322207922287,-0.03503930118347948,-0.0623113865765343,0.009693467186459817,-0.003985130708662596,-0.004488095707034972,-0.06621119580070098,0.13963541638044388,0.01640562083726136,-0.0192742230132647,0.06898079519330073,-0.18448390280111604,0.09624316900256476
circ_chr10_70729294_70730249_ADAMTS14,0.004246176905138712,0.008529642412347722,0.010882073240225094,-0.002558614416011146,-0.0015429983272029807,0.008312275717443196,-0.008808821182736983,0.0001909422681654227,0.0015688443820789885,0.019484026391768477,-0.018547404693160494,0.014028275465979555,-0.007194255687550103
circ_chr10_7220411_7227937_SFMBT2,-0.010356668067028561,-0.036032711877322314,-0.0004698201891074497,-0.01937437445085683,0.014963443228459236,0.04963219400059562,-0.004130306519160732,0.0024218063954136626,-0.10573449625497754,-0.0026160665086335717,-0.0629581564842177,0.028628222890482516,-0.005767479488328761
circ_chr10_7220411_7285954_SFMBT2,0.016286474821193546,0.02024201720196143,0.008673686674932084,0.002205540973511314,0.04083496482732973,0.005636865055369168,-0.001997408498121498,-0.0020253482328449284,-0.010974814604972896,0.0014130456315532935,0.0005987603943131979,-0.016294088084280463,-0.01237600475568208
circ_chr10_72340789_72341170_DNAJB12,0.0613626349408718,0.008373477844320089,0.006386588203830756,-0.008296458033975806,0.09752457234619184,0.008781912579050906,-0.002036947013212788,-0.014832247526970679,-0.1238931947968058,0.040401645457492676,-0.011020262065103953,-0.101037553519214,-0.012390595345940423
circ_chr10_7243558_7285954_SFMBT2,0.1952795146095365,0.04339472027050888,0.0052472347759224105,0.08653613887506169,-0.006679354657699616,-0.005591368050089515,0.013564662496428495,-0.014636045983707154,-0.6788947142064985,-0.0005962869565919108,0.020196698956800253,0.0008467689030600686,0.006797574683723563
circ_chr10_72562895_72566794_MICU1,0.007107087189885427,0.007776221513285182,0.03291754692717132,0.0038736734994617695,-0.009061121108380638,0.0027975263236160136,-0.012619668644796906,-0.010576290285408393,-0.007177884503139698,-0.006507367252999241,0.0005967326955618486,0.0160627395239863,-0.019482215319466565
circ_chr10_72715111_72715902_MCU,0.022690291592781554,-0.011601796503046527,-0.0004191404055847399,-0.02916422359428615,0.22869928592124292,0.01167387439794667,0.002485804387264384,-0.008583947833715242,-0.16647281602987174,-0.0032121854758287074,0.011238060423780052,-0.05081698120378538,-0.003267575509768413
circ_chr10_7276892_7285954_SFMBT2,0.19818859481622655,0.022553042081318718,0.04798161247758269,0.22183500861567323,0.026362318141323903,-0.012042883807697517,0.03918060614093698,0.0270980087614814,-0.5354044740591224,0.03565050575456331,0.05484555653452936,-0.017359980552862055,0.06684282913068801
circ_chr10_7276892_7381949_SFMBT2,-0.008517957427396628,-0.021116055378952277,-0.07724164140929789,0.040127893407732214,0.009561089601400745,-0.019819337219614062,-0.032418337141408085,-0.011226167339877831,-0.15249241689309248,-0.06159340499405688,-0.011401708898915964,-0.022020342619582887,0.0001877986084091246
circ_chr10_73396519_73400857_ANXA7,0.08718312842875456,-0.0198959826066583,0.024492157310007673,-0.034344511547926435,0.09904493226866093,-0.00291753503166831,-0.021749083838024732,0.014685754287453993,-0.10049242016390474,-0.017599548702464815,-0.002526764119007362,-0.0032583238817921363,0.012119368539516685
circ_chr10_73536269_73539593_USP54,-0.017104553876154435,-0.017698873208124973,-0.2047588511668189,0.03288423905411991,0.01681042590609235,-0.02588952902249805,-0.003520410127923036,-0.003966391112105526,-0.014196198634579053,-0.07559011827928797,-0.00891553916401905,-0.02804661683072091,0.031003096778481884
circ_chr10_7367649_7381949_SFMBT2,0.14574742851668765,-0.009871709614475411,0.03476235825396233,0.1910303248937552,0.009363628058518116,-0.00012419566308607944,0.023458784007346238,0.0024393999948148877,-0.15141191013745012,-0.013855375595475387,-0.009806011180545955,-0.01790814611392756,-0.00616557990161659
circ_chr10_74838683_74843478_KAT6B,0.004205577687074576,0.10186676901046987,-0.0026781627967708056,0.0008989084436657363,-0.030734885585177483,-0.006563209257078999,-0.00647851442853869,-0.01495602383226118,-0.032377981349392966,-0.043752723945810264,-0.0076929355740887415,-0.016338912876520863,0.012109631668589664
circ_chr10_74842600_74843478_KAT6B,0.007107087189885427,0.007776221513285182,0.03291754692717132,0.0038736734994617695,-0.009061121108380638,0.0027975263236160136,-0.012619668644796906,-0.010576290285408393,-0.007177884503139698,-0.006507367252999241,0.0005967326955618486,0.0160627395239863,-0.019482215319466565
circ_chr10_7615982_7655675_ITIH5,0.007774934503429307,0.0026575632076456914,-0.002791351513757141,-0.023700957332172107,-0.018197564431522813,0.0193154950546932,0.032807497026539026,-0.0061228255198745975,-0.03961042727621543,-0.017877656895839988,-0.021446842929347676,0.012692626456364717,-0.00865233840570537
circ_chr10_7797047_7802854_ATP5F1C,0.12855616267703363,-0.04238737380509139,-0.09604767743515266,-0.08371773889399563,0.05053952366133677,-0.007847188496143674,0.07962843204270653,-0.021772532924931417,-0.6063700079909834,-0.014424080163881027,0.038239917301604205,0.000697045305620766,-0.0225560991449936
circ_chr10_84371014_84373815_CCSER2,0.07954114775847013,-0.0009420803553722797,0.01094490676630825,0.19665274441455693,0.015599180327327794,-0.0028782457296687275,0.01296811069141114,-0.0046115585205948,-0.09925201437405685,-0.011185192328299145,0.0014554340857106626,-0.0032344251924176183,0.015934182947826368
circ_chr10_84417771_84425893_CCSER2,0.13895901087089632,0.01955837243726352,-0.035961977799337096,0.14131971738772606,0.1342405406217414,0.0778179809428626,0.012520648672868935,-0.04799849011886837,-0.7287501584827341,-0.008861378983434627,0.015423757509998968,-0.014128274979713095,-0.0051813190833471705
circ_chr10_84417771_84477664_CCSER2,0.026858644492083267,-0.008806218976135205,0.006199030023544603,0.012033755895077693,-0.0003854482349253863,-0.003469427945284291,0.01867364523237741,-0.009943205831759533,-0.021232153342105695,0.001646352887346966,-0.007251472822211041,-0.009097864227628887,0.01677150795567004
circ_chr10_84438512_84477664_CCSER2,0.10279387604718163,0.05857870353218843,-0.15358009461728153,0.06401375449508247,0.004457605448630152,-0.0104259244671153,0.013025273105801672,-0.007557526791285712,-0.6331075968090699,0.01733719179393874,-0.001329807576178707,0.005127576789858507,0.1081444819952966
circ_chr10_863743_864270_LARP4B,-0.01994668489890071,0.004209465500406575,0.04771560323763425,0.16082636230681852,0.03634667401363076,0.04663419276479896,0.05052559635428543,0.004852096957989772,-0.22381305563742696,0.002438820049407146,-0.06883009680504436,-0.02638073662847573,0.04420004174828209
circ_chr10_86451967_86461287_WAPL,-0.005864942117094588,0.010592784591329644,-0.026344119836753294,-0.001949757020070895,-0.005531144529887914,-0.0037585471155311473,0.006962410732424955,-0.05376574791038427,0.013499659283990629,-0.01688642346223941,-0.024780637238594732,0.07988979505122033,-0.011623605359749377
circ_chr10_86453220_86460496_WAPL,0.003490394184456853,0.02669096009459721,-0.010251666151758569,0.009532461470172102,0.017957126557994283,0.013553767546134715,0.0035348098378601674,0.010431180847944872,-0.0060548320360953,0.027498289493689453,0.006504950583565919,0.013895848580017635,0.01827490425764954
circ_chr10_88901656_88922436_STAMBPL1,0.022993599260299424,-0.016204366484723173,-0.0017823121357616798,0.000985466334276918,0.0142233898142542,0.007431781939083957,0.0087721337380617,0.005222420812449249,-0.01858658341627424,0.0014807151664648606,-0.018773487590981915,0.0008740985440405941,-0.004368659255749602
circ_chr10_89751346_89762835_KIF20B,0.004360735043015184,0.01641305735887006,0.06908657146759085,0.09144853759298098,0.021123559430478923,0.03050287870928806,0.01695431811335064,-0.005155474638503184,-0.24874981442209737,-0.0019407002745850362,-0.025704692987004205,-0.018098182316300174,0.01041713818897273
circ_chr10_91994535_92008275_BTAF1,0.007205867337697801,0.09964729937735109,0.0027710472854670662,0.013542486064904368,0.03612627324311744,0.01294560907460938,0.0028469748785247442,0.007038622616450396,-0.10890234775932883,0.017798493192386067,0.004643046410009139,-0.028129273977641076,0.009288090662061583
circ_chr10_91996369_92008275_BTAF1,-0.008517957427396633,-0.021116055378952284,-0.07724164140929789,0.040127893407732214,0.00956108960140075,-0.019819337219614062,-0.032418337141408085,-0.011226167339877835,-0.1524924168930925,-0.061593404994056904,-0.011401708898915971,-0.022020342619582887,0.00018779860840912232
circ_chr10_92081320_92091944_CPEB3,0.029186016080004498,-0.07483706155377558,0.015971248478303047,-0.052077537449058756,0.008428147440134495,0.0024959857555213218,0.021572506432197314,-0.0013402951890125285,-0.0041201404689443786,-0.00447238446157566,-0.005955499410275576,0.005679173571209036,0.0037631260104873713
circ_chr10_92143029_92181019_CPEB3,0.005834297870302057,-0.008400494793809717,-0.04648458193293457,-0.0026072587526310286,0.012482321616322987,0.0023216100435842365,0.020758892879521998,-0.022715340734756097,-0.0016234865269117646,-0.008368167550987059,-0.040635209487227576,0.042287845241729655,-0.0024839014463553764
circ_chr10_92531748_92537550_IDE,-0.0036810891873139697,-0.020745175111375705,-0.13142813689334268,-0.0057350590003701265,-0.024519460167445797,0.012031913037740738,0.01169915145047412,-0.07330776312059296,-0.041366688294578104,0.016751074172996778,-0.016130204313465814,0.15251402223346203,-0.002577897825237295
circ_chr10_92893349_92899644_EXOC6,0.03690359409958765,0.018897072253160813,0.0027642755635659128,0.2736297815877557,0.03583695378186769,0.007744564128923294,0.02416884374107086,0.0015444589751097365,0.007113988425976263,-0.00972300629489762,0.007664745224143949,0.019998162978560736,0.00879327034568703
circ_chr10_92893349_92909631_EXOC6,0.012773036540365814,-3.7137803751063474e-05,-0.0034989877829900346,0.02282065673173109,0.04238288099625907,-0.007603498757321959,-0.009232414207440153,-0.010774404904803808,0.0689094359418364,0.003226526970905089,-0.001978345511525947,0.01628112859915231,0.014549000706035275
circ_chr10_93381219_93389154_MYOF,-0.01648054519302995,0.13908490344663274,-0.1075427997718411,-0.09177200462838342,0.01768722972098054,0.015356828609316645,0.039199274878217165,0.005425274441318217,-0.46214272152034247,0.06637785902910824,0.03125077274477423,0.24941895162680375,0.006548006905752409
circ_chr10_93676653_93687449_FRA10AC1,0.020977626916401256,-0.008792089644342716,-0.005843179545671011,0.16272440584734985,-0.05835662432512602,-0.016406677597808488,-0.002506969698785539,0.008116631433698285,-0.18303951901316806,0.0032011598770080455,0.01608365562557783,0.006386937267771818,0.004690047015604092
circ_chr10_93684056_93687449_FRA10AC1,0.011724414281570228,-0.00339521445574132,0.0077519168380450745,0.296634621003694,-0.03816094313829521,0.00041788864250407283,0.013866226607056005,-0.0012792357332742626,-0.11794849400604013,0.0016514243830048488,0.016888079545239895,0.013882892654330745,0.005019806584691144
circ_chr10_94030683_94032252_PLCE1,-0.0061363540644836815,-0.006954214262405433,-0.027765069313910675,0.0916497045645648,0.018433514355011324,-0.01778551257720532,0.012560302578945479,-0.060833611706222125,-0.20062591670052982,0.04302153337088698,-0.024191943382737557,-0.16422919378563144,0.0030644255469473723
circ_chr10_94245946_94246621_PLCE1,-0.009367771970218956,-0.06330704082005768,-0.10239893651439386,0.007988219727100707,0.025558602520212297,-0.12514482202932897,-0.012722138296208378,-0.16610572802420026,-0.27068529991507817,0.10559333335491917,-0.006946353234729055,-0.24172997000544647,0.0005401942859583334
circ_chr10_94258800_94259150_PLCE1,0.013569999708541971,-0.0018821648138201686,-0.018464107576783496,-0.003756804301404816,0.009519165732664748,0.00929179608960886,-0.004766038038451294,0.03071304093616328,-0.022782687279303215,0.016746467533395593,0.01982402647119743,-0.01952045212158255,-0.00578312678424471
circ_chr10_94441896_94474783_TBC1D12,0.04681173380646903,-0.026204932435801683,-0.0013319799389543796,-0.027536355840930744,0.01768749424678896,-0.013120136697052918,0.010662530150993697,-0.004002467312374946,-0.17252375182191246,-0.012954762336778,-0.00526033232250177,-0.002439190067881475,0.025186431079271113
circ_chr10_94780499_94781997_CYP2C19,-0.002946543924958484,0.01577149500912669,-0.033722803071264996,-0.0069588082316264415,-0.006633745755649672,0.00668375540088871,0.002859983896035654,-0.019958426712389465,0.10102711937781104,0.31189298138379007,0.026942968471500708,0.021582621670764548,0.003423102193574721
circ_chr10_94820496_94850058_CYP2C19,-0.008517957427396628,-0.021116055378952277,-0.07724164140929789,0.040127893407732214,0.009561089601400745,-0.019819337219614062,-0.032418337141408085,-0.011226167339877831,-0.15249241689309248,-0.06159340499405688,-0.011401708898915964,-0.022020342619582887,0.0001877986084091246
circ_chr10_94842837_94850058_CYP2C19,0.0009415996472356589,-0.04888623812896018,-0.03138037097294436,0.028180321745275818,0.04469418239275406,0.03822149508264527,-0.017948937303493322,0.0287281373407668,-0.033334714994430144,0.003550149455868633,-0.0010430969897922608,0.059735117246723965,-0.005013969834156637
circ_chr10_95381685_95410777_SORBS1,-0.005161472770672149,0.009604904470917356,0.013999292420930053,-0.017540170878208524,-0.007984520452804036,-0.018400301718903816,-0.007298182819401482,0.020639169927184172,-0.008702186670155852,0.030595717343998102,-0.017447742682221493,-0.007353762556069052,0.03110831344746621
circ_chr10_96544076_96565426_TM9SF3,0.00497400700482557,0.0006820898366297644,-0.051546982783265256,0.02530329833540432,0.021918332908388762,0.001415588645336235,0.0008205978387406733,0.011753008449417481,-0.02982808018316902,-0.012999554806268068,0.010979519001996708,-0.06016923083523988,0.023400722875586397
circ_chr10_96544076_96576829_TM9SF3,-0.0020404652706509526,0.0002036110375747014,-0.1848441295460348,0.02706583340500148,-0.006693798348820178,-0.03401553263164214,0.00770282361343652,-0.02006086157234516,-0.413443502351762,0.0011148373164497193,0.010811498693665097,-0.09970350077719273,0.08250909184113195
circ_chr10_96907265_96907747_LCOR,0.00865106549644206,0.037189314068894,-0.02363598941502788,-0.020950166973699228,0.0062278719771718906,0.013524823808907186,-0.0023377879940859473,0.009205781130626197,-0.009332143792102881,-0.00296834496952961,0.009783319472890779,0.013037183520520614,-0.004041395624853304
circ_chr10_96944113_96952196_LCOR,0.013889229598715549,-0.0016329629237000582,-0.006968548470377235,0.007204573995191303,-0.006845690747440757,0.00773269481143736,-0.002777866308497166,0.008471663493692088,-0.04544089236149458,0.01782131624268503,-0.004125459290580301,0.025673135394996455,-0.0027827191052250595
circ_chr10_97436417_97437750_EXOSC1,0.14537640400237276,-0.004913319993779021,-0.011033881848813121,0.07723843697458391,0.022730743523883542,-0.0014480187204410928,0.02227224028322077,-0.048416099235697244,-0.02215253505397266,-0.013854520572023968,-0.0012736692661109654,-0.006951244718807509,-0.006066125525389791
circ_chr11_102075873_102081281_CFAP300,-0.026040964916946515,-0.034649458903154295,-0.12115506468704974,0.01071371292281284,0.07376741940488665,-0.2201189823770053,-0.0273069236832922,-0.2685425278886138,-0.13796780217717716,0.15664049770108887,-0.01184152488837649,-0.4209713105978359,0.003636801867175085
circ_chr11_102362896_102368548_BIRC2,0.00485067550472114,0.0021863652569269277,-0.029073451894708877,0.028187649545863627,-0.06620623947306203,0.012630235663491546,-0.011795597971465236,-0.0015224106003673664,-0.2612841119624451,-0.017008583732945552,-0.02187053117274779,0.002963873524556425,0.0026748832562674056
circ_chr11_102871594_102871952_MMP12,-0.010356668067028561,-0.036032711877322314,-0.0004698201891074497,-0.01937437445085683,0.014963443228459236,0.04963219400059562,-0.004130306519160732,0.0024218063954136626,-0.10573449625497754,-0.0026160665086335717,-0.0629581564842177,0.028628222890482516,-0.005767479488328761
circ_chr11_103219915_103223086_DYNC2H1,0.0031213084530363963,0.014518782029764936,-0.027052897182337526,-0.01684429323333351,-0.020892911452582305,-0.01593984078275525,-0.009235961536069884,-0.001882409948813448,-0.00020836762893140036,0.030398531788013838,0.005845223378340794,0.10376731553801989,-0.01958589431523575
circ_chr11_103303093_103312033_DYNC2H1,0.0031213084530363963,0.014518782029764936,-0.027052897182337526,-0.01684429323333351,-0.020892911452582305,-0.01593984078275525,-0.009235961536069884,-0.001882409948813448,-0.00020836762893140036,0.030398531788013838,0.005845223378340794,0.10376731553801989,-0.01958589431523575
circ_chr11_103303093_103323990_DYNC2H1,0.006538767660971771,0.01511329314063227,-0.010052340324881079,-0.04315303774232537,-0.011584287554514712,0.007882521350211393,0.02969377529782635,0.008676339676498621,-0.016862084495669272,0.030571733880608843,0.001748841372144742,0.0050210256005526685,-0.015046744318375013
circ_chr11_103303093_103358359_DYNC2H1,0.00802147855103816,-0.02860944416661042,-0.013062834751756278,-0.003501538753496169,-0.003804588296938872,-0.009617495803312181,-0.005011192777026805,-0.01272695882320246,-0.13261011997238026,-0.019009386284180124,-0.0014450385501242721,0.03893645184709114,-0.007315495946763552
circ_chr11_106978619_106986131_GUCY1A2,0.17289602922610126,0.0007597861518689895,-0.00912330920539615,-0.12285987598726292,-0.06338735893924752,-0.013257420777636237,0.05092767471120623,-0.02460274757122138,-0.04984071847922501,0.01828198105726049,-0.0021187185438953436,0.06862209465354929,0.007182310612718967
circ_chr11_107390074_107392895_CWF19L2,0.016903867704481212,-0.0003189985512058742,0.0037694985428309066,0.2814469783781016,0.0014224298174449498,0.02023161751474853,0.03904731639331311,0.010424473918737751,-0.3128926229754348,0.014695466479281619,-0.003880289054509834,0.018414467924714056,0.02651575890788426
circ_chr11_107390074_107418287_CWF19L2,-0.0034674260025615417,0.06697696616586367,-0.032023254462973216,0.009300998971412632,-0.008388765357285888,0.009321549495740438,0.009534994161490317,-0.0004800935550110424,-0.07783462350965568,0.027656387952476887,-0.028192571502518717,0.052166738898808546,-0.011033613288035484
circ_chr11_108046270_108054955_CUL5,0.07652659257110377,-0.0011916725399580825,-0.028724289795095368,0.01503563799861762,0.008582665043627875,-0.010003231881640779,-0.006270072780696087,0.006487046755675042,-0.03774167962326232,-0.001822104269248674,-0.0033733061681905994,0.031214456773872985,0.02262094913908958
circ_chr11_108176246_108177090_NPAT,0.1253094037446689,0.016736950928445946,0.008555624591542178,0.2600607233304195,0.017648647777092425,0.017739473515546222,0.00025782528600190103,0.0265315427730181,-0.11925718274506952,0.0008615834092922511,0.042502591901357835,0.01319647425523175,-0.023196212283500474
circ_chr11_108227595_108229323_ATM,0.0902469126045941,-0.003343950010863073,0.03227005485658276,0.315216734174169,-0.008096664579384821,-0.0029224378766709025,0.01908331708268002,-0.005590488847415273,-0.10798855670267521,-0.0009949209803010515,-0.012639445565863005,-0.004471149797438003,0.014287072494146895
circ_chr11_108227595_108235834_ATM,0.1151838921106341,-0.02242769078898153,-0.003841807142960084,0.16253141493383705,0.008609731804696593,-0.0034351595443674414,0.022302189178409513,-0.046101678333356336,-0.4340359796021714,-0.004926213259204699,-0.008088230334025625,0.03793533197981261,0.02014150768065699
circ_chr11_108267171_108267342_ATM,0.2176891113877292,0.025111512327230117,-0.008550214784685055,0.18126678040720937,0.046312200102821305,0.015601910305879707,0.02185380655721234,0.02092854581748783,-0.2583479310008221,-0.0389061624655129,0.07590360915358664,0.024422368132449745,0.04023604637827676
circ_chr11_108301648_108304852_ATM,0.03444098597960103,-0.0015774110308204746,0.00941228568194452,0.1085214472140806,-0.011853771456208407,-0.00021472694316103708,-0.002528385977592282,-0.00932082686428555,-0.04740111182080572,-0.007934331341668788,-0.010210728098626241,-0.003696591457995821,-0.005629580331909166
circ_chr11_110136663_110137414_ZC3H12C,0.019623534061631618,-0.02020129652111292,0.028429077553972126,-0.04193923552848186,0.0065405478384221866,0.003184815764928641,0.012315343994470837,-0.009161311265497768,-0.02714914492113382,-0.00630427987476165,-0.01953756177284793,0.022133984129047272,0.0034863365157029136
circ_chr11_110263960_110264874_RDX,0.02685864449208326,-0.008806218976135205,0.006199030023544602,0.012033755895077693,-0.00038544823492538523,-0.003469427945284289,0.018673645232377415,-0.009943205831759533,-0.021232153342105684,0.0016463528873469691,-0.007251472822211041,-0.009097864227628883,0.01677150795567004
circ_chr11_113833420_113841768_USP28,0.007107087189885427,0.007776221513285182,0.03291754692717132,0.0038736734994617695,-0.009061121108380638,0.0027975263236160136,-0.012619668644796906,-0.010576290285408393,-0.007177884503139698,-0.006507367252999241,0.0005967326955618486,0.0160627395239863,-0.019482215319466565
circ_chr11_115209574_115240420_CADM1,0.06345325328324479,-0.018592111815881683,-0.008587193189986127,0.010502128080602548,-0.06024808999021605,0.0005096683650588295,0.00867339592463159,0.003611996606738766,0.06558846057681535,0.008131710463033206,-0.007188988987624564,8.522524183693321e-05,-0.03139820169751174
circ_chr11_117152441_117163892_PAFAH1B2,0.011638696812766988,-0.003844053743768053,-0.0002308289572084372,-0.035767243159524835,-0.010779669758644786,0.018380209166474218,-0.004525071068686969,0.04843715673008439,-0.22775930937122738,0.019337997674183913,0.02049114630417342,-0.021584397504413662,0.033644391430512406
circ_chr11_117279908_117280259_RNF214,0.029875140353183432,-0.013129313545795336,0.004460307691733896,0.21522459725158072,-0.013602554823428535,0.005087201666076108,0.016990866233798755,0.002508756461456854,-0.10425378580364641,0.002627707639167083,-0.0006939104930636026,0.010269180886818243,0.0005804023830488079
circ_chr11_118103101_118104820_TMPRSS4,-0.018286281889698122,0.007835276476947192,-0.12836977070846728,-0.004898075842079983,0.0009213163624133535,-0.00887190858102118,0.025436776288908586,-0.06448370323305881,0.025155734915510118,-0.020904090297843105,-0.044075134257638676,0.09955251140064407,0.0036961297300452307
circ_chr11_118481715_118482495_KMT2A,0.011724414281570226,-0.0033952144557413168,0.007751916838045074,0.2966346210036939,-0.03816094313829521,0.00041788864250407386,0.013866226607056002,-0.001279235733274259,-0.11794849400604013,0.0016514243830048519,0.0168880795452399,0.01388289265433075,0.005019806584691143
circ_chr11_118551786_118559864_IFT46,0.04361525581287025,0.03437881838931178,-0.009195929178762524,-0.00403781557857897,-0.007004113001208382,-0.013568617537209237,0.002957509406135932,-0.008122715160762536,-0.2058532015700789,-0.03633638772133006,-0.004100160091042002,-0.015440594190297315,0.005359772652649613
circ_chr11_118581246_118584644_ARCN1,0.043866262887395854,-0.02948165822545859,-0.03175553272765891,0.0053602013800740115,0.001582578867206371,0.0029480652404241863,-0.00033812939185314493,0.007709463593443115,-0.08830338126192697,0.001475236290491118,0.018415170461703156,0.028892505208373262,0.0013415510661279135
circ_chr11_118583809_118584644_ARCN1,-0.040033159755737374,-0.00859475500422329,-0.0941735665680944,-0.003904042312185021,0.01892000256223884,-0.08098876151300435,-0.013383339359568236,-0.06726462732725218,-0.17242351448946894,0.04907807690587538,0.0009417238844748381,-0.14621770412177695,0.038778749353833394
circ_chr11_118786052_118786518_DDX6,0.06750562068324208,0.02236530094145646,0.00233245095335286,-0.05242141592147985,-0.008004050082975061,-0.0016786686506706395,0.016742817843491544,-0.022383842801626426,-0.10564732648772149,0.004596128003563555,-0.0033073694929801572,0.012494662106235139,0.0035717096769892886
circ_chr11_119273868_119274953_CBL,0.037480676101792954,-0.0014600347581912032,0.019732112005116313,0.047238392006958556,-0.013389928245631297,-0.013108952432682057,-0.002662860626993452,-0.020922667084544808,-0.22241900324270641,0.006140315666419383,0.019344733388035888,-0.009269452669044685,-0.012208567978733764
circ_chr11_119284969_119285566_CBL,-0.0010825469505510764,-0.019101210627093974,-0.02344864862300968,0.09434473183118047,0.090620851458656,0.015703169201786757,-0.025495485920314365,0.020916679896124394,-0.01203632604100958,0.005213606704215576,0.017160282190635322,0.08009370927222813,0.008811750382244382
circ_chr11_120406118_120407823_ARHGEF12,0.01235965109833224,-0.00931260961915477,-0.009527230485675366,-0.021841712035061436,-0.011291899167197068,0.002847322714412031,0.009547455543062936,0.01121006232766718,0.027575321607422414,-0.015177383426190806,0.0002449129405202612,-0.003566772134044334,0.02727210101601907
circ_chr11_120406118_120409450_ARHGEF12,0.04687692859619975,0.052231614715195517,-0.026103469370435426,-0.11203540993722151,0.004187384127643973,0.004025810061604772,0.020422098168179987,0.0278519980730793,-0.008849734683285631,0.05364930799949483,0.03949530539016613,0.04086749183864201,0.006929750693183543
circ_chr11_120473050_120477526_ARHGEF12,0.0020473799725442307,-0.020782318863928284,-0.13075050644493394,-0.013876825156822719,0.00025751402143075314,-0.011179630782203728,0.010006453034868117,-0.018913211101868506,-0.3150635733136676,0.00965927795460498,0.017331984869660755,0.06487929869701087,0.030197239629273228
circ_chr11_120474560_120477526_ARHGEF12,0.10243744900253335,-0.007071583929571359,-0.09221378165983757,-0.2335084039291723,0.035060873079500586,0.02778319194098558,0.07791381662004443,0.0855325364013489,-0.6654485584970005,0.015168345599643357,-0.008638078446689602,0.2911499217131067,-0.003247766645070168
circ_chr11_120475340_120477526_ARHGEF12,0.0012544498455946966,0.005390253237314516,0.00043952512459689787,0.02317864515163218,-0.03639110909121471,0.010394068272764245,0.005938803408121582,0.0042943499315840706,-0.1274088684279402,0.0331754151793072,0.06341623123228791,0.0009722931824242186,0.0015431914619574577
circ_chr11_120476661_120477526_ARHGEF12,0.007364228377037237,0.008809364116970744,-0.009882365092426395,-0.03934360329079912,-0.024297509993960218,0.015448385032411787,0.054444871947527944,-0.0040722615176450256,-0.29058136209764557,0.035337697096142776,0.032715141231718765,0.08693769668558043,0.032276417737965774
circ_chr11_121045674_121060085_TBCEL,0.24744165596138995,0.0789039780153651,-0.1526274260675139,-0.2873565339900582,-0.00308689741917132,0.014971272019226552,0.01807490305887459,-0.013516908880648394,-0.6320115662106949,0.10843242919447388,-0.004780602278569989,0.1519306538566895,0.055077014811382725
circ_chr11_12473745_12477949_PARVA,-0.018286281889698133,0.007835276476947196,-0.12836977070846733,-0.004898075842079983,0.0009213163624133524,-0.00887190858102118,0.025436776288908596,-0.06448370323305883,0.025155734915510125,-0.020904090297843105,-0.044075134257638676,0.09955251140064408,0.0036961297300452333
circ_chr11_12764179_12764434_TEAD1,-0.002825465333667854,0.007764282011415561,-0.017829205643539264,-0.0193785013369919,0.019668993318669333,0.0020371225553067807,-0.007192342452309545,0.011822817331092582,-0.01891665011294399,0.00946660659895944,0.00196293193108259,-0.026276026143654117,0.04497404950859727
circ_chr11_128484823_128490576_ETS1,0.0073283629936976395,0.02056631489959526,0.05136982596716004,0.155270107173723,0.12115845860604603,0.02470785635454424,0.018911172848252673,-0.007482359789609853,-0.03076786084995453,-0.008231886828733081,-0.02137226267333401,-0.011955481087816399,0.004890718962292796
circ_chr11_129062280_129066868_ARHGAP32,-0.02299094524747045,-0.0023869087828070758,-0.029316635127609007,-0.005225917980747441,0.014743152494151769,-0.06737591911089813,-0.018746345834747147,-0.08693525949836067,-0.13146034846720758,0.06440578264899223,-0.044758196031236465,-0.08219744845864554,-0.012803346481487874
circ_chr11_129123446_129124894_ARHGAP32,-0.0014559542921328255,-0.007102758570243525,-0.07275298819429087,0.0047129683844291835,0.003419932002516793,0.028494190493214958,-0.004711185502272865,0.012057103583437862,-0.10108386887799126,0.008849244473962433,-0.018706722995552687,0.03751838802198281,-0.027522478706389273
circ_chr11_129123446_129164427_ARHGAP32,0.0031213084530363963,0.014518782029764936,-0.027052897182337526,-0.01684429323333351,-0.020892911452582305,-0.01593984078275525,-0.009235961536069884,-0.001882409948813448,-0.00020836762893140036,0.030398531788013838,0.005845223378340794,0.10376731553801989,-0.01958589431523575
circ_chr11_130260856_130261929_ZBTB44,0.09757070063446391,0.0030225936143866167,-0.0888376264996463,-0.012136243247008925,0.020832645899262363,0.14740014180451727,-0.04917325269837546,-0.07649157200238633,-0.503264731355368,-0.020696022526615888,0.006283967160327047,0.02607305702514003,-0.005846809648001268
circ_chr11_13413530_13421838_BTBD10,0.06327818613227965,-0.02971122868404737,-0.03996993280862467,0.0019871048705765444,-0.006272483677889938,-0.004747680990211356,-0.011489530967490455,0.020361928331948283,-0.5707561355895685,-0.12214638796088702,-0.014409463335010772,-0.1229114286093087,0.02634600636136605
circ_chr11_13413530_13445181_BTBD10,0.007624395361029252,0.003717136670725035,0.034768294107814464,-0.07264885837806312,0.005246358810674054,0.010634822440660382,0.016413405144010344,-0.0016718984306149324,-0.07180518252366931,0.008529627805566636,0.005072804262992556,0.013715696606032342,0.0006191526021977224
circ_chr11_14771937_14789242_PDE3B,0.1195362766913581,-0.01913926127905987,-0.0065019184950885316,0.050695157024013004,-0.024230426598033813,-0.004201332651062893,-0.009146324525178443,0.008944105987018714,-0.30403229361981415,-0.015134093897559353,-5.026275278656517e-05,-0.06325352113904359,-0.0020571542186751924
circ_chr11_14771937_14819209_PDE3B,0.004583058989228135,0.004877488061630189,-0.009641347792030014,0.012273577763610974,-0.0022431266415643574,-0.008115686533758956,-0.008020260595810737,0.067619806160579,-0.016879530778259173,-0.00167626586237385,0.03806819197700158,-0.17857503805860866,0.008605884617065898
circ_chr11_17131916_17145942_PIK3C2A,0.0046015942687361545,0.03278917747750354,0.01721382630001513,-0.004922977919421761,0.01316530731297649,0.007319694595858732,-0.012274104004731829,-0.0012552474346095722,-0.011277933144577463,0.018882822402452624,-0.017474298505818896,-0.011474910043675556,-0.011961642324003464
circ_chr11_18283795_18285459_HPS5,-0.010958524106616243,-0.03541950991350766,-0.07673740206699954,-0.004480679695874223,0.01697615403865025,-0.127594581942246,-0.0151934245708735,-0.109417226918382,-0.13027991971837558,0.08191892092266466,-0.035607034759466694,-0.21436250884343666,0.0377142406522406
circ_chr11_18291442_18292019_HPS5,0.044354307874886395,-0.029822501763550027,0.009971016071468311,0.03429524740951295,0.00823499766869158,-0.004317507368157056,-0.004683455766458947,-0.025662346658697228,-0.7068038492472536,0.007700433401084455,-0.0013597851966051756,-0.026148676821167595,0.012593331382358108
circ_chr11_18291442_18292976_HPS5,0.10976283929561832,0.026671774502145116,-0.0335592379939644,-0.13211961428138694,0.007909745811021452,-0.005392186937257433,0.03788042474248027,0.02822237632559924,-0.7515327309251459,0.047112755744332206,0.0026755352773618533,0.020686630441191532,-0.02804974513154081
circ_chr11_18514678_18519603_TSG101,0.005501446286346857,-0.023401886816535745,-0.0018959610974282608,-0.010912516346575992,0.017650135967367652,0.054652881583337996,0.010957899617830133,0.023184767515857286,-0.02447084149217961,-0.0066777698982345216,0.029824291321582777,0.008632372701901382,-0.00903991310417192
circ_chr11_32927157_32935435_QSER1,-0.0011594753651795705,-0.0714909029735456,-0.1281594961162369,-0.06569454487792593,-0.0042440683373115105,0.035520978314745225,-0.014154926362292491,0.0027727115874613007,-0.349003581023916,-0.002142523471298848,-0.0016861994094908885,0.005587676457451165,0.0453498351043107
circ_chr11_33286413_33287511_HIPK3,0.22170123904365693,0.05301734916729107,-0.17382088873063276,-0.20074997734260816,0.2209241821689977,0.030583694647096423,0.1630365192331336,0.006522428703491806,-0.9996369865757746,-0.0015668491746972696,0.010531459621678608,0.09395063142809768,0.051716556241943754
circ_chr11_34071726_34076642_CAPRIN1,0.016416669760808085,0.01427297628866923,-0.058858562581880165,-0.05821900439915561,0.01300336624551979,-0.004746031985941845,0.021946189861499276,-0.015514005234779445,-0.4458138522704053,0.031187564670370184,-0.01399638882178807,-0.17399759611416388,0.04874248653226954
circ_chr11_34082825_34089456_CAPRIN1,0.004246176905138712,0.008529642412347722,0.010882073240225094,-0.002558614416011146,-0.0015429983272029807,0.008312275717443196,-0.008808821182736983,0.0001909422681654227,0.0015688443820789885,0.019484026391768477,-0.018547404693160494,0.014028275465979555,-0.007194255687550103
circ_chr11_34090179_34092056_CAPRIN1,0.08763505525172265,-0.027693700725720506,-0.01227503521661279,0.093932457593365,0.032273498111472114,0.03316651024133069,0.006134635360465639,0.05443194140506663,-0.07214237302193613,-0.013788405639334549,0.020987576029830788,-0.0329454490572192,-0.0027649034874222826
circ_chr11_34957384_34978182_PDHX,0.004668861449366914,-0.02673208393558884,-0.19177168794347074,-0.0019191840816148661,-0.01508582880690704,0.004680692361235961,-0.034006647371423296,-0.06154381104125604,-0.14318036662117847,0.015236646580543677,0.00580210364676269,-0.019017718632896138,-0.03243318931258582
circ_chr11_36227085_36227430_LDLRAD3,0.1026695958510707,0.0023461550212111756,-0.08224774362234155,-0.01101731957519058,0.1345611757695046,0.04908113144572037,0.031190160851961506,0.04942684344090217,-0.502272849089812,0.0036607106140072714,0.000989155247185337,0.0069825486563616515,0.030012477249137193
circ_chr11_3731391_3753408_NUP98,-0.009607523999689744,0.03699115818635997,-0.010495306126515766,-0.021933173061255692,0.005248623145999904,0.001120694614242124,0.0039512734846495175,-0.027913586848805554,-0.08663668647367424,-0.007380852490637582,-0.05350608508588338,0.08072977779959416,-0.015416750016000392
circ_chr11_3735191_3753408_NUP98,0.012773036540365814,-3.7137803751063474e-05,-0.0034989877829900346,0.02282065673173109,0.04238288099625907,-0.007603498757321959,-0.009232414207440153,-0.010774404904803808,0.0689094359418364,0.003226526970905089,-0.001978345511525947,0.01628112859915231,0.014549000706035275
circ_chr11_43326507_43335994_API5,-0.027444456820186012,0.008985209632974105,-0.026271338218027313,-0.025505250559287342,-0.0011873995697816125,-0.008273573890884078,-0.007890509610255938,0.005424277350087783,-0.09299382664387826,-0.026381466482586432,0.0017635755977336728,0.010125429337205668,0.033845237327614894
circ_chr11_45862060_45872233_CRY2,0.018856267523882114,-0.010793240239697716,-0.004951864834780393,0.020379604438337168,0.018958536992754935,0.0008282859469234473,-0.00733726891635039,0.026707337772181833,0.011128062964876423,-0.014508094154536287,0.02692936349462865,-0.04557284743791016,0.00660571701087056
circ_chr11_46076754_46092223_PHF21A,0.25898122196352485,0.02755453086312424,-0.1860720246109889,-0.034149485849201175,0.05718461772506658,0.018576191640757786,0.0009268743205153865,-0.013885207869000023,-0.49516311724498296,0.008191648296658841,0.03294094804051148,-0.001722526306673388,-0.02976464112186853
circ_chr11_46312325_46312919_CREB3L1,-0.017173150432203958,-0.006558268194683238,-0.19639926222893964,-0.005370953812073755,0.009848245684495655,0.03415053872199735,0.0050975770283592,0.020104787092060237,-0.34862275309747115,0.012028377486313909,-0.000423904882920773,0.010195507209615963,-0.02303837341884718
circ_chr11_46493608_46494204_AMBRA1,0.014167530743432527,0.010979201891266633,-0.023027599607821747,0.007598252444457902,0.013503214183637592,0.0045800883662077884,-0.005836385965083324,0.012877204242699032,-0.0079127081712502,0.012022807946666367,0.012824239442804398,0.004748384209210137,-0.0035409943073792566
circ_chr11_46493608_46508370_AMBRA1,-0.0013118192975559524,0.07715972948346654,-0.001988174351576903,-0.023748631836412456,-0.004189263861530005,0.01510953279669874,0.026427106751432533,0.0004947247888449155,0.020222272442878275,0.040905896373823816,-0.0069828619211727,-0.01117316462532715,0.0021087390605937398
circ_chr11_47752916_47754664_FNBP4,0.024814232585417973,-0.01029993826616153,0.008415755035453967,0.012131219056272778,0.010189526329250841,-0.004129211053797801,0.007442724485890407,-0.011803986736809739,-0.0312281108160092,-0.019692021977916405,-0.008917843803337341,0.026650032989844953,-0.009027715458335446
circ_chr11_57491224_57491862_SLC43A1,0.16985821580031907,-0.21903878348610425,0.038061094313979894,-0.13683837126278578,0.05103189398055046,0.011362427667024807,0.020801234097032256,-0.0008110648932358308,-0.2696771132024851,-0.012438773947161757,-0.03359143136459278,0.05223541704290977,0.0016399565782495708
circ_chr11_59658866_59659469_PATL1,0.05651014071411234,-0.001850900229364794,0.02884218098822431,-0.012387688381287605,0.036861371936943096,-0.056571854787554145,0.0039038595662409673,0.06750575985401958,-0.21764988964569143,0.028317083136083738,-0.011164787320293489,0.07346932206151276,-0.02267939117339356
circ_chr11_61132420_61138835_VPS37C,0.00036019621369280766,0.00736192667028477,0.045805996967562386,-0.004225027175566167,-0.0023666587267882192,0.004562914447200102,0.003500316451090958,-0.010754074346394542,-0.016180229100307454,-0.015493524901458505,3.8712848012283595e-05,-0.009532107857701248,-0.006498420235292784
circ_chr11_61366045_61367998_TMEM138,0.14403383912167483,0.0477043799574892,0.0038164632834594737,0.006120202786634429,0.00758963595414572,-0.025841869727521335,-0.0061095466289506455,-0.09550690632901365,-0.5122286260000686,0.023474672159527896,0.016841676111943947,-0.027092031067680482,0.04006116582517017
circ_chr11_61437625_61438113_SDHAF2,0.09577598905587735,0.03437055172992849,0.007912188544322029,0.10181397842285782,0.019812246443374554,-0.013437922565222674,0.02534703406534316,0.03813141730438328,-0.451024025681729,-0.012177559808225864,-0.011572072469256628,0.1321193325644356,-0.01719518180296227
circ_chr11_62827155_62827631_STX5,0.02685864449208326,-0.008806218976135205,0.006199030023544602,0.012033755895077693,-0.00038544823492538523,-0.003469427945284289,0.018673645232377415,-0.009943205831759533,-0.021232153342105684,0.0016463528873469691,-0.007251472822211041,-0.009097864227628883,0.01677150795567004
circ_chr11_64193078_64195813_STIP1,-0.010304183529211645,-0.0009316542686889165,-0.05511486213341184,0.030975359009196644,0.01700735727526029,-0.13033188456764386,-0.007968672655161867,-0.11794865840516798,-0.04648165013927547,0.070469981023453,-0.025254682749268273,-0.1026067296698623,0.038707307512598085
circ_chr11_64193078_64197974_STIP1,0.037481029248569095,-0.06658808708085343,0.013440744500607959,-0.08043655343894891,0.03766137565333938,-0.0010868524675814613,0.033364379944231005,0.004553829209550056,0.030471057750898072,0.0030883638733411145,-0.0012171809883147297,-0.023060616353967462,0.007040914439192136
circ_chr11_65430769_65437657_NEAT1,-0.08023366715590467,0.08216868685447629,0.018918193247309725,-0.02914930366971208,0.003999883567661579,-0.022889538547156363,-0.10333874254257412,-0.06568633286415561,-0.003588270207105717,-0.052384714664826366,0.007584673789986277,0.11376662229820765,0.00019147601080795552
circ_chr11_65434479_65437657_NEAT1,-0.13904530371881693,-0.0201651161780729,0.04587589612642451,0.006693747488960147,-0.007496396580904808,-0.0003576975721773514,0.06390304317593086,-0.5939305912608134,-0.026214964310351394,-0.07649951537388205,0.013684616148306256,0.17492890801330221,-0.14174922268677081
circ_chr11_65502321_65505019_MALAT1,-0.017044460340697207,0.018244418807915396,-0.0005875376903099932,-0.02078996977470394,-0.014683753298026063,-0.0015894387685842493,0.0033611980997597934,0.0028828507538936573,-0.09707490166271465,-0.008551891357916976,-0.03843608200294339,0.04462391521583413,-0.020585956839908583
circ_chr11_66238804_66239277_PACS1,0.02176406603851956,0.0054097029384403295,6.881490679906523e-05,0.02904466977808344,0.056694925678730725,0.012289624826545165,0.01734431142493481,-0.0052065787902777945,-0.009608210222143695,-0.011750915622825302,0.0004770621242136798,-0.0071817119798024,-0.01930433881826479
circ_chr11_66639700_66640123_RBM4,0.0031213084530363963,0.014518782029764936,-0.027052897182337526,-0.01684429323333351,-0.020892911452582305,-0.01593984078275525,-0.009235961536069884,-0.001882409948813448,-0.00020836762893140036,0.030398531788013838,0.005845223378340794,0.10376731553801989,-0.01958589431523575
circ_chr11_68551121_68564432_PPP6R3,-0.10023123737750622,-0.014197534916713203,-0.0027685797707595497,0.004604359606006882,0.007890759770690096,0.005693774636907564,0.0050822142469210746,-0.33207196713219456,-0.02067557026110718,-0.005974075907841299,0.019957943594109035,0.3096753206956201,-0.10288304558774554
circ_chr11_68567014_68576043_PPP6R3,0.0015596115497703447,-0.001502566149482895,0.002405103828562786,0.07876523570037758,0.0376444579925021,-0.016554822886264434,0.023338859732985207,-0.25161570568834474,-0.023246016939797543,-0.021264718061555766,0.0019453078498175567,0.056252847423480634,-0.018416059348762743
circ_chr11_68583043_68596218_PPP6R3,0.007107087189885427,0.007776221513285182,0.03291754692717132,0.0038736734994617695,-0.009061121108380638,0.0027975263236160136,-0.012619668644796906,-0.010576290285408393,-0.007177884503139698,-0.006507367252999241,0.0005967326955618486,0.0160627395239863,-0.019482215319466565
circ_chr11_68600341_68603492_PPP6R3,0.007107087189885426,0.007776221513285182,0.03291754692717132,0.003873673499461768,-0.009061121108380638,0.002797526323616013,-0.0126196686447969,-0.010576290285408393,-0.007177884503139693,-0.006507367252999241,0.0005967326955618486,0.016062739523986295,-0.019482215319466558
circ_chr11_68804000_68807638_CPT1A,0.02176406603851956,0.0054097029384403295,6.881490679906523e-05,0.02904466977808344,0.056694925678730725,0.012289624826545165,0.01734431142493481,-0.0052065787902777945,-0.009608210222143695,-0.011750915622825302,0.0004770621242136798,-0.0071817119798024,-0.01930433881826479
circ_chr11_6941571_6955782_ZNF215,0.008615253237709557,0.0023875772361399315,-0.00818455883716573,0.04901231420019415,-0.02411114084925515,0.006053976579750367,0.014405391242496027,0.043446394008184605,-0.06253480196460089,0.001913717587608647,0.006865674818040447,0.01005593394325967,0.024723455918520078
circ_chr11_70354301_70356254_PPFIA1,0.0012926622349438827,-0.05778335875079398,0.009769181635876223,0.16991168036460688,-0.005059613303948138,-0.001047641096428582,0.05186830453836367,-0.14700567438272885,-0.29937851072039257,-0.00024167897260558252,-0.006988630583235737,0.001541834552792076,-0.015246787672144851
circ_chr11_70659828_70661678_SHANK2,-0.004898226633459944,0.005943718557234809,0.010351553516673488,-0.06686166223837386,-0.0002552083704466557,-0.01092366949147104,-0.010459099309796046,0.020730473721027348,0.005881490323196667,0.022319507744392203,0.0197526707511694,-0.000530640131173349,-0.02106050068795604
circ_chr11_72887470_72889945_FCHSD2,0.0031213084530363985,0.014518782029764947,-0.02705289718233755,-0.01684429323333352,-0.020892911452582298,-0.015939840782755246,-0.009235961536069882,-0.0018824099488134465,-0.0002083676289314014,0.03039853178801383,0.005845223378340791,0.10376731553801986,-0.019585894315235754
circ_chr11_72984088_72989097_FCHSD2,0.1392255984425096,0.040265212219012546,-0.08886769614061274,0.14302523012133947,0.0023852756972446857,-0.005700550045011441,0.0204672799876863,0.042567736492025346,-0.3725402384116237,0.07343075288439103,0.010756927429787809,0.12792043244195092,0.008264297215493311
circ_chr11_73707420_73718718_RAB6A,0.13106870170782742,0.03135565340074016,-0.0021609626273632774,-0.020686721311462167,0.006010133549516952,-0.0019705755869826895,0.06404872239737673,0.04348584488869307,-0.6866718501192235,0.05180596932309262,0.006720309804460851,-0.014454989594304635,-0.018878206030498747
circ_chr11_73707420_73718890_RAB6A,0.03322509066018082,0.12976781497310808,-0.01191433577956957,-0.009418973029226937,0.02613513871959953,0.029053643023439248,0.00833105760745878,-0.012035553043823958,-0.35702232618178315,-0.005195990923252937,-0.0051541310559712564,0.1606883640645915,-0.001613509439566046
circ_chr11_73707420_73720899_RAB6A,0.13176027890700928,0.12546714854849914,-0.020546663189586464,-0.017605184113237228,0.031002652647712247,-0.0032164032479962417,0.029641669049620067,-0.036874119264689184,-0.5249916183290219,0.027919440234188728,0.008253117915538432,-0.05114041236169231,-0.006734760557023392
circ_chr11_74789626_74817714_RNF169,0.021808415655975657,0.011384609554658563,-0.034426203403715674,0.007075603576109089,0.04091001795668356,0.01487969950085722,0.0018767173628347603,0.002336050824135565,-0.24422083864067956,-0.004507726418076028,-0.01049777248122987,0.05032021296448518,0.018627178338117813
circ_chr11_74859158_74863021_XRRA1,0.0038786692657441046,-0.0012079958350760824,-0.004378354309772763,0.02065224390752272,-0.01139409183590113,-0.0021890844220903483,-0.01700471471657322,0.004697792410124527,-0.05907468461562037,-0.0027515545553505744,0.008828978715716926,-0.001683111574910855,0.026576669451579462
circ_chr11_76513386_76528466_EMSY,0.02685864449208326,-0.008806218976135205,0.006199030023544602,0.012033755895077693,-0.00038544823492538523,-0.003469427945284289,0.018673645232377415,-0.009943205831759533,-0.021232153342105684,0.0016463528873469691,-0.007251472822211041,-0.009097864227628883,0.01677150795567004
circ_chr11_76958979_76998821_ACER3,0.02176406603851958,0.00540970293844033,6.881490679906608e-05,0.029044669778083447,0.05669492567873074,0.012289624826545165,0.017344311424934818,-0.005206578790277796,-0.009608210222143695,-0.011750915622825299,0.0004770621242136803,-0.007181711979802404,-0.019304338818264783
circ_chr11_77379241_77379994_PAK1,-0.018286281889698122,0.007835276476947192,-0.12836977070846728,-0.004898075842079983,0.0009213163624133535,-0.00887190858102118,0.025436776288908586,-0.06448370323305881,0.025155734915510118,-0.020904090297843105,-0.044075134257638676,0.09955251140064407,0.0036961297300452307
circ_chr11_77619606_77625818_CLNS1A,0.06020728871504078,-0.022441338846605288,-0.13778976230761344,-0.019440078279733465,0.05406206980009345,-0.003944742492779132,0.010818685174366212,-0.004432596483286564,-0.4342504993938724,-0.019604653508226575,0.019406067706028818,0.01782173347776578,-0.038099875488701314
circ_chr11_77619606_77629899_CLNS1A,0.07989618638897454,0.029273554597275504,-0.042897451385908295,-0.02242036899930564,0.02674314982058542,0.014944860030688949,0.0416046901643137,0.0034368078758073967,-0.2342083148260687,0.03421525340064821,0.014544266531745944,0.003307628589887427,0.0057439209933617084
circ_chr11_77624963_77625818_CLNS1A,0.18218300956127728,0.025892477305933734,-0.0006840067524968746,-0.0035897229027852273,0.013357843077970043,-0.01348957903246744,0.031123252529887457,-0.17665943648271779,-0.38131670862948197,0.04713344863367391,0.008542840223451283,-0.05158746420163837,0.018353150728050084
circ_chr11_77624963_77629899_CLNS1A,0.01298286476937313,0.000828168101691616,-0.005079316391042902,-0.004163674897131537,0.03280160440686204,0.01094893038693171,-0.004079981549847473,-0.012949190556787617,-0.10080358810059664,0.006779175017129442,-0.013836343257795416,0.017757623414196882,-0.005121886294318914
circ_chr11_77675036_77693611_RSF1,0.034463641026860246,0.0040608262546621456,-4.249768667658866e-05,0.2868689138287392,0.03868827484320643,0.0052073328240508105,0.022118870122103916,-0.0004387876093708426,0.07770129503034691,-0.009579948205749214,0.005611089066392769,0.03217644462713802,0.005964539561237874
circ_chr11_77683710_77693611_RSF1,0.10677795874087985,0.03062137133464908,0.0022329906198917684,0.05410442910217494,0.00756231437640654,0.06410701747218564,0.013157567995938388,0.014309156016207017,-0.5728145127611942,0.025804998595385355,0.03299585324093266,0.09708381086815716,-0.022541872674365505
circ_chr11_77685105_77693611_RSF1,0.031625421396998775,0.0009142455567860728,0.019633241982575548,0.04323963117054527,-0.005254649817989278,0.0005012498024603198,-0.009545624331119777,-0.012607564909787282,-0.05939261478818765,-0.00919021309031257,-0.0219336629650281,0.011612207335897821,0.0002552814430047155
circ_chr11_77691159_77693611_RSF1,0.02725775940874812,-0.004576497930380644,0.01914903506465416,0.10126208512199604,-0.00407649088322295,0.007057658256823623,0.005198097942002213,-0.003264726617779724,-0.07391826373997043,0.012069144300104234,-0.005626767825494214,0.014356335124225818,-0.005381904703892461
circ_chr11_77698487_77702495_RSF1,-0.08927215394949409,-0.01206720408521876,-0.0009100083974334348,0.01699107648382912,0.019685490900105834,0.037263105412283094,0.017988529331394495,-0.15759063099330226,-0.05766649198602176,-0.036294202842582175,0.03164138307310854,0.1273863866826899,-0.052284137557039166
circ_chr11_78469247_78493195_NARS2,0.007107087189885433,0.007776221513285187,0.03291754692717131,0.0038736734994617725,-0.009061121108380643,0.002797526323616014,-0.012619668644796902,-0.010576290285408399,-0.007177884503139697,-0.006507367252999243,0.0005967326955618469,0.016062739523986305,-0.019482215319466555
circ_chr11_83206058_83236509_ANKRD42,0.0035600864923742465,0.049851843592680675,-0.008257241221861295,-0.016565291641048634,0.002756384030522377,-0.011039745036831833,-0.01248944010706656,-0.0033151582643763016,-0.016145118712812125,0.025643581455257327,0.0019262438269645687,0.026709057601098166,-0.022853702762258444
circ_chr11_83273647_83278829_CCDC90B,0.009599553437978591,0.02151229865682276,-0.05043925620315243,-0.0344807838134397,-0.004253667360884825,0.006753801528302824,0.018414210796003205,-0.0007331278911434503,-0.07759580103227616,0.022189627864914824,-0.02492496494800369,0.05981606274758445,-0.006853942576846693
circ_chr11_8413495_8464822_STK33,0.024926593036084615,-0.07483643545541972,-0.02064529990505057,-0.002668125621726846,0.01613469156630809,0.00020416839825486058,0.00906691221426764,0.03640281057407059,-0.055628162310507934,-0.006804917131468447,0.024218721022580696,-0.05501652739750229,0.02281434705234116
circ_chr11_8435494_8464822_STK33,0.007504523233338777,-0.028807565487248103,-0.0106072070507927,-0.0019065738908981746,-0.016091790360303636,0.010306265408766764,0.008663643431984365,0.0033734278768794397,-0.14593772765315935,0.009079123818615736,0.004329501572198123,0.022229168938038862,-0.006502696129692309
circ_chr11_85974708_85983973_PICALM,0.036935395773941886,-0.004637916618068537,0.011977892803975012,0.09788053001250029,0.08137601842705375,0.01167358124564317,0.022333564931777513,-0.047628497876424036,-0.49713034057067435,0.02322244868663196,0.0037441872524549306,0.0482664360243113,-0.001912251869048313
circ_chr11_85974708_86003451_PICALM,0.019842823904926407,-0.009971620580107221,0.008324502638830621,0.00034299322880276275,0.010486621225760143,0.0024573764048877057,-0.00636766175318651,-0.006859419557145356,-0.0013729822728380404,0.0027424648527732097,-0.00014350761670651045,-0.006021653086851114,-0.009370703001157579
circ_chr11_85974708_86031611_PICALM,0.036160248679076926,0.12502401850201117,-0.008155875469470763,-0.22194389360565142,0.010011004478892862,0.03696745072021665,0.04817159402102511,-0.010380329947344386,-0.18682401110539432,0.018175778232888625,0.016248221144268497,0.0157149243013551,-0.016448435735126523
circ_chr11_85981745_85982003_PICALM,0.016640882311667417,0.023516951868476216,0.009722352698259877,-0.028637029045951345,0.02942219528763755,0.010345389562605079,4.7027662162571135e-05,-0.002158688569230142,-0.039495352679359566,-0.014306554803902952,-0.00021557208534693343,-0.00010323950528030012,-0.011006506205697158
circ_chr11_85981745_85996929_PICALM,0.034463641026860246,0.0040608262546621456,-4.249768667658866e-05,0.2868689138287392,0.03868827484320643,0.0052073328240508105,0.022118870122103916,-0.0004387876093708426,0.07770129503034691,-0.009579948205749214,0.005611089066392769,0.03217644462713802,0.005964539561237874
circ_chr11_85990250_86031611_PICALM,0.002349583861046354,-0.005536904758266095,-0.05466327924865937,0.01264919383115556,0.02637783885553365,-0.004298710387939258,-0.009649758946306309,0.08650904134485543,0.026302108317680373,-0.018453883910695575,0.016570999998258763,-0.17402806752103553,0.027236923172497696
circ_chr11_85996826_86001158_PICALM,0.01045901009467706,0.03207689178434456,0.0274358965409867,0.015335646337744596,-0.002767013977977913,0.006639059989860305,-0.002762611571494498,-0.004946923675695995,-0.10096262905791605,-0.006933810376233989,0.0038008544209502315,0.00023887402724565607,-0.008313743572919498
circ_chr11_85996826_86003451_PICALM,0.0405722871980051,0.05061556750728178,-0.05044062569882106,-0.01712590065467955,0.3019259050120374,-0.0029616131107553607,0.008677506501422814,-0.0057353444034830715,-0.6034735478910308,0.0030189465971587554,0.023366825572896672,0.18743305947408276,0.01248867557224636
circ_chr11_85996826_86031611_PICALM,0.028108117466849974,0.00834099884872743,-0.03042290348929382,-0.05094357707557414,-0.0011856206712069438,0.005474025224915474,0.01886111398557332,0.044174673088098436,-0.12541593719898653,0.0011333296410037032,0.015759040812599857,-0.06820476281522,-0.014368526685052044
circ_chr11_86007542_86031611_PICALM,0.1296160798644965,0.09047488468209539,-0.09714358175514255,-0.18793945056784983,0.04683310811050254,0.04168489334616646,0.025100470285186333,-0.007149528536736453,-0.5665213166327528,0.07306598976823517,-0.016828143215189474,0.06763872569917832,0.1209880585079787
circ_chr11_86011030_86031611_PICALM,0.004721642739615899,0.10718427155818847,-0.04858596265045226,-0.016445403998673638,-0.030494183972644966,0.01711302800054688,-0.013611530249044492,-0.01410062563983861,-0.547955380355728,0.036930878249794,0.025121664315939842,0.01529615743479072,0.009070044890979276
circ_chr11_86012281_86031611_PICALM,-0.0008964328973292061,-0.004602804917218253,0.007523031150298451,-0.011194386778183515,-0.028124360835200177,-0.010200725676122758,-0.015214978984923034,0.053520926477200456,-0.13022400392395864,0.058791339617293666,0.09563332552676367,-0.02493903203265773,-0.013230618234510562
circ_chr11_86022367_86031611_PICALM,0.013125193074678566,0.029417371987513694,0.0059667553067069634,-0.014822605855212051,-0.016805760756944104,0.012241036329697069,0.007314552169771276,-0.07250104990743331,-0.7199464243486351,-0.030744338891866587,0.013550978653243404,0.03749188859255407,0.07140068446633716
circ_chr11_86306245_86306482_HIKESHI,0.034463641026860246,0.0040608262546621456,-4.249768667658866e-05,0.2868689138287392,0.03868827484320643,0.0052073328240508105,0.022118870122103916,-0.0004387876093708426,0.07770129503034691,-0.009579948205749214,0.005611089066392769,0.03217644462713802,0.005964539561237874
circ_chr11_87067694_87091395_TMEM135,0.07399810378671708,0.10236565059976796,-0.07362584105564186,-0.023975535063235208,-0.07490924085748756,0.01318991264806948,0.020899562842165192,0.019206346593133024,-0.58593789077968,0.02167327657995366,0.06081949349291867,0.18336328693781545,0.010082070514078558
circ_chr11_89354962_89402542_NOX4,0.004891835603868805,0.19104763519124923,-0.008154439726068026,-0.08364679989190232,0.010946161349676284,0.0025092772764912534,0.008047081115283027,-0.011708078909040508,-0.02380713784967977,-0.01385958363996555,0.002730808910900797,-0.04791188024006985,0.006841771093610485
circ_chr11_89373432_89402542_NOX4,-0.02076989851886045,0.07898014015873048,0.014715416718691143,-0.09233558604402055,-0.002586867194110593,-0.01899592181959725,-0.02454769084810848,0.008563869740307477,0.03414165372316297,-0.008258589903800375,0.009935307362913797,-0.11583514776562666,0.0006732141547798335
circ_chr11_89400017_89402542_NOX4,0.09581673947716085,0.2931364678838365,-0.07780380385048921,-0.0974177114451823,0.033941699804231805,0.021546273842478106,-0.041392672718613625,0.02623555914444652,-0.49910292946237245,0.019937005875934027,0.06672981648781079,0.08520117369175323,0.0899400529549758
circ_chr11_89400017_89451895_NOX4,0.007097850709572132,-0.0010726888727911842,-0.029020284653386488,-0.012732854624096651,-0.024787696742655744,0.019845925917281886,0.02340321469015744,0.010697046539742133,-7.31182811637259e-05,-0.009759328363495032,0.0024078002543581898,0.008247861301239596,-0.02231131016967484
circ_chr11_89421902_89451891_NOX4,-0.00579120287961304,0.10024556490562664,-0.013518403459383177,-0.032267734849604615,-0.004087709986430276,0.012409073359522235,0.05752597066725092,0.0005673843972769518,0.026369562728971466,0.03401173208207288,0.006668518028496687,-0.031027296374235052,0.009560395836756429
circ_chr11_89421902_89451895_NOX4,0.008555446150300159,0.22911378010516395,-0.05603847265309303,-0.15040639968143396,0.08140689070497098,0.0031616902167613484,-0.011614349867467877,0.01090283672139515,-0.07242887364235664,0.011664139123623945,0.052563287091827775,-0.0008168769447579536,0.028518826319495396
circ_chr11_89432784_89451891_NOX4,-0.018286281889698122,0.007835276476947192,-0.12836977070846728,-0.004898075842079983,0.0009213163624133535,-0.00887190858102118,0.025436776288908586,-0.06448370323305881,0.025155734915510118,-0.020904090297843105,-0.044075134257638676,0.09955251140064407,0.0036961297300452307
circ_chr11_89432784_89451895_NOX4,-0.011560365052134636,0.2467549258860019,-0.03624318260062676,-0.23432946428754722,0.06484859210711942,0.019308130591658382,-0.024875088920314082,-0.014618813794848081,-0.007565409653152873,0.03610565980148205,0.0059298019416441595,0.08061840809030385,-0.006559209081441797
circ_chr11_92352096_92355404_FAT3,0.04131299481057276,0.07233525335515988,0.014023220549292231,0.019695443572388747,0.042507470947694186,0.010837691778943356,0.038191215636515105,-0.006530924907290864,-0.02162093304532626,0.0046960252450838754,-0.011428551159571206,0.0034033679753194095,0.01139722271750828
circ_chr11_93790574_93794035_MED17,-0.0022010587811435215,-0.025788839126056784,-0.009516924860073276,-0.01858619525364524,-0.012942275086399661,0.003934870038239231,0.014512615823037487,-0.03476889550776982,0.0035131164470799587,-0.006436667726489472,0.0004639500568918073,0.1100013601380676,0.008912046021663579
circ_chr11_9420411_9425262_IPO7,0.007107087189885427,0.007776221513285182,0.03291754692717132,0.0038736734994617695,-0.009061121108380638,0.0027975263236160136,-0.012619668644796906,-0.010576290285408393,-0.007177884503139698,-0.006507367252999241,0.0005967326955618486,0.0160627395239863,-0.019482215319466565
circ_chr11_9429674_9431003_IPO7,0.0014945012437436072,0.035924790452649166,-0.07039736480783754,0.0023235331899327974,-0.018815602369754072,-0.005852087960104072,0.014722414217718582,-0.09692118342634179,0.01716266793957285,0.06394372074687828,-0.007929227094748241,0.03947669227272929,0.007803078663117605
circ_chr11_94445810_94447438_MRE11,-0.02604096491694654,-0.03464945890315432,-0.1211550646870497,0.010713712922812835,0.07376741940488662,-0.2201189823770053,-0.027306923683292225,-0.2685425278886137,-0.13796780217717702,0.1566404977010889,-0.011841524888376486,-0.42097131059783593,0.003636801867175082
circ_chr11_95812932_95813589_CEP57,0.004310782102727845,-0.014132239959341522,-0.003768058760422453,-0.013432052017327736,0.0002955813226223037,0.008404580941094971,-0.0009095275484808239,0.028650323744286704,-0.023640747667835853,0.011031253829369326,0.013862651594532142,-0.03367190400365285,-0.0045698330097846485
circ_chr11_96091892_96093517_MAML2,0.008040108463327264,-0.019155061110119515,-0.04700755412965313,-0.0187317487265947,0.01068245216670548,0.0024978233707475864,-0.01851911197736459,0.005334798556584973,-0.20881123340942243,-0.0028516681683529643,0.00440287089716454,0.04859937047416347,-0.006270708060156108
circ_chr12_100282943_100298175_SCYL2,0.0547231690255014,0.029087339437987036,-0.02565254572481697,-0.02659594027790506,0.03535913653081392,0.005672113495072044,0.012408430120409,-0.054036093121669584,-0.5454190955447873,-0.029736447961029457,0.011426363805749814,-0.02819634074327428,0.03995134234736721
circ_chr12_101714090_101716812_CHPT1,0.03759430833488413,-0.0039009164403270105,-0.012242312152135604,0.12674754812466452,-0.001655840295633621,-0.013989783808022202,0.0001516639064366325,0.00947280837868929,-0.00345897340328072,-0.0033729789697803923,0.008284387310918906,0.016546886688776637,0.004673805167143913
circ_chr12_101908186_101914232_DRAM1,-0.008978696806345523,0.009217284457884166,0.012088699413197129,0.0051889284797161555,0.012729692871122054,0.012912880073219935,-0.01745875673375151,0.0349446331312401,-0.15064227275481576,0.025509359385878932,0.0069689107142099265,-0.03115624828729224,0.011073712721385374
circ_chr12_102039868_102046119_WASHC3,0.022993599260299435,-0.01620436648472317,-0.001782312135761681,0.0009854663342769175,0.0142233898142542,0.007431781939083958,0.008772133738061707,0.00522242081244925,-0.01858658341627424,0.0014807151664648634,-0.01877348759098192,0.000874098544040593,-0.004368659255749602
circ_chr12_1027748_1028572_ERC1,0.000487937403320202,0.007578019076461229,0.025026579140335074,0.00483654417415656,0.03760172897195961,0.024301865702884864,-0.0073222324826083636,0.007143303238515837,-0.4079225025523466,-0.03298089058380508,-0.014828107650208942,-0.04670852158918319,0.019428419218781173
circ_chr12_10386903_10393867_KLRC4-KLRK1,0.027407157921353273,0.0009154099493718013,0.008436518807831415,0.36000458141403,-0.057671425077909816,-0.0012007860188378674,0.012300378311349815,-0.005137921995658547,-0.2027594318432878,-0.00718943455980558,0.004716775989207359,0.011525816588247736,0.004910570315937412
circ_chr12_103976918_103980962_TDG,0.004246176905138712,0.008529642412347722,0.010882073240225094,-0.002558614416011146,-0.0015429983272029807,0.008312275717443196,-0.008808821182736983,0.0001909422681654227,0.0015688443820789885,0.019484026391768477,-0.018547404693160494,0.014028275465979555,-0.007194255687550103
circ_chr12_104120400_104123423_NFYB,0.011724414281570228,-0.00339521445574132,0.0077519168380450745,0.296634621003694,-0.03816094313829521,0.00041788864250407283,0.013866226607056005,-0.0012792357332742626,-0.11794849400604013,0.0016514243830048488,0.016888079545239895,0.013882892654330745,0.005019806584691144
circ_chr12_104844472_104928694_SLC41A2,-0.01014276121778027,-0.003394121399482274,-0.08304129207829314,-0.007908006411340231,0.010557738008124018,-0.04973728144796696,0.014606948860192408,-0.08583107451240427,-0.11554992247896917,0.10138177443407571,-0.0007033374820048222,-0.16297095773034131,0.005087025509220964
circ_chr12_104861291_104928694_SLC41A2,0.004425912994031717,-0.014787023247039816,0.01019007133381631,0.00244467374331304,-0.027263908818993758,0.0063032136929056515,0.0021141634289034393,-0.0009517740908558491,-0.06162652840678053,0.012324910017172681,-0.02103115501709324,0.03278119468187417,-0.0001736498326854232
circ_chr12_104909655_104928694_SLC41A2,-0.0048384333758256055,-0.05206181776486624,-0.03225857717668966,-0.02058795731833722,-0.017771830973075935,0.0031569876968489514,-0.00017060888633127909,0.025338254388794404,-0.09081083482413892,-0.005386426869202926,0.003288001174684842,-0.026713409303549134,0.04405279527330987
circ_chr12_104927973_104928694_SLC41A2,0.0029394475986745864,-0.09116075862472281,-0.017595483500872863,-0.15067826512816615,0.027570421351766718,0.024138623678252487,-0.007630110587805626,0.00958075081822991,-0.47659145006425724,-0.006972385532610087,0.06246960884487143,-0.0343270999668629,0.06222042374250566
circ_chr12_106842589_106843947_RIC8B,0.011724414281570226,-0.0033952144557413168,0.007751916838045074,0.2966346210036939,-0.03816094313829521,0.00041788864250407386,0.013866226607056002,-0.001279235733274259,-0.11794849400604013,0.0016514243830048519,0.0168880795452399,0.01388289265433075,0.005019806584691143
circ_chr12_108543028_108549214_SART3,0.007107087189885427,0.007776221513285182,0.03291754692717132,0.0038736734994617695,-0.009061121108380638,0.0027975263236160136,-0.012619668644796906,-0.010576290285408393,-0.007177884503139698,-0.006507367252999241,0.0005967326955618486,0.0160627395239863,-0.019482215319466565
circ_chr12_108652272_108654410_CORO1C,0.01754166304845707,0.15407127582673125,-0.010542888392773687,-0.08795004266545169,0.2296252739863534,0.033117000179570644,0.01597956402933724,-0.024347880581178014,-0.7505202634424608,0.02027773489081356,0.07826908399658847,0.03529280964605051,0.01583852893178566
circ_chr12_109071612_109073532_USP30,-0.003250461947443597,0.010641036198017357,0.023582621285022778,-0.013961817762717887,0.021077649781939337,0.009272053336634742,-0.034174062310603624,0.008541111761205781,-0.019826635899041205,0.0046078764702605,0.005774073321333953,0.0040326289510599,-0.01832819582423032
circ_chr12_109938380_109939247_GIT2,0.007107087189885427,0.007776221513285182,0.03291754692717132,0.0038736734994617695,-0.009061121108380638,0.0027975263236160136,-0.012619668644796906,-0.010576290285408393,-0.007177884503139698,-0.006507367252999241,0.0005967326955618486,0.0160627395239863,-0.019482215319466565
circ_chr12_110485078_110487943_FAM216A,0.041392780654833025,0.012812741322153688,-0.016945151105456097,0.032814224644337225,-0.017908262429262068,0.005580906881505309,0.012193818299532368,0.004514477711278593,0.010491184837222363,-0.0015316321665058508,0.00558500174763242,-0.014650877796301314,-0.022978795303436914
circ_chr12_111509549_111510582_ATXN2,0.014167530743432527,0.010979201891266633,-0.023027599607821747,0.007598252444457902,0.013503214183637592,0.0045800883662077884,-0.005836385965083324,0.012877204242699032,-0.0079127081712502,0.012022807946666367,0.012824239442804398,0.004748384209210137,-0.0035409943073792566
circ_chr12_111552280_111552977_ATXN2,0.020349423277147487,-0.004927377219590444,-0.0074098390030343814,0.0597953302814642,0.015814718815713582,-0.006562085663181856,-0.019500393853374893,-0.014671820237131409,-0.018784422811176246,-0.04001949101392545,-0.00750683350839885,-0.008700175926672805,-0.011868769941297557
circ_chr12_111552280_111555919_ATXN2,0.15386538710340383,0.0014873157037681487,-0.017350442410768073,-0.1411338689357324,-0.011033894992553049,0.021769955828322956,0.06425238784446505,-0.04458276080264497,-0.5938606716055165,-0.05572801246722455,0.10634108088362347,-0.07878757538116134,0.019886529859490583
circ_chr12_111554158_111555919_ATXN2,0.00949446527806555,-0.00072971074324271,-0.0012384075490583582,0.05870617569062399,-0.02301761673119735,-0.01239310704746149,0.1342967619457102,-0.0007941704281139088,-0.012148349243817304,-0.12529528859324565,0.013411759893008562,-0.1443330672350647,-0.020725637206622353
circ_chr12_111679151_111683307_BRAP,0.02176406603851956,0.0054097029384403295,6.881490679906523e-05,0.02904466977808344,0.056694925678730725,0.012289624826545165,0.01734431142493481,-0.0052065787902777945,-0.009608210222143695,-0.011750915622825302,0.0004770621242136798,-0.0071817119798024,-0.01930433881826479
circ_chr12_111933886_111943369_TMEM116,0.017553869049989415,0.00530102979786466,-0.008569780711361717,0.007592550791701971,0.024218299883095658,0.015348006917972673,0.008628399688600566,0.011221885186963263,-0.017210107144021426,0.020451986475296818,-0.00723470694246888,0.011091434824930812,0.010019010061156868
circ_chr12_113267843_113269845_TPCN1,0.01244207668142611,-0.008580985595433655,-0.018186290226256563,-0.010205203437956872,-0.030859932450309963,-0.023738298602371546,-0.017948119684960046,0.013263088149167013,-0.06790400060182611,0.0033389955348089276,0.007589667535300802,0.0001557590120779122,0.0017784414356709624
circ_chr12_116096669_116111512_MED13L,0.04326818737782332,-0.03397842968405766,0.06934867872932604,0.0024689230154220816,-0.020448679449892416,-0.00037572325004445656,0.0035809978752475544,-0.0018068005004584576,-0.42914659488629675,0.03042037183131528,0.04388678385540006,-0.1119070159165449,0.01956405528622064
circ_chr12_1180540_1190052_ERC1,-0.056649635405836875,-0.040775846852373114,-0.06899733042567902,0.018553417122785246,0.07670463575115835,0.06545287447751744,-0.04810939045904943,0.007827009093732372,-0.10830337327064622,-0.0002462958374421558,-0.0035422866020280836,-0.0982319925212147,-0.029209076059695627
circ_chr12_1180540_1290012_ERC1,0.02329511216870851,-0.00552014517294995,0.00020890118336456452,0.007923136804698335,0.02197624556604451,0.00707587438141402,0.0051792940507286766,-0.0001309348249736546,0.006509685606194767,-0.0020921908811886965,0.004079751672963323,0.01661497655099751,-0.007273218595857704
circ_chr12_118181371_118181607_TAOK3,0.0020715015745308265,-0.0013959855394530595,0.010931285799517116,-0.033657272786011175,0.02631090988304788,0.0045560989067862856,-0.00845692028008421,0.00735683737497868,0.03395736536008454,0.00843429544359668,0.0013160344143398634,0.039699123530355554,-0.003759562262522181
circ_chr12_120154970_120155719_GCN1,0.01434937700106901,0.005634251479748807,-0.05987342881124041,-0.03136550908494642,0.02528182483379591,-0.026220470992298465,0.05512743897521954,0.0036862021707258284,-0.8503313905340668,-0.020394249326906987,0.022564879419825306,0.0011813243668782876,0.012264108736986055
circ_chr12_120175162_120176217_GCN1,0.022993599260299435,-0.01620436648472317,-0.001782312135761681,0.0009854663342769175,0.0142233898142542,0.007431781939083958,0.008772133738061707,0.00522242081244925,-0.01858658341627424,0.0014807151664648634,-0.01877348759098192,0.000874098544040593,-0.004368659255749602
circ_chr12_120557282_120557682_RNF10,0.0870709720201342,-0.024290877097639205,-0.00015345450231999053,0.007468432327253165,0.19295292965965433,-0.08879716522278572,0.010547857612272962,0.01274245050149438,-0.45338156640226623,0.0071932511541676295,0.020066641639066324,-0.01951771230264683,0.02018788490982407
circ_chr12_120782655_120784593_SPPL3,0.13613230896976614,-0.0004833276595187857,-0.01059757134503873,-0.005997688542830585,0.0860908773347423,0.039776515106552,0.02860099563393178,0.003182632504542371,-0.8173196967960772,-0.004476186982747709,0.03247302291862708,-0.02417523345988379,-0.020863125023251612
circ_chr12_120782655_120791557_SPPL3,-0.02915504184408116,0.010909304860393178,-0.018651556819433465,-0.017259272162231686,-0.0076352983150693,0.089931226303588,0.05140412676032794,0.10052492385378878,-0.008190836590044959,-0.037044191496437576,0.12706417337967316,0.5246105193982237,0.031063570047928715
circ_chr12_121268638_121270945_CAMKK2,0.02685864449208326,-0.008806218976135205,0.006199030023544602,0.012033755895077693,-0.00038544823492538523,-0.003469427945284289,0.018673645232377415,-0.009943205831759533,-0.021232153342105684,0.0016463528873469691,-0.007251472822211041,-0.009097864227628883,0.01677150795567004
circ_chr12_121780872_121781192_RHOF,0.071672819004345,-0.026168990394844237,0.06873305339264797,0.2955087744104535,0.04133679279600249,0.022003146265664318,0.03504839979335007,0.014738132851838072,-0.24991122418034487,-0.003376020546827868,-0.008687622614416024,0.010779610006239377,0.01629541980350051
circ_chr12_122340753_122341697_CLIP1,0.014273224772752422,0.015048498458333521,-0.008324895187802434,-0.025489895008814916,-0.004622285985355601,0.02033126385666698,0.018371112787214237,-0.009482773767299417,-0.5752217501081588,0.010161033233342368,0.027514080210497862,0.01169279934480842,0.01637180945454674
circ_chr12_122377389_122380558_CLIP1,0.007107087189885426,0.007776221513285182,0.03291754692717132,0.003873673499461768,-0.009061121108380638,0.002797526323616013,-0.0126196686447969,-0.010576290285408393,-0.007177884503139693,-0.006507367252999241,0.0005967326955618486,0.016062739523986295,-0.019482215319466558
circ_chr12_12244262_12244655_LRP6,0.0576022875801635,-0.02580296643938101,0.0014464349629821165,-0.20763273606552599,-0.030466987587854082,0.022332366280502836,0.014620576428698582,0.023297942394308817,-0.27153314484901686,0.01109482089643446,0.05557245835246137,0.017368548728936804,0.07024213584120424
circ_chr12_122511109_122515227_RSRC2,0.05777785234559399,0.019018875685154417,0.009607862079699641,0.24977905044496332,-0.020501486836879093,0.0055695585385506004,0.010833125385785089,-0.0018851985279815199,-0.24759701854645957,0.010568016922749881,-0.005160955235380275,0.005724215882313987,0.007046122819369115
circ_chr12_123498544_123499536_RILPL1,0.030158551387748006,0.09649620572006451,-0.002814467062778,-0.13280345093917392,0.11892975137165153,0.020572633742706063,-0.012807510833853973,0.035144347704678586,-0.2992252413924598,0.025063715170827713,0.04157865070286232,0.004287181799999336,0.011814680000528058
circ_chr12_123586747_123590449_TMED2,0.12054531268589168,-0.019988701857061395,-0.040176674235944176,-0.011155310845057916,-0.01697922628603081,0.0382931988889134,0.06848655981877398,0.0002812265672662531,-0.724255998141748,-0.023870214119404036,0.01695876496435947,-0.04884026996847391,0.010568041672816665
circ_chr12_124378237_124422555_NCOR2,-0.018286281889698122,0.007835276476947192,-0.12836977070846728,-0.004898075842079983,0.0009213163624133535,-0.00887190858102118,0.025436776288908586,-0.06448370323305881,0.025155734915510118,-0.020904090297843105,-0.044075134257638676,0.09955251140064407,0.0036961297300452307
circ_chr12_124419957_124430787_NCOR2,-0.011606884061170228,0.011002417748793437,-0.04464408468952166,0.003715409583309991,0.0995836326381141,0.03448944715607066,-0.021840704987422167,-0.0011923401588838898,-0.38626781358044426,-0.02274259635581479,-0.021944204811364342,0.003689374221435897,-0.04415104896151326
circ_chr12_12519862_12521463_DUSP16,0.0002712342177356452,-0.006789582837184687,-0.029110714491066243,-0.0025259727922854677,-0.015121734412471747,0.00372496581687968,0.010891754928511072,-0.033128305498604814,-0.04347334377097387,-0.006514452276975331,-0.014339735080852112,0.07983824819355748,-0.013443392299336922
circ_chr12_12635777_12635974_CREBL2,-0.01581707363522012,0.014007474471340596,-0.022550523316035763,-0.02673081292071506,-0.018383823537038928,-0.0027485552432120522,0.00201824761503066,-0.006764034920911319,0.003386700833159551,0.033031791153335766,-0.023222203048493113,0.006191479821042535,0.006489201167199111
circ_chr12_128799259_128815070_SLC15A4,-0.018286281889698122,0.007835276476947192,-0.12836977070846728,-0.004898075842079983,0.0009213163624133535,-0.00887190858102118,0.025436776288908586,-0.06448370323305881,0.025155734915510118,-0.020904090297843105,-0.044075134257638676,0.09955251140064407,0.0036961297300452307
circ_chr12_128808788_128815070_SLC15A4,0.0018134389957038496,-0.02582502371331082,-0.002588690903817673,-0.04415326837489465,0.007163153389071957,0.012121069107533182,-0.018138225576552404,0.01312283881978839,-0.05898720260033353,0.0054029657052909385,-0.021051405966262378,0.04190984916757668,-0.004674144201028508
circ_chr12_128814775_128815070_SLC15A4,0.1338457559637234,0.006544459017385678,-0.0026389129791634333,0.015631163371381214,0.0013676116369452454,-0.006344339478003732,0.04146509921180929,-0.032867906246634784,-0.4107932963203314,0.07312969545107555,-0.03492402336972625,-0.02168894272370796,0.01446166792168912
circ_chr12_1289852_1290012_ERC1,0.006692539463603245,0.006142390690400345,0.022536006592814243,0.3480746759208134,0.06931458636084457,0.031617092244043236,0.05765019529103361,0.0027847996413431853,-0.010427771568953416,-0.006565357783963402,-0.026183458043138326,0.011573053291944576,0.03237036306267413
circ_chr12_1289852_1371977_ERC1,0.007107087189885433,0.007776221513285187,0.03291754692717131,0.0038736734994617725,-0.009061121108380643,0.002797526323616014,-0.012619668644796902,-0.010576290285408399,-0.007177884503139697,-0.006507367252999243,0.0005967326955618469,0.016062739523986305,-0.019482215319466555
circ_chr12_129699810_129700698_TMEM132D,0.08685042864514643,-0.050238045727264,-0.006222094124707368,-0.0356497841771392,0.002720828732843419,-0.008838490924420996,0.004120981894640487,0.0126429663346523,-0.05986042150219989,0.0012510928135918342,0.004935968632570697,-0.008288647757470966,-0.008500144257307682
circ_chr12_14423909_14425473_ATF7IP,0.0027944165895784183,0.0026560304223286818,-0.023471765933286332,0.025123245537034326,0.005757166541310996,0.005019218894315081,0.007042084935037133,0.06576936379215607,-0.03594481467939277,0.002430402564463927,0.04552212983963705,-0.0963039262891105,0.04891546546634131
circ_chr12_18282004_18294015_PIK3C2G,-0.049502279017203006,0.0007535060575358585,-0.018017507316305203,-0.03748725213665692,0.009824934224091432,0.0653376151227727,0.16592054113735422,0.03821164959102499,0.0019524971971045572,-0.17098528034272267,0.01682315591440512,0.04921112290216901,-0.010711374506967254
circ_chr12_18282004_18325098_PIK3C2G,-0.02915504184408116,0.010909304860393178,-0.018651556819433465,-0.017259272162231686,-0.0076352983150693,0.089931226303588,0.05140412676032794,0.10052492385378878,-0.008190836590044959,-0.037044191496437576,0.12706417337967316,0.5246105193982237,0.031063570047928715
circ_chr12_18420941_18424039_PIK3C2G,-0.0073507465350561955,0.01413730312831963,-0.017017767000201963,-0.006610166662629771,-0.02447565197231398,-0.02406206889906228,-0.03172658751967902,-0.06775664349493972,0.03318141311228157,0.010878939818758053,0.011372830821695925,0.05357712429225178,0.028306356225547943
circ_chr12_19462510_19473355_AEBP2,0.021651749910272907,-0.060959839104583746,-0.009579487408153209,0.07031336384283612,0.022222046457838814,0.012946511706658883,-0.005389865309718135,-0.020008831992193544,-0.5836908835981188,0.019956462650413426,-0.01863445367237464,-0.03146283458404372,0.013511149885751444
circ_chr12_19462510_19500221_AEBP2,0.0008534985743986599,0.027238029137059114,-0.004657916860172757,-0.015758585373008723,-0.008824853787344007,0.016680951099870375,0.010824392274290252,0.009247953834729325,0.00833131728761941,0.0023905341122366828,0.00459905283552193,0.003618139364308657,-0.021775768267609526
circ_chr12_19473248_19500221_AEBP2,0.007107087189885426,0.007776221513285182,0.03291754692717132,0.003873673499461768,-0.009061121108380638,0.002797526323616013,-0.0126196686447969,-0.010576290285408393,-0.007177884503139693,-0.006507367252999241,0.0005967326955618486,0.016062739523986295,-0.019482215319466558
circ_chr12_20556660_20635056_PDE3A,-0.0035989126402609633,-0.018556229716551777,-0.003094871073154804,-0.019154618858918167,-0.009887079831281613,-0.01061309927478171,-0.015337809479021,0.01703872430717599,0.027339756060914037,-0.021695952298914214,0.006048833276790014,-0.03699775412120288,0.004560368701043945
circ_chr12_20556660_20637237_PDE3A,-0.0035989126402609663,-0.018556229716551784,-0.0030948710731548055,-0.019154618858918167,-0.009887079831281615,-0.01061309927478171,-0.015337809479021004,0.017038724307175998,0.02733975606091404,-0.021695952298914214,0.006048833276790015,-0.036997754121202896,0.004560368701043946
circ_chr12_20875235_20901467_SLCO1B3,-0.023704243456807102,0.0011799805274649603,0.0019483828596330327,-0.04842099403079148,-0.019189757758640184,0.03183863995343347,0.036271653131634225,0.06032394350735723,0.03465782014806909,-0.011041613858393255,0.09533394343404229,0.17822372269360398,0.043422355655591986
circ_chr12_21043334_21076569_SLCO1B7,-0.016764662775494942,0.001672563821789177,0.01557631648044348,-0.0476177736215164,-0.02520072081854223,-0.01088038314547242,0.0051160628534003515,0.007041091519175645,0.002968860658617393,0.0046378935391097505,-0.008419279415828915,-0.02357051828740227,0.007511879724695927
circ_chr12_22643763_22673660_ETNK1,-0.00579120287961304,0.10024556490562664,-0.013518403459383177,-0.032267734849604615,-0.004087709986430276,0.012409073359522235,0.05752597066725092,0.0005673843972769518,0.026369562728971466,0.03401173208207288,0.006668518028496687,-0.031027296374235052,0.009560395836756429
circ_chr12_24832723_24836596_BCAT1,-0.005519592737264403,0.1054473726922508,-0.0032391595968204465,-0.04115009261860465,-0.01731308826569254,-0.026640881850869644,-0.017646207492114846,-0.018145670949509307,0.0035567766835691264,-0.035869382807484515,0.00061724313229724,-0.039705275889735804,0.02429301181041209
circ_chr12_26055279_26067713_RASSF8,0.012252903143067664,-8.294853798760955e-05,-0.0037571863270317325,-0.009066168021285844,-0.021589998755597042,-0.009529447647033049,-0.019633270142442344,0.009445064178757904,-0.03803763564519454,0.01623141244447408,-0.006876126848232334,0.010207495320169348,-0.0039026867118917646
circ_chr12_26064498_26067713_RASSF8,-0.02057286343336283,0.011620952056380194,0.024817814620516968,-0.05458149389704191,0.010860649408492807,-0.0030697383146459914,-0.015570952489663262,0.029246948382714896,0.045228345798693295,0.017133429061565827,0.013462616449763503,-0.09342810724718839,-0.018702491067283063
circ_chr12_26595465_26602706_ITPR2,0.02685864449208326,-0.008806218976135205,0.006199030023544602,0.012033755895077693,-0.00038544823492538523,-0.003469427945284289,0.018673645232377415,-0.009943205831759533,-0.021232153342105684,0.0016463528873469691,-0.007251472822211041,-0.009097864227628883,0.01677150795567004
circ_chr12_26996742_26999676_TM7SF3,0.13566300168811987,-0.03939445905924497,0.0055080492491069635,-0.007915671809993497,0.04170532787091686,0.0032542759458464745,0.011994848742078647,-0.004611535840354252,-0.28403242244875726,0.010832950942557684,-0.01783057296672313,0.002424945210066149,-0.006034263752296162
circ_chr12_27368262_27380404_ARNTL2,-0.12663031397392802,-0.007164704120928556,0.09051673791766553,0.12061652331669959,0.020926090578332703,0.03725383150427036,0.10542064330479378,-0.3685206032025176,-0.22187044352339486,-0.03498676178753032,-0.0355766194624543,0.043729585114215826,-0.016527726607820398
circ_chr12_27654722_27656730_PPFIBP1,-0.009547712076273076,0.011557215081512655,0.008824022120720358,-0.03102302087255787,0.029971673849690437,-0.0031486334349864827,-0.003768400009098959,-0.001680217892416056,-0.0057849799393436645,-0.012587612983134572,0.0015153125989281898,-0.02211501577401437,0.016591597023401846
circ_chr12_27714780_27724186_MRPS35,0.011943175519892397,0.07529718029800701,-0.15436939218202944,-0.016857761134583957,0.22197088384373803,-0.003496283523479437,0.07763301730177151,-0.002936535200500439,-0.8228291144095713,-0.011500727020384913,0.03744044983880016,0.13073430329755206,0.015908374900376453
circ_chr12_2820086_2821792_ITFG2,0.09913162904981107,-0.012186788081551114,0.0035694115493428813,-0.0001107786642217849,0.04736906751623697,0.003465468102123895,0.018915864171508423,-0.01959106697168034,-0.17577087168538613,-0.027568433076259245,0.014596121163433524,0.06581795539887508,0.018924114685437317
circ_chr12_28225795_28259442_CCDC91,0.11154564551402198,0.009735246870649998,-0.049437489897752006,0.01100232737564747,0.01290250333638315,-0.026873114766255497,0.01935540468327009,-0.0033933386389560145,-0.6454678662350417,-0.014534889342689702,0.01098724009526554,0.055056723057569486,0.03617166985535158
circ_chr12_28255581_28259442_CCDC91,0.042233967164751016,0.027550422296752298,-0.0030688132761519456,0.21108592448847363,0.005040083933719847,-0.011743993836126333,-0.00425090091820833,-0.00803587907699377,-0.051530143934413145,0.009364336101201421,3.923421309022122e-05,0.023170207658634156,0.011922797953564029
circ_chr12_28255581_28307749_CCDC91,0.06861798274072786,0.0028100762173092846,-0.027979563844758387,0.05458917541136925,-0.09314662368188183,-0.010547001167046014,0.023891123826516796,-0.04325279557784012,-0.3940875648298682,0.034216749311384055,-0.022209470707866528,-0.0038824856555235297,0.023608123313873113
circ_chr12_28255581_28391411_CCDC91,0.006109584073700703,0.0024464537922466614,-0.018635008259725222,0.23768698057668564,-0.04941284553622017,0.02016038420675942,0.018532591486969483,0.025401669862889952,-0.08598909088728812,-0.0003971681087804787,0.02638749343581632,0.00048072503394666714,0.003794589085492535
circ_chr12_28305649_28307749_CCDC91,0.1505899391531204,0.012215808173023453,-0.013940464507848398,0.09282922233269321,0.014609116279634063,0.017518272752745295,0.08960597122632545,0.044329387663878506,-0.5423379735030214,-0.009475827765633387,0.03240903393413586,-0.07505954174424945,0.016614718316639163
circ_chr12_28305649_28391411_CCDC91,0.0013945833507116704,-0.00117144739567446,0.006429327072995715,0.06482441775132762,0.03641628525057794,0.01340959314370537,0.014672324602807806,0.009157234933180236,-0.07816387504063235,-0.009495996231142114,-0.007303328749289297,0.013848676942135511,0.0054160189392183046
circ_chr12_2920763_2922402_TULP3,-0.018286281889698122,0.007835276476947192,-0.12836977070846728,-0.004898075842079983,0.0009213163624133535,-0.00887190858102118,0.025436776288908586,-0.06448370323305881,0.025155734915510118,-0.020904090297843105,-0.044075134257638676,0.09955251140064407,0.0036961297300452307
circ_chr12_29293300_29297200_FAR2,0.0019622379868721113,0.014884638707181147,0.011316957649083722,-0.009261706374425811,0.03754513484714023,-0.016360751709336933,-0.0107332441173367,-0.023636265229068903,0.013262413657140449,-0.012149317947194616,0.0024748515839081,-0.0018450295146300144,0.025683676097832547
circ_chr12_30728648_30751133_CAPRIN2,-0.01176753800803552,0.010739536229260483,0.008375985410774485,0.042047064480912784,0.006838601347625743,0.047283911214894066,0.06535060193889274,-0.0001496888682547711,-0.10261301382220676,-0.011695662894092714,-0.04260595587339227,0.0038765757121426814,0.009337508033538075
circ_chr12_31392267_31392696_DENND5B,0.02685864449208326,-0.008806218976135205,0.006199030023544602,0.012033755895077693,-0.00038544823492538523,-0.003469427945284289,0.018673645232377415,-0.009943205831759533,-0.021232153342105684,0.0016463528873469691,-0.007251472822211041,-0.009097864227628883,0.01677150795567004
circ_chr12_31442775_31447769_DENND5B,0.034463641026860246,0.0040608262546621456,-4.249768667658866e-05,0.2868689138287392,0.03868827484320643,0.0052073328240508105,0.022118870122103916,-0.0004387876093708426,0.07770129503034691,-0.009579948205749214,0.005611089066392769,0.03217644462713802,0.005964539561237874
circ_chr12_31451940_31495919_DENND5B,0.03464144924729842,-0.012923796107348836,-0.006999103538183114,0.0011449940444272057,-0.0206706478684662,-0.01927867335074055,0.0005811179993657546,0.002183216149562311,-0.07000871248131622,0.004053749437149998,0.00012988783181314527,-0.0064756035996633024,0.013023754784326673
circ_chr12_32576266_32611283_FGD4,0.02685864449208326,-0.008806218976135205,0.006199030023544602,0.012033755895077693,-0.00038544823492538523,-0.003469427945284289,0.018673645232377415,-0.009943205831759533,-0.021232153342105684,0.0016463528873469691,-0.007251472822211041,-0.009097864227628883,0.01677150795567004
circ_chr12_32581960_32611283_FGD4,-0.018286281889698122,0.007835276476947192,-0.12836977070846728,-0.004898075842079983,0.0009213163624133535,-0.00887190858102118,0.025436776288908586,-0.06448370323305881,0.025155734915510118,-0.020904090297843105,-0.044075134257638676,0.09955251140064407,0.0036961297300452307
circ_chr12_32598497_32601423_FGD4,0.017703191589692698,-0.001976952797698847,-0.0038088398855970207,-0.024287842611122944,-0.02436509967764331,-0.009608015013499711,-0.01087895484922498,-0.024643165978590682,-0.01748204130876028,-0.013018967488935718,-0.010659464508873994,-0.004648619321904262,0.01661547652139657
circ_chr12_32598497_32611283_FGD4,0.10110060910628962,-0.012431696068798393,-0.043079158347117626,-0.025593646522599524,-0.01928451923565517,0.05930300644785922,0.03712991123287315,-0.1363763470883272,-0.5965943960775304,0.024502549379061316,0.03483166579130227,-0.0018538936235541383,0.055001305103082154
circ_chr12_32607957_32611283_FGD4,0.017172995740200928,-0.055909666947892865,0.002301665133205701,-0.17825923086916565,0.0008928396632655113,-0.0004895071720766881,0.016140819907987755,-0.019773064739622193,-0.395275425397685,0.10610990311832967,0.04814676776286561,-0.06462805014059476,0.040452169956215304
circ_chr12_350621_356537_KDM5A,0.007107087189885427,0.007776221513285182,0.03291754692717132,0.0038736734994617695,-0.009061121108380638,0.0027975263236160136,-0.012619668644796906,-0.010576290285408393,-0.007177884503139698,-0.006507367252999241,0.0005967326955618486,0.0160627395239863,-0.019482215319466565
circ_chr12_42210355_42210680_YAF2,0.16986438299827586,0.15782497046188512,-0.03782420691457549,-0.008333444569576022,0.03952961079574638,0.009193554639187343,0.03416707737726491,-0.034106920952518466,-0.7095040589706109,0.02939429133475729,0.03345896620263188,0.05554237960347915,0.06226563404479928
circ_chr12_42351885_42398994_PPHLN1,-0.018286281889698122,0.007835276476947192,-0.12836977070846728,-0.004898075842079983,0.0009213163624133535,-0.00887190858102118,0.025436776288908586,-0.06448370323305881,0.025155734915510118,-0.020904090297843105,-0.044075134257638676,0.09955251140064407,0.0036961297300452307
circ_chr12_44143525_44211387_TMEM117,0.005501446286346857,-0.023401886816535745,-0.0018959610974282608,-0.010912516346575992,0.017650135967367652,0.054652881583337996,0.010957899617830133,0.023184767515857286,-0.02447084149217961,-0.0066777698982345216,0.029824291321582777,0.008632372701901382,-0.00903991310417192
circ_chr12_45891780_45893721_ARID2,0.0035329308133941893,-0.008361326872264865,-0.0045672785275722595,-0.02129996167171244,-0.019198917825461213,-0.0035455711497060357,0.0032279801904246106,0.014921834126442471,-0.03642826784182279,0.0038387482425553962,-0.034437010748563215,0.010918362390018409,0.04699284592214804
circ_chr12_45926142_45928859_SCAF11,0.0661558419262558,0.0014514764877340657,-0.1457108513299549,-0.04799356997501379,0.009815043393906127,0.07046413842160777,0.023880461654083588,-0.1249222224834371,-0.6334134912338649,0.002234431959719463,0.0012370057591122193,0.056789231557330073,-0.025951992471111813
circ_chr12_46229153_46243314_SLC38A1,0.16809442616560744,-0.010782574128866613,-0.03277130164699326,0.013121425369403708,-0.0011579179628882876,0.07192685673776517,0.02648173443454294,0.013490700297464886,-0.6086585617230298,0.028346479727999047,0.023682811497635514,0.09211605683203104,0.032743036564887446
circ_chr12_46229153_46254936_SLC38A1,0.07281634091564997,0.006109593411621773,-0.004133871639831231,0.4949992811354308,0.003075334195857339,0.00256833970096304,0.04447345483166576,-0.013713948207686445,-0.14234221915040707,0.0028755814255848767,-0.00613461388433106,0.03290307467251564,0.058634400688754564
circ_chr12_46239679_46243314_SLC38A1,0.09082410138696291,-0.10859172050921866,0.009194346457223012,0.25207098043123527,0.022368343384194328,0.02780801452795729,0.04126196958370252,-0.06288573626054626,-0.47935593477239735,-0.038697429993327294,0.02487868363093653,0.055469027996561254,0.021783404122737528
circ_chr12_46239679_46254936_SLC38A1,0.011355103491325381,-0.0005799788939925723,0.0010344113271923817,0.05144989347444968,0.022791017280970192,0.00497277537210974,-0.013647177755783741,0.008515949384064686,-0.002960991687327357,0.008538283797346814,-0.007466637356866625,0.02491744547122581,0.014590553861274596
circ_chr12_50094437_50096972_SMARCD1,0.008764070373972005,-0.0005889616706679132,0.03690007347572354,0.004550155425044328,-0.0222862230212321,0.005741970609187793,-0.009550896981272679,-0.00956628952405578,-0.03374599317524993,0.0009998779222759305,-0.009620953002932708,0.03165832800020899,-0.016711156089445636
circ_chr12_50427762_50430570_LARP4,0.010910631742929755,-0.00558724299163654,0.016184786600256275,0.002344341694584328,-0.016959149190603037,0.007838352856237095,-0.005531318083060303,-0.006562228972370942,-0.0627273317836416,-0.0005955019779947718,0.002803948981682604,0.02636667314207353,-0.02021608923235252
circ_chr12_50427762_50441643_LARP4,0.08870688801731434,-0.005989950160413206,-0.007926305863537505,-0.020660993665802627,0.0040751192224114125,0.015547897294636693,0.005022649794351141,-0.028998780554017334,-0.34827806066749745,0.07766067137270684,-0.0031916426050023357,0.040787568258492744,0.002822949734803161
circ_chr12_50430495_50440549_LARP4,-0.008517957427396633,-0.021116055378952284,-0.07724164140929789,0.040127893407732214,0.00956108960140075,-0.019819337219614062,-0.032418337141408085,-0.011226167339877835,-0.1524924168930925,-0.061593404994056904,-0.011401708898915971,-0.022020342619582887,0.00018779860840912232
circ_chr12_50430495_50441643_LARP4,0.00442591299403172,-0.01478702324703982,0.010190071333816312,0.0024446737433130405,-0.02726390881899376,0.0063032136929056515,0.002114163428903439,-0.0009517740908558495,-0.06162652840678061,0.012324910017172687,-0.021031155017093253,0.03278119468187417,-0.00017364983268542303
circ_chr12_50814010_50814439_ATF1,0.00986554362875297,0.017288702786791833,-0.0029866896560942617,-0.011035669020593055,-0.0012146489945015582,-0.01559389376921252,-0.019239128702058572,0.00737909197984962,-0.074701700594227,0.005407906484767557,0.002951495471767171,-0.029837239595594624,-0.005716371319731789
circ_chr12_51008476_51010766_SLC11A2,0.024866352416966806,0.13352729862680054,-0.007607249732692952,-0.05263530188541265,0.06706205427325122,-0.0010423973218224073,-0.007669366042309606,0.0037196325124725814,-0.18151821900305004,0.05981740563670901,0.021323462854293988,-0.030303651998509495,0.017356048084783644
circ_chr12_51073823_51074082_CSRNP2,0.014658511318877375,0.03313008881291012,0.00784963622247121,-0.05330654670838477,0.012336391394856835,0.007901311431435057,-0.0031017148317825493,0.011503530324227766,-0.111953248441893,0.010421359223673285,-0.006494522350625748,0.008383114362489561,0.033264291448641334
circ_chr12_51299203_51299714_BIN2,0.0266580416403933,0.0034107727091561555,0.00720201593366807,0.3503886361981789,-0.08573948860588251,0.00047741138445415207,0.009283821911246758,-0.010951237328061445,-0.36552620278466913,0.0033097150183800635,0.034507584404941324,0.005253278475976536,-0.0032259990219054907
circ_chr12_55700899_55701154_ITGA7,-0.006182621527296182,0.004708967367305096,0.011148819088965556,-0.0005136656514158295,-0.00313452687060215,0.01843605707522396,0.005704636414958067,-0.004616546257232548,-0.015076283837633401,-0.039839319058349795,0.019378806757602663,0.04658511924537373,0.0194061607544843
circ_chr12_56169529_56170208_SMARCC2,0.000192244096928498,-0.036423342600359926,-0.054350960149590004,0.007724803725812859,0.0062864213579903825,0.027016567334086514,-0.01762225795458138,0.03175595741585465,-0.007999686803598844,-0.00562426096110746,0.017172351124247684,-0.050928296880248525,-0.06022262412270668
circ_chr12_56348529_56349636_STAT2,-0.012031380742847288,0.0029813533252932393,-0.021793940623147857,-0.007494430845166545,0.03349604524547008,0.014863620360079996,0.004860092864692226,-0.002717589337892695,-0.019796874628223937,0.007456734545506063,0.0032933781269281104,0.052549142617184776,-0.002426906945482181
circ_chr12_56666204_56670364_PTGES3,0.01942165510894792,-0.0006599655886335442,-0.025319478326070927,0.1053079799536495,0.020766436707520847,-0.0019125901631287783,0.0028787119949226525,-0.07526911707575064,-0.006991200361329637,-0.016617706228063807,-0.02332525056351066,0.13403709535407918,-0.006855956005133119
circ_chr12_57467333_57468224_GLI1,0.0003956255390272418,-0.05224349251633269,-0.08764585566227559,-0.012885636946070827,0.022734422283509425,-0.05808771209977425,-0.012674980054579612,-0.06197639089213496,-0.2833016006483654,0.08311290371196987,-0.022363973026658712,-0.032152930519072496,-0.008111562017372674
circ_chr12_57535056_57535845_DCTN2,0.02685864449208326,-0.008806218976135205,0.006199030023544602,0.012033755895077693,-0.00038544823492538523,-0.003469427945284289,0.018673645232377415,-0.009943205831759533,-0.021232153342105684,0.0016463528873469691,-0.007251472822211041,-0.009097864227628883,0.01677150795567004
circ_chr12_62484170_62501698_MON2,0.006631065974918253,0.03644402431863927,0.005998151760512344,0.017683995844292862,0.0051721659732654815,0.006551942163216771,0.008375407241005472,0.0030705757594107117,-0.16587701167335828,-0.003411811297105856,0.004547880337671913,-0.0160710446220393,0.007067150361650492
circ_chr12_64864668_64866903_TBC1D30,0.004220933549664083,-0.10261836369354656,-0.006320646490057957,-0.04452912308731879,-0.038472849165895134,-0.006458110828414909,0.02625183418852584,-0.05206023772215563,0.03737637346230832,-0.01611234668499088,-9.220865884131183e-07,0.10396086269057916,0.008515991340756797
circ_chr12_6510279_6510532_SCARNA10,-0.009029577707538683,0.004538256578541894,-0.09874557275999037,-0.018413970906231567,-0.08636793722525478,-0.00019804772575400192,0.017590092230427477,-0.05596577927633823,-0.39644806515869635,0.03928596967146989,0.005651954096755068,0.02224830086758646,0.007035312686249041
circ_chr12_6548425_6548825_IFFO1,-0.005046749118567723,0.10664382242282122,0.018525249578385892,-0.03648230717017312,0.036283412334021506,0.021934925148911405,-0.0166871030272463,-0.004651820105673238,-0.027655882823340777,-0.004612645664687723,0.02099802483735385,0.08273593205275065,0.005957777259907864
circ_chr12_66203711_66211597_IRAK3,-0.002245956021257152,0.014507586239376024,0.029273094190077162,0.0010320617140088296,0.08599691962081192,0.013228646915028073,-0.010883535449995499,-0.0012373651451393834,-0.03593919571351703,0.009002051753854611,0.01434567867393095,-0.0243936370189903,0.0006265318228698309
circ_chr12_66203711_66217235_IRAK3,-0.006217165688152973,0.003842421803038604,0.014923268720661718,-0.06047408335803307,-0.029478642212110703,0.006627557952151262,-0.028983237399952726,0.014261498733153537,-0.11230780610978068,-0.008414046883323718,-0.023633367452977522,0.03805010782119897,-0.003071311690558614
circ_chr12_66203711_66228370_IRAK3,0.004453527733419251,0.022828812542385158,0.03517085905451577,-0.027331562373786415,0.09242785968160325,0.040207479876223196,-0.011502197843350256,0.008368418484022814,-0.6109484152353627,0.018520489724252326,0.04987645800008287,-0.009829786557683304,0.003872508170059523
circ_chr12_66209456_66217235_IRAK3,-0.027519896004678693,0.03776374969066255,-0.020930815167083904,-0.06648243497609649,-0.02718353279846665,-0.014534358351102304,-0.02891567441695058,0.02887300486506173,-0.20753202808866042,-0.05302462686497991,0.01287134493699499,-0.060520824718401166,0.04611376346233725
circ_chr12_68816812_68824651_MDM2,-0.01994668489890071,0.004209465500406575,0.04771560323763425,0.16082636230681852,0.03634667401363076,0.04663419276479896,0.05052559635428543,0.004852096957989772,-0.22381305563742696,0.002438820049407146,-0.06883009680504436,-0.02638073662847573,0.04420004174828209
circ_chr12_68820325_68824651_MDM2,-0.01994668489890071,0.004209465500406575,0.04771560323763425,0.16082636230681852,0.03634667401363076,0.04663419276479896,0.05052559635428543,0.004852096957989772,-0.22381305563742696,0.002438820049407146,-0.06883009680504436,-0.02638073662847573,0.04420004174828209
circ_chr12_68824363_68824651_MDM2,-0.019946684898900707,0.004209465500406576,0.04771560323763425,0.16082636230681854,0.036346674013630745,0.04663419276479896,0.05052559635428543,0.004852096957989775,-0.2238130556374269,0.0024388200494071463,-0.06883009680504436,-0.026380736628475728,0.0442000417482821
circ_chr12_69251129_69262562_CPSF6,0.0023072717108505334,-0.01290934976297179,-0.15831790363554976,0.008809605096680216,0.05988939095692078,-0.011202732054318215,0.08496824039515098,-0.014816299415969784,-0.018662950012490687,0.01596887573962426,0.016136984432513803,-0.09666035582537875,0.05493326424985948
circ_chr12_69589485_69592159_CCT2,0.0162118985873101,0.002979689876938371,0.0019608623154710268,0.06721853266425512,-0.06447656711945836,0.026268847755324374,0.038766505499572806,0.004439767100775009,-0.311326116583824,0.06935670328629788,0.04339762672255245,0.007677117245598576,0.01919700443255979
circ_chr12_69589485_69593613_CCT2,0.00020383178405884288,0.05249357015496414,0.02295817038103535,0.05425580282523977,0.06696359956153737,0.04776446356730824,0.06526593002072689,0.012158202758203241,-0.01704429660211627,0.04369739765201422,-0.005481406400022968,-0.08100569958779055,0.029426727946645338
circ_chr12_69800209_69801721_RAB3IP,0.16487468314148207,-0.19201349429903838,0.0006850135466185607,-0.21368837827099751,0.02934522779540773,-0.01848976926683449,0.017629528764825653,0.003283333043155974,-0.5305768743115484,-0.001485385479764221,0.016545092666945958,0.049072866106319384,-0.038440732272717965
circ_chr12_70278132_70311017_CNOT2,-0.008962690240164984,0.06026076859416763,-0.0011611540278005255,0.04737086835890833,0.011604593976217086,0.028276177103591347,0.08258340919488334,0.0754137339037898,-0.1449867481800372,-0.03491342410103213,0.08024227477932161,-0.00690113208472902,0.05871009962831449
circ_chr12_70278132_70319364_CNOT2,-0.10880987513226782,0.003510637677969467,-0.012515288124435054,-0.0009165360682127906,0.012383563419175193,-0.054592412538492,0.06718094589077114,0.00037692402414536377,-0.15868226921860615,-0.07188892593462808,0.006816404194625388,0.31064519472864344,-0.047825383375033496
circ_chr12_71769800_71774022_RAB21,-0.01800595121031227,0.10562665909901783,-0.01552252514737346,-0.04229576808975573,0.012056395055163552,0.0011664426898198943,0.011385708730778722,0.0025538558240521423,-0.046489761630185734,0.0023482995160615926,0.002521254975653431,-0.03680193089023055,0.019611949113830258
circ_chr12_72562165_72575542_TRHDE,0.022981039497774376,-0.019115834005264978,0.006069966729325518,-0.02251898235005853,0.002832709510150823,-0.004261604254512195,-0.010390808741203027,-0.027658936202720766,-0.018061388788142473,-0.0019367087019304921,-0.016600530553861754,-0.002002265650476213,0.006777583543337112
circ_chr12_72562853_72575542_TRHDE,-0.002626329672531906,-0.009107054098939858,-0.015639458554176835,-0.007446489233619612,-0.007163427315596809,-3.074230127727433e-05,0.1317533443063385,0.003148897391142486,-0.007496762952331323,-0.09325812373089477,0.01458569689017279,-0.08910060877236473,-0.02605381464364091
circ_chr12_77940319_77968702_NAV3,-0.01994668489890071,0.004209465500406575,0.04771560323763425,0.16082636230681852,0.03634667401363076,0.04663419276479896,0.05052559635428543,0.004852096957989772,-0.22381305563742696,0.002438820049407146,-0.06883009680504436,-0.02638073662847573,0.04420004174828209
circ_chr12_77940319_77998476_NAV3,-0.01994668489890071,0.004209465500406575,0.04771560323763425,0.16082636230681852,0.03634667401363076,0.04663419276479896,0.05052559635428543,0.004852096957989772,-0.22381305563742696,0.002438820049407146,-0.06883009680504436,-0.02638073662847573,0.04420004174828209
circ_chr12_77940319_78007445_NAV3,-0.01994668489890071,0.004209465500406575,0.04771560323763425,0.16082636230681852,0.03634667401363076,0.04663419276479896,0.05052559635428543,0.004852096957989772,-0.22381305563742696,0.002438820049407146,-0.06883009680504436,-0.02638073662847573,0.04420004174828209
circ_chr12_77940319_78021862_NAV3,-0.13130495581094734,-0.0024090765478255297,0.011291160148710776,0.09091493505766322,0.020130853729670516,0.02681067288034109,0.1206576803815453,-0.36669153026365753,-0.12781205090064107,-0.04604515047959209,-0.0698226424082254,0.09420198559026804,-0.009525830064073506
circ_chr12_77940319_78059115_NAV3,-0.01994668489890071,0.004209465500406575,0.04771560323763425,0.16082636230681852,0.03634667401363076,0.04663419276479896,0.05052559635428543,0.004852096957989772,-0.22381305563742696,0.002438820049407146,-0.06883009680504436,-0.02638073662847573,0.04420004174828209
circ_chr12_78049993_78059115_NAV3,-0.01994668489890071,0.004209465500406575,0.04771560323763425,0.16082636230681852,0.03634667401363076,0.04663419276479896,0.05052559635428543,0.004852096957989772,-0.22381305563742696,0.002438820049407146,-0.06883009680504436,-0.02638073662847573,0.04420004174828209
circ_chr12_82369387_82403130_METTL25,0.009348733163829314,-0.016841994286765093,-0.022952363378729804,-0.02008800563692502,-0.047571817326184374,0.011369889430678832,0.01515810165927945,-0.007313098787848863,-0.13985911922913546,0.00010308691830110522,-0.02827213899000296,0.023270726896771714,0.017998825471689673
circ_chr12_82857010_82857580_TMTC2,-0.003945902745081225,-0.020072371313813536,-0.10285093635770165,-0.03282539123460961,0.009645601027068207,0.13277860711988582,-0.0034974966721885077,0.11299080465024769,-0.5720365854032006,-0.027481171773924496,-0.004220559796817697,0.004121110710446627,0.00650906062700601
circ_chr12_88505159_88545865_KITLG,0.004246176905138712,0.008529642412347722,0.010882073240225094,-0.002558614416011146,-0.0015429983272029807,0.008312275717443196,-0.008808821182736983,0.0001909422681654227,0.0015688443820789885,0.019484026391768477,-0.018547404693160494,0.014028275465979555,-0.007194255687550103
circ_chr12_89459638_89472275_POC1B,-0.005146574249861469,-0.007170533050141611,-0.14651401829448016,0.0022809824046880825,-0.015155665962983601,0.0826100043506189,0.030170978085736364,0.05319414527383495,-0.2808516708152576,0.0017538363926460634,-0.013076385011195693,0.09036800762080138,0.020830273537212764
circ_chr12_89466770_89472275_POC1B,0.0026689493177644076,0.0016337560754486112,-0.10108190173127765,0.01284205917113781,-0.03792208691867215,-0.010100132301984286,0.012789351557680332,-0.012866036777910254,-0.3513441417500185,0.028462313760185043,-0.0038270336813836514,-0.07330282840897256,0.0770509200455881
circ_chr12_89619999_89635251_ATP2B1,-0.0012053297237289236,0.007005952008130447,-0.0443415198414939,0.02123596111420996,-0.02286216267461488,0.02732055841333152,0.011636260202836752,0.037079363849027956,-0.015392950084138907,-0.0025054063701699554,0.016058804455203878,-0.01312871159423492,0.000938283565787631
circ_chr12_94169153_94186473_PLXNC1,0.19742589547409273,0.22592499489249296,0.012755916858187537,-0.0690511937477057,-0.047922255954584,-0.06021144627778661,-0.019178593037026893,0.0660313289240317,-0.532002918775479,0.13162244700155484,0.023564598372910993,0.2618371907843689,0.1374015259678667
circ_chr12_94209590_94227235_PLXNC1,-0.009002240481873047,0.04096356858056314,-0.03795805676728391,-0.00824605988372396,0.021022633677643194,-0.004719821675886874,0.00855325158310152,-0.04079619212689589,5.744657918344682e-05,-0.00794506411533697,-0.02732010252313605,0.016126723765913637,-0.006528626970911669
circ_chr12_94220016_94227235_PLXNC1,-0.003167862362524229,0.03561159088433677,0.010561832423190759,-0.04961984332038824,0.011559467982586575,0.01721549045952727,-0.02152259311664283,0.00620283418530521,-0.01867145032636353,-0.008038161965588885,0.004416077869931712,0.011455709886355959,-0.015441214474043032
circ_chr12_95105007_95141539_FGD6,-0.0026191994795655015,-0.005725126787183457,-0.013039988718307916,-0.007143737180708957,0.028966160737193884,0.001585659893216758,0.007262784029904137,0.017373676733399904,-0.005653694400457291,0.012237351383044937,-0.02099107822639384,0.044654925075972095,-9.039814840020125e-05
circ_chr12_95208843_95211267_FGD6,0.03125073262158093,0.143955660663776,-0.11090902160178734,-0.2965031600995358,0.18581189744180285,0.16997268622102024,-0.04886476871902748,-0.09505799616075496,-0.4414450590906055,-0.016749158239758064,0.05310980362607849,-0.03505084080367555,0.011622840748509269
circ_chr12_95485879_95504161_METAP2,0.012773036540365814,-3.7137803751063474e-05,-0.0034989877829900346,0.02282065673173109,0.04238288099625907,-0.007603498757321959,-0.009232414207440153,-0.010774404904803808,0.0689094359418364,0.003226526970905089,-0.001978345511525947,0.01628112859915231,0.014549000706035275
circ_chr12_96298869_96300360_CDK17,0.014288159372110046,0.003491087236890021,0.032991913331282756,0.1800819938563074,-0.03130466547467874,0.002463515792056486,-0.0012705931463433448,-0.00907502912410611,-0.06401435511865795,-0.003987328614145265,0.010418485428142983,0.021320965051248,-0.012155866021233865
circ_chr12_96323948_96334865_CDK17,-0.008085307241915215,0.00476556504669937,-0.0027791721047353457,0.18943902464093346,-0.0016350377717958575,0.0012314688173975222,0.028732622026661964,-0.02965263006899265,-0.352385201049628,-0.00019705056498697872,-0.07703268600362838,-0.005701772689717394,0.05260982155976052
circ_chr12_9680923_9694969_CLEC2D,0.00961217499666985,0.008782940580187765,0.002993757280966326,0.2757070092062857,-0.03728105955868876,-0.011923252087092289,0.016091084491161766,-0.006712606142071376,-0.08223144820584936,0.007601424229378637,0.00033596820194993103,0.031080061327775906,0.0293000864838213
circ_chr12_97492461_97530859_RMST,-0.02915504184408116,0.010909304860393178,-0.018651556819433465,-0.017259272162231686,-0.0076352983150693,0.089931226303588,0.05140412676032794,0.10052492385378878,-0.008190836590044959,-0.037044191496437576,0.12706417337967316,0.5246105193982237,0.031063570047928715
circ_chr12_97492461_97561047_RMST,0.1614860285558457,-0.16803933588074782,-0.14532052241657972,-0.32373123655200836,-0.0016659098964530825,0.10010780349374104,-0.019978777257489717,0.05791587307812309,-0.354770930992773,0.06204014531848802,0.0098094478447895,0.15611995469658566,-0.047065518623279866
circ_chr12_99772922_99782097_ANKS1B,0.0761118476417647,-0.0503570099284304,-0.003606948992557695,-0.013536251353947263,0.03261790243856247,0.008624254213782295,0.0053582655837405655,0.013014503438197206,-0.03833860298757692,-2.938777763401577e-05,0.004025868235181009,0.01152387946384232,0.001093442500037363
circ_chr13_100257595_100273346_PCCA,0.050600924795375465,0.00019512415654314064,-0.04228283724520491,0.010193904299559216,-0.006618118349282819,0.006137441324232067,0.06055967498311827,0.00875875337405065,-0.33744591420382564,-0.0022073584942451994,0.013604467189500497,-0.009179903567831047,0.047984089084003034
circ_chr13_101345266_101378653_NALCN,0.0031213084530363963,0.014518782029764936,-0.027052897182337526,-0.01684429323333351,-0.020892911452582305,-0.01593984078275525,-0.009235961536069884,-0.001882409948813448,-0.00020836762893140036,0.030398531788013838,0.005845223378340794,0.10376731553801989,-0.01958589431523575
circ_chr13_101567699_101598299_ITGBL1,0.007775023265164948,0.001272309350493619,-0.015528229310448203,0.005827231037153315,0.002495622195591227,0.01752386409110817,0.008302122444876731,0.010368096934709737,-0.07728888555575257,0.027288150525208665,0.00793487190265838,0.026139212912227525,0.008972796506551327
circ_chr13_102622877_102627924_TPP2,0.04065099226420918,-0.027824945323457022,0.0159725180868184,-0.027225847344924985,0.03356870189704364,-0.001373118626693193,0.014085608220939036,-0.005836495702885799,-0.019916081890200645,-0.004328069064284337,-0.00621429769841288,-0.0012903160506316385,0.0031946879555510145
circ_chr13_110622216_110624279_NAXD,0.05845630270598995,0.06410361968396391,0.006739810368637659,0.08743571848156884,0.0057270451039626675,-0.008331665480480033,-0.00022794308158260266,-0.008836545176301752,-0.013423052856743733,-0.012629368341487908,0.0025386768811172912,0.01766008133620571,-0.013254556792808111
circ_chr13_112516440_112527484_TUBGCP3,0.10256223827892515,-0.04307125335745483,0.01283723751861682,0.03907541405445687,0.08013548648323451,-0.001713533390966722,0.005157791447812085,0.0018070670123403409,-0.3948315268031756,-0.008325780797144263,0.002624265725000538,-0.00675679816302541,-0.005613108851000335
circ_chr13_113633120_113636700_TFDP1,-0.018286281889698122,0.007835276476947192,-0.12836977070846728,-0.004898075842079983,0.0009213163624133535,-0.00887190858102118,0.025436776288908586,-0.06448370323305881,0.025155734915510118,-0.020904090297843105,-0.044075134257638676,0.09955251140064407,0.0036961297300452307
circ_chr13_19661698_19670363_MPHOSPH8,0.007107087189885427,0.007776221513285182,0.03291754692717132,0.0038736734994617695,-0.009061121108380638,0.0027975263236160136,-0.012619668644796906,-0.010576290285408393,-0.007177884503139698,-0.006507367252999241,0.0005967326955618486,0.0160627395239863,-0.019482215319466565
circ_chr13_19851355_19852190_ZMYM5,-0.019187312467133153,-0.02847351206253419,-0.11084893698612219,-0.009567111695993577,0.0237063495955388,-0.00974813008859764,-0.038391161583153234,-0.020956776407590704,-0.13577431202833165,0.033340516843220196,-0.02720259648397593,-0.06582720413001392,0.0249070974089661
circ_chr13_20002850_20006586_ZMYM2,-0.017044460340697207,0.018244418807915396,-0.0005875376903099932,-0.02078996977470394,-0.014683753298026063,-0.0015894387685842493,0.0033611980997597934,0.0028828507538936573,-0.09707490166271465,-0.008551891357916976,-0.03843608200294339,0.04462391521583413,-0.020585956839908583
circ_chr13_20051433_20067390_ZMYM2,-0.0018517660327637168,-0.004223662410714339,-0.04038277917132553,-0.002959539407141308,-0.013318225054574131,0.0018874388411431638,0.012836973537893695,-0.04056990531627813,-0.029619520311021073,-0.009122738670269005,-0.018820102069515326,0.09018855627268063,-0.012091000965358279
circ_chr13_20064451_20083776_ZMYM2,-0.005725471943456081,0.010600014734031486,-0.025508420884950603,-0.0018958304554046789,-0.005593222897633304,-0.003690874520001682,0.0067561572700644895,-0.05337193137498807,0.013301568951020151,-0.01680990088776685,-0.02451276244367199,0.07928721343567649,-0.011762086440120266
circ_chr13_20731841_20732121_EEF1AKMT1,0.10387151264851771,0.03059160410848825,-0.0026680928857769014,-0.08471694079509505,-0.006083161151696193,-0.004247490028347287,-0.011612753573062672,-0.023281239940111696,-0.5581057255219228,0.008144871439305139,-0.037367789500861864,-0.018195327091719126,-0.009615899872931983
circ_chr13_21167988_21168399_SKA3,-0.04239527171498069,-0.008815194794955416,-0.06908283182323502,-0.0036374082433781717,0.023946669364668036,-0.12498966199917236,-0.01612994662317933,-0.14157999971880675,-0.21566332031845364,0.06311830027723055,-0.03688187874318023,-0.16452439402557975,-0.009408246161280803
circ_chr13_21413652_21425678_ZDHHC20,0.02685864449208326,-0.008806218976135205,0.006199030023544602,0.012033755895077693,-0.00038544823492538523,-0.003469427945284289,0.018673645232377415,-0.009943205831759533,-0.021232153342105684,0.0016463528873469691,-0.007251472822211041,-0.009097864227628883,0.01677150795567004
circ_chr13_24222819_24224582_SPATA13,0.03356205585424391,-0.15124439422417352,0.006032083775512329,-0.051921000594705016,0.041049385252370556,-0.057639707822985095,-0.0033868851620913834,-0.09157197933514874,-0.2814739932935757,0.02506229614440107,-0.013181041229461959,-0.04717628838773463,0.00777645777163731
circ_chr13_24249477_24251862_SPATA13,-0.027444456820186015,0.008985209632974103,-0.026271338218027306,-0.02550525055928732,-0.0011873995697816132,-0.00827357389088408,-0.00789050961025594,0.0054242773500877825,-0.09299382664387827,-0.026381466482586446,0.0017635755977336708,0.010125429337205668,0.033845237327614894
circ_chr13_24475472_24478276_PARP4,0.0008598311291988251,-0.008107228119112127,-0.09140296494312779,0.06940053713423672,0.004101982180406765,-0.05596539509363118,0.014719920894340856,-0.1381838856069322,-0.05711887887892246,0.010360579729212904,-0.04359814431301568,-0.025756616188708434,0.013232594718173977
circ_chr13_26337567_26353880_CDK8,0.004623874496073324,0.04066490437941056,-0.003417994989724769,-0.0166557309519883,-0.014042940419224655,-0.00644580460484385,-0.010951108199622157,-0.02920504777663552,-0.07277057069166004,0.022498296236907994,-0.01772660773010491,0.06802942880183196,-0.015185045381318764
circ_chr13_26400453_26401624_CDK8,0.10862502901730296,-0.0047916740287081705,-0.10469739849636449,-0.01064630458386843,0.009818456344506987,0.005460065901472765,0.010368639557069901,0.0109460534766762,-0.20080338369071352,0.014519864727397842,-0.02505863114435448,0.08234308465135995,-0.011559591336134519
circ_chr13_28037185_28050222_FLT3,0.012773036540365814,-3.713780375106399e-05,-0.003498987782990035,0.022820656731731087,0.04238288099625906,-0.007603498757321959,-0.009232414207440155,-0.01077440490480381,0.06890943594183642,0.0032265269709050902,-0.0019783455115259486,0.01628112859915231,0.014549000706035271
circ_chr13_28174272_28177935_PAN3,0.1567069070320025,-0.006659774525470346,-0.024960796100883267,0.13274080741197997,0.011968888283187375,0.014073978757193356,0.015726987238207535,-0.008626696246592333,-0.2818886213801966,0.07342431400293614,-0.026377637150904323,0.0916981807275177,0.012335085005766565
circ_chr13_28197185_28220378_PAN3,0.02176406603851956,0.0054097029384403295,6.881490679906523e-05,0.02904466977808344,0.056694925678730725,0.012289624826545165,0.01734431142493481,-0.0052065787902777945,-0.009608210222143695,-0.011750915622825302,0.0004770621242136798,-0.0071817119798024,-0.01930433881826479
circ_chr13_28256292_28261458_PAN3,0.015947094178736236,-0.008361775576587188,-0.013968939234777081,0.0628009464863164,0.08794624379802586,-0.018863229383842668,-0.0007168298261334919,-0.15916320635040582,-0.0818027035359891,0.019115825459899094,-0.011616378382636378,0.015019493131502153,-0.006530076643438208
circ_chr13_30227412_30241086_KATNAL1,0.02204230399976924,0.03976099789288467,-0.009984308720447747,-0.0046184586089797666,0.010405843706211435,-7.011412103674234e-05,-0.0036885347296786368,-0.006405928537388375,-0.04536084085788068,0.009887943031244684,-0.005009370685885229,0.04420136925646648,-0.022017014230092044
circ_chr13_31215051_31229294_B3GLCT,-0.010909009462350369,-0.005587559006331213,-0.031818378702497534,-0.020749280505868727,-0.009779227720829878,-0.0008739863572052702,-0.0006790183387750679,0.00603989851018995,-0.2344382756231063,-0.014550815683589322,0.003353203349875701,0.019640443295010322,0.021934035191571135
circ_chr13_32078834_32117473_FRY,-0.008517957427396628,-0.021116055378952277,-0.07724164140929789,0.040127893407732214,0.009561089601400745,-0.019819337219614062,-0.032418337141408085,-0.011226167339877831,-0.15249241689309248,-0.06159340499405688,-0.011401708898915964,-0.022020342619582887,0.0001877986084091246
circ_chr13_32517857_32527532_N4BP2L2,0.1485013400074342,0.0874372795595538,-0.007513236744478116,-0.003004663668231765,0.05101167578688284,-0.0042592983184873,0.037564492771283806,-0.08400087412818401,-0.7532113738792122,-0.004777762470399857,0.010541287511440523,0.014296989054309992,0.03286774475450312
circ_chr13_32535769_32537027_N4BP2L2,0.08006039181448416,-0.003255999698428978,0.0007435407663143671,-0.01210802087181181,0.003049848046516995,0.00836129299616805,0.03651105023498905,-0.1521750955484434,-0.34273981782660384,0.008980848442265496,-0.023493916914245176,0.09283560649135707,-0.023476939886450544
circ_chr13_32732101_32735330_PDS5B,0.0038201191537401468,-9.338130736998303e-07,-0.008683200645085527,-0.03023806323084694,-0.03207605792812072,0.006115701823589404,0.009735888476723633,0.012646056738976825,-0.0653682430137081,-0.007777299760161275,-0.023318172105714664,0.012712677111434091,-0.02335808750942341
circ_chr13_37040405_37051583_SUPT20H,-0.006259563860122938,-0.012823494258187776,-0.04089543882065424,-0.015184305265018565,0.016336125412210984,-0.00993905479367643,0.011430535667517502,-0.06401048944811366,0.08072456356638542,0.0009302745536237291,-0.05275515640153768,0.04249281557800761,0.02824720802558158
circ_chr13_40559509_40560860_FOXO1,-0.004824332891917496,0.048820395836030345,-0.026878125648822568,-0.03264248797540776,-0.0031509545634205533,0.004316241852532248,0.015795402763323415,0.022926713182889056,-0.02439615048707874,0.03383305816523695,0.013971496030346553,-0.00838727860927521,0.0018059157343226855
circ_chr13_40826506_40836885_TPTE2P5,-0.0003092924278613252,-0.004692454613976697,-0.040866329781129605,-0.028774308369512672,0.0012535627794086947,0.0017619551275487285,0.009513327919068379,0.0018964931344766923,0.03025957392977197,0.0013811022777728283,-0.011888819234204701,-0.005667554385225689,-0.018603326692051107
circ_chr13_40933470_40941370_ELF1,0.004425912994031719,-0.014787023247039817,0.010190071333816306,0.0024446737433130397,-0.02726390881899376,0.006303213692905651,0.002114163428903439,-0.0009517740908558488,-0.061626528406780574,0.012324910017172681,-0.021031155017093243,0.032781194681874154,-0.00017364983268542333
circ_chr13_40940921_40943925_ELF1,-0.007360351613855394,-0.00550048682462184,-0.09781721933086739,0.0014186461639694413,0.041552185917370324,-0.0056245107680975145,-0.018312717056048766,-0.045062607450670686,-0.3500379018168764,0.051697107758100797,-0.014000272429038254,-0.06882175246062414,-0.01669908960804929
circ_chr13_41252645_41260915_MTRF1,0.08383807374643301,-0.053346307804829615,0.020159665374457427,0.002526765126116859,0.030240533880074114,0.0029258626533762277,0.010056831507447324,-0.01415977092372747,-0.03424322834485543,-0.00046554152666456367,-0.03343293455498367,0.0022449876837183206,0.0015095935876713058
circ_chr13_41369090_41372830_NAA16,0.0031213084530363963,0.014518782029764936,-0.027052897182337526,-0.01684429323333351,-0.020892911452582305,-0.01593984078275525,-0.009235961536069884,-0.001882409948813448,-0.00020836762893140036,0.030398531788013838,0.005845223378340794,0.10376731553801989,-0.01958589431523575
circ_chr13_41811225_41819386_VWA8,0.006503476666620113,-0.012229039933341651,-0.00037998214580897997,0.13861421787163528,0.003156248207193481,0.020957948261764094,-0.0014591821837551743,0.01279253175322408,-0.05778416820435668,0.02257808118280593,0.02349885134379572,0.04239306971421174,-0.0035578923805917083
circ_chr13_41865736_41868477_VWA8,0.03454777932708467,0.004688180855230891,-0.007416929716083773,0.07264344707863732,-0.0014330581799073736,-0.01787327522270347,0.0036939969087292305,-0.024311601765696925,-0.5615334720995979,0.043803208235967867,0.0011489458178037151,-0.1279740457946635,-0.022866429781915266
circ_chr13_41865736_41891587_VWA8,0.003490394184456855,0.02669096009459721,-0.01025166615175857,0.009532461470172107,0.01795712655799429,0.013553767546134719,0.0035348098378601652,0.010431180847944872,-0.006054832036095305,0.027498289493689456,0.0065049505835659185,0.013895848580017647,0.018274904257649542
circ_chr13_42127463_42219794_DGKH,-0.0035989126402609663,-0.018556229716551784,-0.0030948710731548055,-0.019154618858918167,-0.009887079831281615,-0.01061309927478171,-0.015337809479021004,0.017038724307175998,0.02733975606091404,-0.021695952298914214,0.006048833276790015,-0.036997754121202896,0.004560368701043946
circ_chr13_42917541_42970670_EPSTI1,-0.0016767306049008692,0.001590820109671227,0.09686733313516707,0.01823476924249574,-0.01763206539777644,-0.1805050522808336,-0.012451622914530286,0.013262652321326727,-0.31607327684537206,0.04754668600116623,-0.0060287270458902475,-0.0014356286531561967,-0.00978466461373728
circ_chr13_42926336_42970670_EPSTI1,-0.002068927403357593,0.04042203117846505,0.013108890264551198,-0.011926761998679371,0.01651087992711603,-0.01616276951285022,-0.019475267656471194,-0.011278570846019229,-0.1032401060940191,-0.0007412279718273366,0.030579231190220466,-0.04677992225823201,0.017176859865515336
circ_chr13_42953948_42970670_EPSTI1,-0.0002930728576471373,0.022788680601719707,0.0693922689496469,0.03497282557075779,-0.0041084568162259175,-0.008860016431519445,0.02691312656688948,-0.006838243064848421,-0.4126947547530285,0.024658847685032376,0.007889444284354992,0.026279992983182017,0.08630844571123344
circ_chr13_42963255_42970670_EPSTI1,0.0017920109648170476,0.04999319432558532,0.012400870880513634,-0.004957257643283587,0.03007385196904535,0.0006658775812204873,-0.008250274330184054,-0.002632954200119543,-0.02494326475836415,0.004452168768440812,-0.0035708633157229453,-0.047936633352286526,-0.010541356828705117
circ_chr13_45151687_45207505_GTF2F2,-0.015231541592397178,0.07381528227384504,-0.03544858057720686,-0.04794704547435131,-0.004346695924440991,0.019309274424642725,0.014601173071836658,0.006734095411427343,-0.09605614536160312,-0.017622171456158218,-0.011185111728784846,0.048045502319492436,0.0074693580675970275
circ_chr13_45516143_45519094_COG3,0.006944222893231255,-0.11540649118776568,-0.007265352041932422,-0.0064060791993702645,-0.04780515349574594,-0.014682307106054632,0.002717130154949067,-0.02397972558497036,-0.026365790764390926,-0.022819107751271113,-0.018488361748426173,0.024105094234477233,0.0003773535386302292
circ_chr13_45516143_45525051_COG3,0.004738936525774321,0.022140502837410505,-0.001130358177287423,-0.007512327656676101,-0.034673144032810625,0.007812190674124102,0.026044053678788814,-0.00963798594064328,-0.13659005060054702,0.014683247396650957,0.012931618781249807,0.0862591118187323,-0.005730735550092239
circ_chr13_45516143_45530780_COG3,0.0012270912132294625,-0.020499209552028285,0.005680835613730924,-0.004424973872482273,0.0016325240791945,0.01657446473358986,0.008838757594602089,0.008760490609209455,-0.08859493542783702,-0.012651640505892407,0.02196051417488131,0.013737071688403022,0.018287265718105367
circ_chr13_46723221_46728984_LRCH1,-0.018286281889698122,0.007835276476947192,-0.12836977070846728,-0.004898075842079983,0.0009213163624133535,-0.00887190858102118,0.025436776288908586,-0.06448370323305881,0.025155734915510118,-0.020904090297843105,-0.044075134257638676,0.09955251140064407,0.0036961297300452307
circ_chr13_46723221_46733998_LRCH1,0.011117304682055119,-0.005704422968147221,-0.02602593991486857,-0.017048900052530434,0.002421734186063728,0.011185779750861252,-0.02566357011333547,-0.008582344876726955,-0.3310084160096707,0.013318198228417254,-0.013871992038347948,0.02213196290298745,0.0021686377837431704
circ_chr13_48077153_48090418_MED4,0.03625614342262428,-0.006287783555113536,0.0024686709445747904,-0.019113189649764085,-0.008391117210005447,-0.009975996868509543,0.012432429879696562,-0.012182478912836534,-0.028875775713322942,0.014828949867572997,-0.010741194719098101,0.056209292229294376,0.0010459340858080984
circ_chr13_48253808_48261321_ITM2B,-0.018286281889698122,0.007835276476947192,-0.12836977070846728,-0.004898075842079983,0.0009213163624133535,-0.00887190858102118,0.025436776288908586,-0.06448370323305881,0.025155734915510118,-0.020904090297843105,-0.044075134257638676,0.09955251140064407,0.0036961297300452307
circ_chr13_48256177_48258236_ITM2B,-0.0005167826688446439,0.00380770908993925,-0.0018581851279546894,0.0014735947457654866,-0.012044790643501028,0.012067085192517066,0.010783770500059716,0.018916995228292807,-0.009541970761745644,0.024026307334736745,0.014246353228497086,0.007221995509064314,0.01823015756553183
circ_chr13_49138747_49145935_FNDC3A,-0.016266823790185313,0.019801943008429048,0.006892346240235262,-0.03968334093734269,0.028339994000777375,0.01892284264353895,-0.004834770943579282,0.011216451917386525,-0.0075421869132183406,0.03204652004143324,0.0010737495008397747,-0.13115109847287285,-0.004516098034026934
circ_chr13_49167244_49175541_FNDC3A,0.06641916894148515,-0.08385226207998923,-0.00989379355513754,0.01612039839295942,0.017624631743024668,-0.0012432989490649602,-0.011594160016402583,-0.040328904727625334,-0.23129151001405754,0.009876631717792314,-0.028168408506372106,0.02041361961685028,0.0065929665267882055
circ_chr13_49168613_49178654_FNDC3A,0.016420169551522056,-0.027188137835446446,-0.023339098262754255,-0.008725321833287385,-0.03663361002884281,-0.009077664209550487,-0.006119631553633793,0.011801398788670254,-0.2093679889165584,0.008555492156364232,0.008157851521702938,0.01396208413300689,-0.0027934624758314997
circ_chr13_49196877_49198574_FNDC3A,-0.018286281889698122,0.007835276476947192,-0.12836977070846728,-0.004898075842079983,0.0009213163624133535,-0.00887190858102118,0.025436776288908586,-0.06448370323305881,0.025155734915510118,-0.020904090297843105,-0.044075134257638676,0.09955251140064407,0.0036961297300452307
circ_chr13_49451553_49451909_SETDB2-PHF11,0.03256887894162431,-0.011103154384162208,-0.0013194725196639624,-0.0007530224981737366,-0.036588749708694364,0.023784727484856223,0.01642262410576045,-0.004991899397648634,-0.11632263742090602,0.024465313035440875,0.02024834986692385,-0.018197025482127094,-0.0037966932677959584
circ_chr13_49451553_49461162_SETDB2-PHF11,-0.0022010587811435215,-0.025788839126056784,-0.009516924860073276,-0.01858619525364524,-0.012942275086399661,0.003934870038239231,0.014512615823037487,-0.03476889550776982,0.0035131164470799587,-0.006436667726489472,0.0004639500568918073,0.1100013601380676,0.008912046021663579
circ_chr13_49451553_49467960_SETDB2-PHF11,0.019251821698878572,-0.007080162900162324,0.02669908425346409,-0.0048005550832544005,-0.016154074847642384,0.01374017281795387,-0.00012145610381850094,0.017322720272795904,-0.16078974633566281,0.015058464342949076,-0.0026303997694391754,0.01038514336738762,-0.0028000385639000954
circ_chr13_50390198_50492761_DLEU1,-0.018286281889698122,0.007835276476947192,-0.12836977070846728,-0.004898075842079983,0.0009213163624133535,-0.00887190858102118,0.025436776288908586,-0.06448370323305881,0.025155734915510118,-0.020904090297843105,-0.044075134257638676,0.09955251140064407,0.0036961297300452307
circ_chr13_50927407_50949505_RNASEH2B,0.16312776107497062,0.05584124223678168,-0.12357049622057428,-0.00394159330807889,0.0018316392124756856,0.05438233308538886,0.002189858397512674,-0.0424922879053599,-0.66149147970534,0.09445504756397652,-0.003473200449503541,0.02798909067983378,-0.06833239995481181
circ_chr13_52397232_52402681_THSD1,-0.018286281889698122,0.007835276476947192,-0.12836977070846728,-0.004898075842079983,0.0009213163624133535,-0.00887190858102118,0.025436776288908586,-0.06448370323305881,0.025155734915510118,-0.020904090297843105,-0.044075134257638676,0.09955251140064407,0.0036961297300452307
circ_chr13_52417992_52427219_VPS36,0.011177372444691688,-0.012010558962413907,-0.021051653753725,0.08280264269929963,0.05046557953359354,-0.03377180178207591,0.005184489679539932,-0.05026029457565724,-0.03883330133342713,0.042212906844028605,-0.021951699970742505,-0.07411537949020157,0.023427539561410877
circ_chr13_60439688_60460540_TDRD3,0.0101003856613682,-0.02248251360937173,-0.014352008909864086,-0.052508775109837216,0.04095179725111751,-0.015292809061803723,-0.009316513818033648,-0.04913729754118794,-0.06756568555436919,0.042787426688340686,-0.020470363000794203,-0.005132428656481009,0.022423565555278746
circ_chr13_60439688_60467379_TDRD3,0.2333234560926053,-0.0024218262102760203,-0.04125435429341061,-0.1189088516579742,0.05089049605490103,-0.09723172435283416,-0.05533004640214793,0.08003253696755645,-0.5797694824750184,0.08428735123994577,0.06349698245769607,-0.034839788690569834,0.01911571144364054
circ_chr13_72835243_72931267_PIBF1,0.030254062569608397,-0.01856670614883493,-0.007667653850490836,-0.023743755376965298,-0.0336915602628066,-0.0020897919398546547,0.009807036019529942,-0.004807906474595689,0.005736408624036803,0.021491019318596122,0.00039636924811694603,0.007465219802920333,-0.013871971370883578
circ_chr13_75302243_75306471_TBC1D4,-0.008517957427396633,-0.021116055378952284,-0.07724164140929789,0.040127893407732214,0.00956108960140075,-0.019819337219614062,-0.032418337141408085,-0.011226167339877835,-0.1524924168930925,-0.061593404994056904,-0.011401708898915971,-0.022020342619582887,0.00018779860840912232
circ_chr13_75560753_75569507_UCHL3,0.08147252180400563,-0.05135545550235033,-0.010160444975584005,-0.030541464205857665,0.02559063126714674,0.03186660059603682,0.041750883919249165,-0.1684180926302796,-0.9001472603277346,-0.027462142013467233,0.007606532244048477,0.01107366995006213,0.03216932117517484
circ_chr13_75621763_75727098_LMO7,-0.005040383951641134,-0.00649856881991527,-0.019826115452018848,-0.01888596603441398,-0.0256858342734851,0.00033019532856709175,-0.002946620791053676,0.01156947709080833,-0.11119819709808891,-0.008928877948850266,-0.005122625614995342,0.017902742669739312,0.015003733198761894
circ_chr13_75621763_75761038_LMO7,-0.011532725748601215,0.023045392101941137,-0.010973503389690428,0.001752711135191822,-0.0007113882390084586,0.01812167764496438,0.010586822038757963,0.018543939152252484,-0.10243236382083223,-0.003851697503740706,-0.006591509473381462,0.0061018998149499105,-0.008595650321189495
circ_chr13_75713182_75761038_LMO7,0.013841326239278029,0.1040991550284459,-0.05469913495642967,-0.10051636322446784,-0.05366197996167392,-0.00042359717170131154,0.00016575101176386186,-0.030315030213038396,-0.017671147395374617,-0.01000803029138541,0.01227799721762095,0.0367874463346545,0.0031121684792119924
circ_chr13_75817161_75823873_LMO7,-0.00954771207627308,0.011557215081512662,0.008824022120720374,-0.031023020872557854,0.029971673849690423,-0.003148633434986484,-0.0037684000090989584,-0.001680217892416055,-0.005784979939343662,-0.012587612983134568,0.0015153125989281907,-0.02211501577401436,0.01659159702340185
circ_chr13_77205256_77243951_MYCBP2,0.00651386885441741,-0.0017980869423523222,-0.023070904204903746,0.09647772655362634,0.05611335595022711,-0.04380020625558847,-0.009716045918102503,-0.06998894553634344,-0.07510473113107069,0.013293494892356806,-0.01350984980531691,-0.07666539287350944,0.008984979290358675
circ_chr13_77217840_77243951_MYCBP2,0.010934029016783406,0.005909650191742096,-0.00769351632512145,0.16708685466142745,-0.048549772195084294,-0.010031923543679447,0.0038123028518445767,-0.002393082812358766,-0.06579349623511642,0.020678386001102222,0.01553131757390883,0.07302174011488799,-0.009790728063345572
circ_chr13_77559804_77597589_SCEL,-0.017044460340697204,0.018244418807915396,-0.0005875376903099913,-0.02078996977470394,-0.01468375329802607,-0.0015894387685842478,0.0033611980997597917,0.0028828507538936577,-0.09707490166271461,-0.008551891357916975,-0.038436082002943406,0.04462391521583413,-0.020585956839908583
circ_chr13_77719532_77753358_SLAIN1,0.013911838780078635,-0.10619217427384273,-0.04334623690254842,0.03721753327449433,0.011514445551190865,0.02217569598857544,-0.020236815296666804,-0.004123674575865303,-0.3254372822235814,0.0001731049549378194,-0.011335178424307868,0.024384728519211342,-0.0004675757144552391
circ_chr13_95611445_95612177_DZIP1,0.04254954140843939,-0.014320382654438244,0.013126845578261073,-0.016353142034199478,-0.011223126208835175,-0.00812190648754723,-0.00815577496619761,0.0025357440171197977,-0.0036319601818799994,0.01787085857626294,-0.008784541069640002,0.001436133161467437,0.003155558064151025
circ_chr13_95723242_95725252_DNAJC3,-0.007072225798658398,0.0028126513732312747,0.013039417969964079,-0.04591343576880964,-0.04064763960894401,-0.0159779893259457,-0.04159921805470151,0.003100207599096784,-0.0021983815041693435,-0.02099542140543776,-0.0034006089638495317,-0.010734034521600544,0.016467662495968677
circ_chr13_95757644_95763953_DNAJC3,0.1764172902938014,0.012518358605065892,-0.05605284885151474,-0.2104710672376641,-0.007603186009406714,0.01974067357379405,0.050842608929684695,-0.07772142780405056,-0.5575054096445141,0.027492141443895706,-0.04291333062680939,0.06998604938432398,0.004945859629959154
circ_chr13_95832927_95837202_UGGT2,-0.10203531099783562,-0.05167011104953504,0.017956764063632166,-0.0034761533094527777,-0.0311363627992525,0.01964053286360486,0.13378526521170697,-0.44814172875239267,-0.17631797779888642,-0.008434974644438051,0.08484499698143828,0.12116478419516845,-0.048234548832050236
circ_chr13_95970112_95999307_UGGT2,-0.002092700272535473,0.037392742372681476,-0.06503081713781073,-0.021708685688882047,-0.012932790037251701,-0.008795524135031018,-0.0011475243989119434,-0.02708970293034255,-0.11195457240976894,0.030793476596633076,-0.0003731265131345343,0.05031109568868492,0.0020999674278312603
circ_chr13_95983804_95999307_UGGT2,0.014179074873195878,0.0022066670162042548,-0.0936844324457354,-0.18352532293641405,-0.01145974355600409,0.0001672453690280258,0.027947711115347856,-0.015639361387775004,-0.5061815577564331,0.11774374166729969,-0.012658634909783096,0.16250947026081006,-0.02315541177285681
circ_chr13_99238427_99244624_UBAC2,0.08215442109692198,-0.03319060747856084,-0.02763353566964655,0.16152034205377014,0.08184317798817034,-0.013616396072670178,-0.00312622914517827,-0.014010346137831073,-0.19212546286972046,0.02532875056454814,0.0006692813433600626,-0.040513075943030545,0.01329885529973605
circ_chr14_101901719_101906529_PPP2R5C,0.026966631892483224,-0.008647767664802714,-0.0011486206619601494,0.20817614033105047,-0.03908046654732535,-0.05496031818869392,-0.014056891733455175,-0.04407007466825855,-0.29216631218812644,0.0189804309578313,-0.0034767266857969686,-0.03732657656302999,-0.005413123188232863
circ_chr14_101983019_101983609_DYNC1H1,-0.0022010587811435215,-0.025788839126056784,-0.009516924860073276,-0.01858619525364524,-0.012942275086399661,0.003934870038239231,0.014512615823037487,-0.03476889550776982,0.0035131164470799587,-0.006436667726489472,0.0004639500568918073,0.1100013601380676,0.008912046021663579
circ_chr14_102019893_102022880_DYNC1H1,-0.003466008553603489,0.018352684542842553,-0.015314395842545379,-0.018007244384746462,0.0010900235201830488,-0.00427021389125104,0.008887751134307934,-0.055058328262284864,-0.035962275353474085,0.0033160754101380805,-0.022218989552175345,0.06818056267189226,0.01762376690999947
circ_chr14_102040236_102040673_DYNC1H1,0.1574895363359688,0.06054300482823126,0.002442472174782645,-0.122373046817647,0.2420132708577651,-0.0006774203916132424,0.09767086117097148,0.009117864378494472,-0.5465702740014017,0.026984727383519088,0.03581592608805116,0.06449252977512789,-0.01135208849731579
circ_chr14_102193463_102195120_WDR20,0.06586655758103206,0.034199843044488816,0.055606665257697585,0.32659573829976,0.014504753521720122,0.01058093036085168,0.012484426383427397,-0.003218751410236587,-0.2344765945630425,-0.012975374678423754,-0.011782662341541747,0.00023145571460498032,0.0027680016597521275
circ_chr14_102194938_102209862_WDR20,0.008719079862357287,-0.04731206857524849,-0.009527936589429237,-0.12016796252573222,-0.037362771265492326,-0.029090538012786767,0.029195720537217144,-0.03501778445931708,-0.008347934465645062,-0.012621925644634192,-0.008754989141249041,0.04494369596867042,0.017959115591874845
circ_chr14_103003928_103012188_CDC42BPB,-0.05484702693656534,0.07556214816968504,-0.021274572959623234,-0.05990195547092169,0.09742649391933633,0.025437832265378112,-0.003972520671464211,0.00995909766431334,-0.293776189252569,0.02220456681669963,0.026346640360529347,0.04905199354000398,0.021170869471758013
circ_chr14_103662116_103662927_KLC1,0.0028948774742039627,-0.014365857122164582,0.002962309263083612,-0.036754694288051164,-0.027368032434658268,-0.030279306611105287,-0.02854673139783222,-0.009186423059052911,-0.019533769136108152,0.010508968673347475,0.007147318880133614,0.0794484124171331,-0.0051097932933932885
circ_chr14_103669511_103673431_KLC1,0.007107087189885433,0.007776221513285187,0.03291754692717131,0.0038736734994617725,-0.009061121108380643,0.002797526323616014,-0.012619668644796902,-0.010576290285408399,-0.007177884503139697,-0.006507367252999243,0.0005967326955618469,0.016062739523986305,-0.019482215319466555
circ_chr14_103778745_103797518_PPP1R13B,0.03133262412490773,-0.009978204956171079,-0.0027131913683140956,-0.016902400450689716,0.04414474526302163,0.001161165929497251,0.0182663790198197,-0.0014340692477483128,-0.10557623870351081,-0.0076427918951647,0.011695531726013137,0.010941538148961817,0.008450290221816127
circ_chr14_105252507_105272894_BRF1,0.007107087189885426,0.007776221513285182,0.03291754692717132,0.003873673499461768,-0.009061121108380638,0.002797526323616013,-0.0126196686447969,-0.010576290285408393,-0.007177884503139693,-0.006507367252999241,0.0005967326955618486,0.016062739523986295,-0.019482215319466558
circ_chr14_20403377_20406400_TEP1,-0.018286281889698122,0.007835276476947192,-0.12836977070846728,-0.004898075842079983,0.0009213163624133535,-0.00887190858102118,0.025436776288908586,-0.06448370323305881,0.025155734915510118,-0.020904090297843105,-0.044075134257638676,0.09955251140064407,0.0036961297300452307
circ_chr14_21230319_21234229_HNRNPC,0.07398853071860764,0.040165708091489234,-0.10006535498578598,-0.064636710843057,0.16188749336991193,-0.04056556296920148,0.079881872068827,-0.040031185537266756,-0.947703217849423,-0.018995128359977773,0.020969091490862776,0.05484365017350117,0.015048645475912188
circ_chr14_21503173_21503881_METTL3,0.07625733996920285,0.030510658858532918,-0.054974242065499196,-0.06280470538188986,0.15172576126164453,-0.018649121513334917,0.011840135972496543,-0.023709669586429467,-0.621486195229909,-0.008530927172260939,0.006377878677150322,0.042465827455200826,-0.04967362949886967
circ_chr14_22906195_22911403_RBM23,0.1506494903925667,-0.11961914582655789,-0.037723156510821275,-0.07459458223142411,0.12683485076625126,0.026925862393145705,0.03358640586219505,-0.016128946534056342,-0.5752678423842161,0.01018962869427564,-0.019106948963054895,0.022530946156436103,0.014421649233170915
circ_chr14_22909483_22911403_RBM23,0.2121704148845066,-0.002468956250685286,0.07563757509332183,0.012426041568383155,-0.017073434881791166,-0.029260113865788296,-0.0662631597411543,-0.009714706589061095,-0.1763594705847952,0.042249216042590985,0.0251305285289705,0.010291894959215578,0.028967353306906213
circ_chr14_22926133_22927660_PRMT5,-0.004908138736708604,-0.011986685403551418,-0.007932873806721493,-0.060159275689136336,0.004863509466792901,0.03559956155382139,0.001492627140027893,0.012543812773094227,-0.004639010577761894,0.0014597021889111662,-0.007745935650749442,0.055522182214291275,-0.030397930276147782
circ_chr14_30670256_30675065_SCFD1,0.09903512377314841,0.010628973742187218,0.0015416479993958952,0.15229612342247809,-0.007424267040656498,0.02803041271323174,0.0873228786889597,8.99728472977333e-05,-0.14242801166061358,0.0795775967712474,0.06417905067757505,0.13748838867054924,0.01783054138507524
circ_chr14_30715924_30734858_SCFD1,0.06435354107855037,0.012516105171012102,0.037041788362198645,-0.017643712111049415,0.09357061818466782,0.011449576356334526,0.02811085661742866,-0.008365747943689768,-0.12354662831696951,0.00835780726959877,-0.002862624426270572,-0.011741104743501457,0.010158077843845105
circ_chr14_30902536_30911162_STRN3,-0.018286281889698122,0.007835276476947192,-0.12836977070846728,-0.004898075842079983,0.0009213163624133535,-0.00887190858102118,0.025436776288908586,-0.06448370323305881,0.025155734915510118,-0.020904090297843105,-0.044075134257638676,0.09955251140064407,0.0036961297300452307
circ_chr14_30935163_30956242_STRN3,0.10884333844323109,-0.05176519800105166,-0.02668215470326639,-0.005818891124586795,-0.008105406726665728,0.030903914325911254,0.041968703973157065,0.035768798281995806,-0.1089132841214345,-0.01609827691482979,0.021117336863769147,0.16146257858957852,-0.003576905983326383
circ_chr14_30947090_30956242_STRN3,0.007107087189885427,0.007776221513285182,0.03291754692717132,0.0038736734994617695,-0.009061121108380638,0.0027975263236160136,-0.012619668644796906,-0.010576290285408393,-0.007177884503139698,-0.006507367252999241,0.0005967326955618486,0.0160627395239863,-0.019482215319466565
circ_chr14_30955620_30956242_STRN3,0.03772844540090083,-0.010748860588775793,0.003526235539695714,-0.008544355710052116,-0.005108956762488484,-0.004049418083948273,0.009072100608890599,5.1551771714343126e-05,-0.030570435337472408,-0.0027892160404561685,0.0005371128729991636,-0.019188009803112666,0.013857632940130789
circ_chr14_31127785_31133675_HECTD1,0.023593545453233916,-0.0625350965861934,-0.045777725963268144,-0.006766266539684217,-0.012246720591591166,0.024542778997742928,0.025009639256245986,-0.033907257348251604,-0.051569613670476626,-0.019874466663825884,-0.022516709446597293,0.06494144193391602,-0.03621405297449726
circ_chr14_31127785_31172122_HECTD1,-0.004354353845170707,-0.038704854041539144,0.01094278602167629,-0.04652537528763121,-0.0025546080193416623,-0.0019606877260630474,0.0041395577144034594,-0.021340034921579168,0.02201045325924329,0.015779318993982182,-0.034915321711414066,-0.020469212369083983,0.03200098362447996
circ_chr14_31133238_31133675_HECTD1,0.02307762941805607,-0.019694260718644323,-0.011457438663444711,0.17445554756118456,0.0013613960348298696,0.0035473919196442154,0.029601112809889633,0.012273915352578778,-0.12038116302186769,0.007109495918864588,0.015967620687839586,0.04129366721125554,0.015265418827091311
circ_chr14_32090502_32094386_ARHGAP5,0.003259839457988998,-0.03273942733370594,-0.04585221379508336,-0.024163420273904362,0.03900413240126613,0.03210252204226275,0.10577624960890669,0.024695852790915664,-0.1366431105048599,0.008113231850749183,0.020155258059458524,-0.0021863496871949183,-0.001406458259263796
circ_chr14_32090502_32117287_ARHGAP5,0.032517263140578415,-0.004330943257610566,-0.10058269455237254,-0.24750282014768687,0.01380791612065836,-0.029382442642158568,0.02482307910220936,-0.009843299123895548,-0.30169984263371064,0.005682899178555999,0.045696120190844965,0.06361862539421488,-0.031500515699726055
circ_chr14_33215182_33215587_NPAS3,0.0195991752808096,-0.010638142634837167,-0.005289398761088465,-0.02926606934848504,0.005198761210363232,0.010839781397115902,0.011597608862591847,-0.006904019222303238,-0.003300832113740199,0.06589197028023579,0.010001019959790523,0.01990148013986539,-0.004042579235999481
circ_chr14_33925618_33931215_EGLN3,-0.007222595504151651,0.07983878918637423,0.008904769499473086,-0.05787099903482023,0.003903661989501343,-0.008083695945794328,-0.06319731168020228,-0.0028968125523414455,0.020634931877701997,0.039218839579163056,0.012049705872011674,0.011834657344902145,-0.0005555210450183136
circ_chr14_34567686_34568013_SNX6,0.017538087765819388,-0.02784982453604546,-0.011453460552761262,0.07869763731593896,0.01210972196444323,0.02326992567043148,0.014130334486174944,0.017152346024064805,-0.07888864522506855,0.0042512241277285305,0.01902184349474988,0.0032553215429062467,-0.007568466129880008
circ_chr14_34575756_34609742_SNX6,0.00364951923895378,-0.004818287303843512,-0.002192586347878653,-0.08981176425808457,-0.07069190134614908,-0.017502729586598265,-0.008539166379682868,-0.008816159565016926,-0.053084062787701565,-0.0259861097943615,-0.015154772894555203,0.06127354751653679,0.033843345756287696
circ_chr14_34586230_34609742_SNX6,-0.02202850599674248,0.020265990128669358,-0.0028333821120691445,-0.000579302444698925,-0.003527302289199152,0.012751786216778324,0.008361164457279507,0.015635217933905834,-0.08401462869900514,-0.03083932409216569,0.009034071300881373,0.05355370802198065,0.055314092608144905
circ_chr14_34792775_34862322_BAZ1A,0.022993599260299424,-0.016204366484723173,-0.0017823121357616798,0.000985466334276918,0.0142233898142542,0.007431781939083957,0.0087721337380617,0.005222420812449249,-0.01858658341627424,0.0014807151664648606,-0.018773487590981915,0.0008740985440405941,-0.004368659255749602
circ_chr14_34862044_34862322_BAZ1A,0.03397203988417688,0.03613648680989709,0.005279924787246706,0.06164842923520109,0.01883610259207137,0.02129676928072865,0.09836871602567682,0.004738585338237527,-0.32997516501405644,0.015767428420657537,0.027729600805388492,-0.028336357011488046,0.015928154723598566
circ_chr14_37285318_37308519_MIPOL1,0.02176406603851956,0.0054097029384403295,6.881490679906523e-05,0.02904466977808344,0.056694925678730725,0.012289624826545165,0.01734431142493481,-0.0052065787902777945,-0.009608210222143695,-0.011750915622825302,0.0004770621242136798,-0.0071817119798024,-0.01930433881826479
circ_chr14_37285318_37369624_MIPOL1,-0.027444456820186015,0.008985209632974103,-0.026271338218027306,-0.02550525055928732,-0.0011873995697816132,-0.00827357389088408,-0.00789050961025594,0.0054242773500877825,-0.09299382664387827,-0.026381466482586446,0.0017635755977336708,0.010125429337205668,0.033845237327614894
circ_chr14_39158285_39159550_TRAPPC6B,0.02685864449208326,-0.008806218976135205,0.006199030023544602,0.012033755895077693,-0.00038544823492538523,-0.003469427945284289,0.018673645232377415,-0.009943205831759533,-0.021232153342105684,0.0016463528873469691,-0.007251472822211041,-0.009097864227628883,0.01677150795567004
circ_chr14_39179091_39179462_PNN,0.0589067224444208,0.005107390136030401,0.0020021316081388846,0.06482972628799197,0.02085461610868212,0.012828642681183002,0.0185795394670723,-0.020032286648783384,-0.3434360728289829,-0.010352334241460866,0.02027779484572604,0.10489950731155374,0.008947730827797798
circ_chr14_39276934_39279537_MIA2,0.12868993976437243,0.11922696891018951,-0.2236460988947783,-0.009002227858560412,-0.02409776764551002,0.022451783377185317,0.01037427710344767,-0.09896799193956658,-0.6031552286235177,0.07374654217706161,0.0057725589067148895,0.037539267188044186,-0.04751462900108372
circ_chr14_45008913_45032376_TOGARAM1,0.004246176905138712,0.008529642412347722,0.010882073240225094,-0.002558614416011146,-0.0015429983272029807,0.008312275717443196,-0.008808821182736983,0.0001909422681654227,0.0015688443820789885,0.019484026391768477,-0.018547404693160494,0.014028275465979555,-0.007194255687550103
circ_chr14_45118028_45130790_FKBP3,0.11224833637321517,0.09389615247405476,-0.14583310319078038,0.001802481711858018,0.011700509869392991,-0.009082150801074121,0.03103055210668076,-0.022292695636526732,-0.8396868153169371,0.05837648070411874,0.01512735335879958,0.3405577453989092,0.020676609405686833
circ_chr14_49709159_49743805_KLHDC1,0.015416557873820383,0.005803529043164883,0.0039448923884423505,-0.0014678202316592479,0.022768575656186188,0.0010716210936425592,0.0021981644364116202,-0.003555102034125582,-0.13285788275299829,-0.011248802010465807,-0.002438725724199116,-0.008256157487665387,0.019163769231162947
circ_chr14_49825867_49831361_NEMF,0.02851583400009451,0.006936359955114548,-0.07257964349846552,-0.030342948330804084,-0.042724199132824874,0.01295893584524608,0.0330656798362519,-0.016699380578567218,-0.48950980581433856,-0.00037283633151981993,0.02777375551192107,0.04724775794327236,0.021940645246314925
circ_chr14_50150008_50150230_SOS2,0.20717606485995535,0.09325508127351044,-0.13753391449750887,-0.02199072203677926,0.03926512430189471,0.006497675199217196,-0.004508390979351899,-0.008160367407535583,-0.5907059597371177,0.057951269319597966,0.07115850806504447,0.04830109245074356,0.07219551611502109
circ_chr14_50466583_50476306_MAP4K5,-0.018286281889698122,0.007835276476947192,-0.12836977070846728,-0.004898075842079983,0.0009213163624133535,-0.00887190858102118,0.025436776288908586,-0.06448370323305881,0.025155734915510118,-0.020904090297843105,-0.044075134257638676,0.09955251140064407,0.0036961297300452307
circ_chr14_50476128_50482416_MAP4K5,-0.018286281889698122,0.007835276476947192,-0.12836977070846728,-0.004898075842079983,0.0009213163624133535,-0.00887190858102118,0.025436776288908586,-0.06448370323305881,0.025155734915510118,-0.020904090297843105,-0.044075134257638676,0.09955251140064407,0.0036961297300452307
circ_chr14_50640750_50645014_SAV1,0.032649987277182484,-0.10240826160844714,-0.00012871549463392955,-0.023903216630695695,-0.01522655792324589,-0.007183584076542637,0.0226086723696378,-0.015344476277658852,0.024094194238904847,-0.010809946312109867,-0.014045584503690627,0.010848064583608605,-0.0021985994176906922
circ_chr14_51243856_51247220_TMX1,-0.008517957427396628,-0.021116055378952277,-0.07724164140929789,0.040127893407732214,0.009561089601400745,-0.019819337219614062,-0.032418337141408085,-0.011226167339877831,-0.15249241689309248,-0.06159340499405688,-0.011401708898915964,-0.022020342619582887,0.0001877986084091246
circ_chr14_52652239_52666495_ERO1A,-0.018286281889698122,0.007835276476947192,-0.12836977070846728,-0.004898075842079983,0.0009213163624133535,-0.00887190858102118,0.025436776288908586,-0.06448370323305881,0.025155734915510118,-0.020904090297843105,-0.044075134257638676,0.09955251140064407,0.0036961297300452307
circ_chr14_54702062_54702580_SAMD4A,-0.018051720212587104,0.1942300727628254,-0.027829552828590856,-0.033817377797478405,0.14602466864965258,-0.01096705972069298,0.014004763939524675,-0.08954587908475721,-0.46324395856595024,-0.03715581377583386,0.006660912530552097,0.36711038338375657,0.029522742963819043
circ_chr14_55612019_55619312_KTN1,0.04698286555976533,-0.006290326146277978,-0.034672533585801635,-0.008973596150660495,-0.05219085529982402,0.01052268725511401,0.03176324617735904,0.00572895394532345,-0.08784306866500302,-0.011589247133122755,-0.017088365005070844,0.021273756309249305,-0.02481226356424457
circ_chr14_55648025_55648870_KTN1,0.0322236296206911,0.0442505970982984,0.002357108394442705,0.21700052975382592,-0.038443770743195035,0.0058032847843080115,0.0209254721742353,0.0030465124089576385,-0.08221948570748006,0.007792121465051446,0.011641011162385364,-0.015443351637644044,-0.0075195719720615
circ_chr14_56279676_56290456_PELI2,0.0031213084530363963,0.014518782029764936,-0.027052897182337526,-0.01684429323333351,-0.020892911452582305,-0.01593984078275525,-0.009235961536069884,-0.001882409948813448,-0.00020836762893140036,0.030398531788013838,0.005845223378340794,0.10376731553801989,-0.01958589431523575
circ_chr14_58318542_58330169_ARID4A,0.024446019794363387,0.0037703178426964426,-0.007586747659426213,0.05359319651388147,0.017221665868545802,0.03626361452455362,0.018189479180136883,0.011111207269703435,-0.009252223881099014,0.008973869967929274,0.03157789785881283,0.05093717890169662,-0.019085491083885003
circ_chr14_60115719_60125823_PCNX4,0.0031213084530363963,0.014518782029764936,-0.027052897182337526,-0.01684429323333351,-0.020892911452582305,-0.01593984078275525,-0.009235961536069884,-0.001882409948813448,-0.00020836762893140036,0.030398531788013838,0.005845223378340794,0.10376731553801989,-0.01958589431523575
circ_chr14_60796217_60818847_MNAT1,-0.02910301450028946,-0.0032256079637241397,-0.07994411841451575,0.007166485905690119,0.0009237285481041582,0.02728262416789093,0.006910752956850485,0.04161095151945062,-0.10087273807386136,-0.08041574871753278,0.04822213274881837,0.29582707133969655,0.018585240973697837
circ_chr14_60796217_60879835_MNAT1,-0.018286281889698122,0.007835276476947192,-0.12836977070846728,-0.004898075842079983,0.0009213163624133535,-0.00887190858102118,0.025436776288908586,-0.06448370323305881,0.025155734915510118,-0.020904090297843105,-0.044075134257638676,0.09955251140064407,0.0036961297300452307
circ_chr14_61721509_61721823_HIF1A,-0.008966376534326545,0.016486409134466248,0.0543561851497247,-0.11110292276205976,0.01700518729458288,-0.015960300840790087,0.044207287202094527,0.06440983582667748,-0.06416380035067899,-0.01655633629968866,-0.010446182345308683,-0.012491128081720605,-0.032041374304735595
circ_chr14_63998914_64003330_SYNE2,-0.018286281889698122,0.007835276476947192,-0.12836977070846728,-0.004898075842079983,0.0009213163624133535,-0.00887190858102118,0.025436776288908586,-0.06448370323305881,0.025155734915510118,-0.020904090297843105,-0.044075134257638676,0.09955251140064407,0.0036961297300452307
circ_chr14_63998914_64016631_SYNE2,-0.021618521055445827,-0.006680062481445137,-0.15668093017291157,-0.0003530052182243559,-0.0013465499580617977,-0.008332992513935811,0.007025618243706981,0.013763561513518416,-0.012193044122648773,-0.041134294934303116,0.002706147409604934,-0.027589588296283527,0.029666827808984362
circ_chr14_63998914_64022863_SYNE2,0.01152062817808784,0.009259050704739898,-0.05414753678987871,-0.04186787540653035,-0.010843108793563776,-0.0014927098823022858,0.0011847600991937452,0.02387395068639636,-0.6512128354406391,0.04817600892366635,-0.007936958865203531,-0.03210593969292835,-0.050602054349691845
circ_chr14_64521487_64523402_ZBTB1,0.011509912700202123,0.07412412521674676,-0.0017618392235595106,0.0009193369790869055,0.005990092874857425,0.0013343667050091088,0.0016257894253309882,-0.0028204435877213453,-0.3029863549572919,-0.014027656043044059,0.0024355606017476264,-0.01694873792767424,0.009505493518386603
circ_chr14_65561337_65561766_FUT8,0.007902043339511482,-0.015533248594125368,-0.09860556301407485,-0.011622341633856208,0.011588642207762071,-0.017876707134973503,0.1100345846719482,-0.011882549540801065,-0.6993069038786889,-0.08326355433326238,0.042575001243260274,-0.007764118233441077,-0.06865508877313407
circ_chr14_65561337_65629606_FUT8,0.017871213649156666,-0.017431076664645728,0.015430436575538118,0.11295255256157712,0.032783243466989055,0.01249229795642964,0.005548099819766622,0.010371371949335446,-0.028109882212712694,0.008178371104583767,0.006982975604184924,0.0031929332428434765,0.0031962141098952493
circ_chr14_65615978_65629606_FUT8,0.015509905891429615,-0.01095174655153092,-0.027866291640325613,0.38263122600042554,0.013397953539183716,-0.007764874479339144,0.000872546806252524,-0.007905875260557152,-0.04980567336783253,-0.04431525440078848,0.005643862405239994,0.015532782817359684,0.006047121305126339
circ_chr14_67345768_67347453_ATP6V1D,0.02176406603851958,0.00540970293844033,6.881490679906608e-05,0.029044669778083447,0.05669492567873074,0.012289624826545165,0.017344311424934818,-0.005206578790277796,-0.009608210222143695,-0.011750915622825299,0.0004770621242136803,-0.007181711979802404,-0.019304338818264783
circ_chr14_67685015_67690421_RDH11,0.03430776587845116,-0.01284289713431921,0.021054972641151245,-0.022541251178011226,0.023770606154892387,0.003992087237193611,0.005354927634213088,-0.004495233238607942,-0.014398772976374371,0.008062124012377398,-0.016362533667226873,0.0070229344789196355,-0.0019843454294939254
circ_chr14_71026117_71036157_PCNX1,-0.0019660688431605232,0.034105733321745005,0.004574675311937214,-0.02503156598501442,-0.015588216942579633,0.01834907986208318,0.022495648280491595,-0.0025981117564101855,-0.038878643198389906,0.07771275150684011,0.05565037407665118,-0.007263494101528809,-0.011424488740192675
circ_chr14_71045133_71057724_PCNX1,0.01281575991738759,-0.018183580615705876,-0.00026226610264170773,-0.01911756448242093,0.027104440524773753,-0.004545297911634409,-0.004716657641885449,-0.007824607618025392,-0.023092227283294988,-0.012182744991495431,-0.007715351680306607,0.0027198329622266618,0.019099359463984084
circ_chr14_71413948_71418196_SIPA1L1,-0.005875480543575378,0.014845485363607839,0.09814416152719409,0.050015716104646696,-0.05399995609138537,0.004139206176405633,0.04779240126120456,-0.006540616005989547,-0.00976794746586726,0.01703610458414082,-6.97098875586998e-05,0.10771313056533048,-0.004562054226925861
circ_chr14_71413948_71529370_SIPA1L1,-0.0022282029917287853,0.07022504970503561,-0.0465209838101438,0.013772824943082825,0.09097387218382177,-0.04109122202182599,0.0036787355089453054,-0.023555674780262947,-0.4259591668390865,0.06825287141315244,0.02473851745886869,0.03661303493084484,-0.005024158652685659
circ_chr14_73147795_73148094_PSEN1,0.11620116696039069,0.006533195099038852,-0.01548477935584481,-0.0003391025459375771,0.06171452167569947,-0.007787829009263877,0.01780523123262417,-0.015264844834616527,-0.5925518475364308,0.06960675438849416,-0.004021017563939775,0.36594148980723884,-0.015681298773176006
circ_chr14_73147795_73148106_PSEN1,0.061019597785893866,0.07939361260849498,0.020920741240304144,-0.015318768391346833,0.1463786665681724,-0.0017909427369613986,0.056903590245599406,0.0786350967492302,-0.6837099881609258,0.04379281049897909,0.02675429155997224,0.026053167484705514,-0.005302110570431662
circ_chr14_73147795_73173707_PSEN1,0.0011668428253344648,0.008505462241640038,-0.007663172907109691,-0.010366026139353354,0.01579785313970413,0.020040647633805708,0.010151925884883395,-0.03423170479403097,-0.301505952882298,-0.0018763634890530134,-0.03878336433030471,0.04265474179570794,0.033370039490886
circ_chr14_75046376_75049718_MLH3,0.15273332621745173,-0.012933936350440097,0.007621854274321085,-0.20151298916609853,0.05750058873335393,-0.0010964533906015917,0.008588388148610215,0.007030685273733364,-0.23905846799172709,-0.0033335926998617656,0.025325854093489246,-0.003971500871044965,0.015723961948019612
circ_chr14_75109685_75110371_NEK9,0.0687441092920724,0.03076106076183152,-0.014609864681805697,-0.032661108872911994,0.07552816511079066,-0.0013623150700464198,0.017962460124067502,-0.015869412000473725,-0.36991695005863445,0.014713954317000769,0.06341134463189688,0.044622944936194786,0.027452547417759873
circ_chr14_75732338_75735289_TTLL5,-0.03590044626386058,0.003135976420000856,-0.024375474695077195,0.01923439932445415,0.03329066232276919,0.028626759154053157,-0.007352909085758352,0.0280748451477263,0.040182224957487425,0.018944211223681392,0.02620305735266551,0.2092057321006542,-0.008619467585129182
circ_chr14_76166663_76180849_GPATCH2L,0.011524098768270603,-0.014074275998670277,0.008925055456745299,0.0001388513314172768,0.04552938834842201,0.00013297480870503662,-0.01114277921596887,-0.004913192192284122,-0.11663163318944055,0.01694455950200814,-0.01288919477810051,-0.059350770406565174,-0.003301582196159863
circ_chr14_76166663_76195972_GPATCH2L,-0.0008384242934556814,0.001558485192944148,-0.07353790781468299,-0.010596186833839111,0.06367267899526463,-0.03352276440524182,0.015330092322918293,-0.07819756566466338,-0.28929087439511,-0.0069414188136307335,-0.0345572013526975,-0.02303401176145073,0.020526951521217963
circ_chr14_80497469_80530886_CEP128,0.009959506943244063,-0.00011184487333353439,-0.004308546788825471,-0.018979320683269383,0.010030586567735656,0.00426156699714193,0.01678487536923241,-0.022747936654627297,-0.0023608717343585944,0.03487813058719139,0.03506427164629038,0.0547581417235094,-0.00557752482967927
circ_chr14_80743075_80761613_CEP128,0.02685864449208326,-0.008806218976135205,0.006199030023544602,0.012033755895077693,-0.00038544823492538604,-0.0034694279452842894,0.01867364523237741,-0.009943205831759533,-0.021232153342105684,0.0016463528873469694,-0.007251472822211037,-0.009097864227628883,0.01677150795567004
circ_chr14_80743075_80778046_CEP128,0.030513146751423303,-0.0023905953914411674,0.017263790470512855,0.009710206128283242,-0.0155651722157604,0.009566168138119637,0.007583950193146875,0.01301878095297924,-0.036915642064898245,0.008175228414198774,-0.006762765649824912,0.024464864043143655,-0.002840350309988377
circ_chr14_80895718_80906081_CEP128,0.016287192073136576,0.08462305572174998,-0.007805131281421128,0.03660612466543008,-0.014065607390806492,-0.012546874506727299,0.03148608435796503,-0.03491312116577744,0.023048735033760488,0.026562909864503836,-0.003099387972973547,0.04061200369462598,0.0003434195081037374
circ_chr14_81185531_81204104_GTF2A1,0.010005544090811148,0.0055752269267969,-0.007494758839404578,0.026621693797921814,-0.010567167138541713,-0.0014542720462057232,0.009499295386143554,0.015229100662643718,-0.019486959685658344,-0.0011465983103611066,0.0062883807085921395,-0.05227194925796493,-0.008072633760458449
circ_chr14_88416711_88433212_SPATA7,0.035116740206709116,-0.024508901551773002,-0.006949423362827254,-0.06552281756678556,0.0040233644965208485,0.00590330020430478,0.02084875660103759,0.003871536056298019,-0.03545050501091313,0.007868600728407412,0.0005031715276483599,0.040431104867928516,-0.020264718223206107
circ_chr14_88416711_88437903_SPATA7,0.0270382732334149,0.0133584226940307,-0.025696920352959146,-0.07102748968105947,-0.015150134433519783,-0.011984971564629238,0.0067907704739885505,-0.0014575874314798462,0.011004822500364738,0.01931873121110763,0.0017733230052946402,0.05780005847348154,-0.01604657387308644
circ_chr14_88574693_88578140_ZC3H14,-0.0039815379947713,-0.004108358220655435,-0.008357773333198764,-0.015262532650651747,-0.02241524437815581,0.005975929947132573,0.009071961924543558,0.0038396136680770502,-0.2513635503301885,0.0003975262929879685,-0.020996625841412132,0.04752587298046289,-0.01898739116242141
circ_chr14_88712271_88715195_EML5,0.007107087189885427,0.007776221513285182,0.03291754692717132,0.0038736734994617695,-0.009061121108380638,0.0027975263236160136,-0.012619668644796906,-0.010576290285408393,-0.007177884503139698,-0.006507367252999241,0.0005967326955618486,0.0160627395239863,-0.019482215319466565
circ_chr14_89161701_89162969_FOXN3,0.012217974124016555,0.037243340579236575,0.0033303514739668823,0.00915397797900866,0.04886303548829116,0.009221977274292492,-0.002860593670422335,0.002111666898353104,-0.009315816923461763,0.021338676202353486,0.01850191833078953,0.029708379930930902,-0.0026267163180381456
circ_chr14_91342380_91343657_CCDC88C,0.09432348402307568,0.0013278465724262413,-0.0017389420604953683,0.2928484162420537,0.007213668836439627,-0.003516675999090296,0.01808919825409122,0.0009490132085238638,0.32057676446882166,-0.00806298618363058,-0.005608855705741113,0.046940326478679004,-0.004629580573972766
circ_chr14_91481576_91485730_PPP4R3A,0.06506712874805921,-0.004861626782441389,-0.02551125262428179,-0.020806173181499434,-0.018119912863635724,-0.0015248164866991669,0.019476539050384496,-0.06292630214393297,-0.3082646810605966,-0.008917462585403458,0.003387846526824259,0.05823296354432242,-0.002170993718360206
circ_chr14_91481576_91490802_PPP4R3A,0.020045840872287127,0.002680449699851074,-0.062489222439941455,-0.006358601067778538,-0.02563587566397763,0.004178666664868675,0.041785684329292576,-0.010801882128992019,-0.06200065862014629,-0.004892935319129803,-0.0011739040592506468,0.19629349095176687,0.009325291832487578
circ_chr14_92093252_92096838_ATXN3,0.004246176905138712,0.008529642412347722,0.010882073240225094,-0.002558614416011146,-0.0015429983272029807,0.008312275717443196,-0.008808821182736983,0.0001909422681654227,0.0015688443820789885,0.019484026391768477,-0.018547404693160494,0.014028275465979555,-0.007194255687550103
circ_chr14_96341522_96347341_ATG2B,-0.0031292804833120986,-0.0014604087861554986,-0.015924435327324536,0.01020920371104337,0.02322146090631827,-0.008367463077619491,-0.03439828768287721,-0.008136416056691145,-0.1637333810143933,-0.042169703441659184,-0.006674328352552237,0.006907252518447966,-0.005031633193770121
circ_chr14_96555847_96556413_PAPOLA,0.02685864449208326,-0.008806218976135205,0.006199030023544602,0.012033755895077693,-0.00038544823492538523,-0.003469427945284289,0.018673645232377415,-0.009943205831759533,-0.021232153342105684,0.0016463528873469691,-0.007251472822211041,-0.009097864227628883,0.01677150795567004
circ_chr14_96560649_96562893_PAPOLA,0.01025076242876941,0.011655565733614103,0.008506045007709528,0.11092161707939721,0.05673966810759299,-0.0001639449582294622,0.00447567292212083,0.0014636397975850899,-0.007083621937220472,-0.0010241907456441733,0.015942863954847022,-0.01879969888423545,0.01993159875712162
circ_chr14_96833467_96860735_VRK1,0.02562973129972081,-0.10572026687637105,-0.07532408184165611,0.07042499825538269,0.03480428938177853,0.012379115709765232,0.08087352977208982,-0.035634307767967666,-0.40963680496345223,0.0034299125885358926,-0.001659103748544364,0.019828016821003918,0.013542761992742198
circ_chr14_99257471_99257836_BCL11B,0.0208023001823713,-0.03057775101538736,0.04923904014557714,0.17468542592414463,-0.03550126028389876,-0.010576070533422218,-0.0007015668719556159,-0.00545167043600033,-0.21692518587452933,-0.01930456079525624,0.009653041370418856,0.005144878241397009,0.011150960987902962
circ_chr14_99257471_99257839_BCL11B,0.1507147653835433,-0.049335851442172625,0.01781490636276857,0.34150033655591,0.05538841516845707,0.06112136748067354,0.005072089798326471,0.02242323914576158,-0.7066376924591694,0.02819813655650602,0.0181035136016337,0.02549759871769159,-0.015906419420593874
circ_chr14_99458279_99465813_SETD3,0.14416845559671393,-0.014357595143177311,-0.22456247228269688,-0.01894333761181534,-0.03610262816349112,0.015053170351816487,0.07614209311293123,-0.012086207501240339,-0.41106804098966687,-0.001080414574236257,0.005720602784811347,0.023138995966045246,0.0015732830594158051
circ_chr15_101235082_101235577_CHSY1,-0.008012952200894864,0.011302007509235708,-0.0012148416645896588,0.15771204581579307,-0.006105227430605297,-0.057495951054225884,0.021539210488295487,0.0582818208254934,-0.5433029252686055,0.007630159499182903,-0.07902338893253806,0.03302396971093965,0.0010032702737775955
circ_chr15_101366196_101370523_PCSK6,0.0031213084530363963,0.014518782029764936,-0.027052897182337526,-0.01684429323333351,-0.020892911452582305,-0.01593984078275525,-0.009235961536069884,-0.001882409948813448,-0.00020836762893140036,0.030398531788013838,0.005845223378340794,0.10376731553801989,-0.01958589431523575
circ_chr15_101701086_101714963_TARSL2,-0.018286281889698122,0.007835276476947192,-0.12836977070846728,-0.004898075842079983,0.0009213163624133535,-0.00887190858102118,0.025436776288908586,-0.06448370323305881,0.025155734915510118,-0.020904090297843105,-0.044075134257638676,0.09955251140064407,0.0036961297300452307
circ_chr15_25405461_25411971_UBE3A,0.16798742477516979,-0.004751187984119337,-0.11785902844385161,-0.05171709987640692,0.049244174050460915,0.017125514335579656,0.09060180561478504,0.05512025320660024,-0.5827607663092257,0.055252063684028,0.0005966723003674669,0.05572789168771484,-0.002575152152352326
circ_chr15_25405461_25415842_UBE3A,0.01414496108610673,-7.705337098251895e-06,-0.005050157075129494,0.006010272577103515,0.03692748665122851,-0.0037092721199591845,0.01416354485166667,-0.0263917789506716,-0.5523042677561225,0.014779794014955392,0.0010734821553349423,0.023685115109868187,0.11681051355136723
circ_chr15_30474356_30484686_LOC100288203,-0.0030677370616911193,-0.015694743522372115,0.009513834570099777,0.0009383726376753831,0.008881653844130978,0.020217706617132118,0.029661200481646628,0.0002529111843490352,-0.3934849195732653,-0.010846723502837179,-0.03556878500555733,0.011792187535647671,0.03526306165749204
circ_chr15_35373521_35454820_DPH6,-0.008517957427396633,-0.021116055378952284,-0.07724164140929789,0.040127893407732214,0.00956108960140075,-0.019819337219614062,-0.032418337141408085,-0.011226167339877835,-0.1524924168930925,-0.061593404994056904,-0.011401708898915971,-0.022020342619582887,0.00018779860840912232
circ_chr15_38502312_38505920_RASGRP1,0.004425912994031719,-0.014787023247039817,0.010190071333816306,0.0024446737433130397,-0.02726390881899376,0.006303213692905651,0.002114163428903439,-0.0009517740908558488,-0.061626528406780574,0.012324910017172681,-0.021031155017093243,0.032781194681874154,-0.00017364983268542333
circ_chr15_38502312_38508001_RASGRP1,-0.008517957427396628,-0.021116055378952277,-0.07724164140929789,0.040127893407732214,0.009561089601400745,-0.019819337219614062,-0.032418337141408085,-0.011226167339877831,-0.15249241689309248,-0.06159340499405688,-0.011401708898915964,-0.022020342619582887,0.0001877986084091246
circ_chr15_40744047_40745259_RMDN3,0.0030414258172666753,-0.0009729540095658864,0.0143562543586925,0.041512284958982744,0.1324229392081507,0.04440811348495773,0.04203907073487134,0.01287887390063484,-0.18472191950645075,-0.011726087546709313,-0.021761772213174706,-0.021880371703624963,0.014458433109333127
circ_chr15_41069570_41070547_INO80,-0.07669998799631045,0.010730099507619257,0.0646965041362364,-0.0036307306696145483,0.010504541790361263,-0.3658819267695852,0.062256784380015515,0.2827419098978381,-0.03961707717074348,0.02989661405016461,-0.017274259026350654,0.13009367319439788,-0.10528149501681368
circ_chr15_41668828_41669958_MGA,0.1439146826341156,0.0032438675297200986,-0.029850630149382863,-0.062472327135439494,-0.026392528570268654,0.07854972824776726,-0.015962647089366868,-0.08613762599836967,-0.38879965804831396,-0.030883194833315707,0.053299257944016055,0.018477177614662752,0.00325842261831514
circ_chr15_41696075_41699159_MGA,0.11936296002120236,0.0035731259771939103,-0.02863270342125114,-0.21177205974053623,0.01978732057727472,-0.028152265526542167,0.022220650587427965,-0.02203893765885221,-0.21091542140131442,-0.00040827660410434327,0.03085481560709514,-0.043330908468468286,0.016035054731025716
circ_chr15_41707728_41713496_MGA,0.012773036540365814,-3.7137803751063474e-05,-0.0034989877829900346,0.02282065673173109,0.04238288099625907,-0.007603498757321959,-0.009232414207440153,-0.010774404904803808,0.0689094359418364,0.003226526970905089,-0.001978345511525947,0.01628112859915231,0.014549000706035275
circ_chr15_42260958_42268032_TMEM87A,0.0145830108580393,-0.0001828881101418498,-0.05809604879215232,0.0013078605857837218,-0.07834283334646389,0.03473848931420149,0.03730250911623865,0.02716179017748048,-0.36697582230323544,0.001844916007491389,0.027373144023945712,0.08643572589309534,0.02437863026222333
circ_chr15_42810614_42840433_TTBK2,0.0003441379311986187,-0.024335530768369546,-0.06923686639231927,0.023582971807596803,0.020230129909715646,-0.010327629963192074,-0.005244795022682892,0.09321655692268062,0.019787248126662785,-0.020219287162791533,0.05371848157863415,-0.22911463136486127,0.05495333003225239
circ_chr15_42827928_42840433_TTBK2,0.1274405068559759,0.036083122312933036,-0.06943928867462601,0.0006992246990612259,0.02701512389993914,0.01959559437228551,0.023641588989219607,0.014271557489034555,-0.5394812352895652,0.13904093847010973,0.05868286654536278,0.010936827818860208,0.023516446813036208
circ_chr15_42950262_42966286_UBR1,0.014256665733642038,-0.022648732423138966,-0.08861714446948926,-0.0021152533844681263,0.0005430454604769982,-0.10972907921841069,0.001664128968141123,-0.1280939854112159,-0.009642627033330317,0.05867913717858111,-0.003248712905387013,-0.02728016902175963,0.00033619517526180124
circ_chr15_43753824_43756766_PDIA3,-0.03657615712392674,0.007494009204874432,-0.010891482227335441,0.07776147615283302,0.024291979846474306,0.024956703891666095,0.06161702412583093,-0.030562875943395306,-0.06969198120982983,-0.010247590191324636,-0.0941180103083244,0.026521667661542528,0.030951321501963905
circ_chr15_43761424_43763206_PDIA3,0.007499307297703459,-0.007911155346067013,-0.008931249543970007,-0.005758653288553228,-0.027964581352675544,-0.003589990319719354,-0.009012813698697034,-0.030544907207225757,-0.023545549300611746,0.002325041922463172,-0.01891208015096284,-0.012241960775293593,0.01820292978008265
circ_chr15_44328685_44338317_CASC4,-0.0021803940315661984,0.029963582793825404,-0.03812627954764397,-0.04069815189329308,-0.018591664056601922,0.004187155254335635,0.01454340399530416,-0.011234121207068345,-0.03719339590687022,0.01652582310220633,-0.015622247242866275,0.10647949476379182,-0.018824224632462916
circ_chr15_44328685_44380976_CASC4,-0.04613994732753432,0.05564966085742684,-0.04839376982460084,-0.011712249586231314,-0.010860324746211717,0.0840216888045369,0.03646424832367678,0.06948000546247883,0.07176893034443554,0.17763882729074243,0.11514749132384766,0.2856409742948616,0.026089397263645463
circ_chr15_44331988_44338317_CASC4,0.11663202314788979,0.0023029867268378793,-0.10395667229032865,0.13014041789243197,-0.032206330306415766,-0.004880553748251733,0.007407403775622112,-0.036929715115686115,-0.5100782008229049,0.044948022968255646,0.011267537583182758,0.03380962324819226,0.017555508449661264
circ_chr15_44550876_44551522_EIF3J,0.0025807421398508163,-0.005062656969213179,0.0647906272531237,-0.010857231885287024,0.014451522840261534,-0.0010998033858819506,-0.010216912459595313,0.014064335720805187,-0.011770430357872995,1.5515012567820567e-05,0.00831300590661821,0.018118003380617906,-0.005069159176786087
circ_chr15_44615363_44620403_SPG11,0.0522785817879294,-0.010531244436441699,-0.01255829838650306,0.3264280354501929,0.016135489773927446,0.01439607948865728,0.015775971483198165,0.023895837058837025,-0.07287939564200235,0.01410137640577584,0.028666327626630603,0.037749173332632315,0.02379732020721241
circ_chr15_49225205_49292537_GALK2,-6.538678520779845e-05,-0.03522647583617196,-0.045998221867293645,0.016468400230678956,0.03480834171256991,-0.12209281048463874,-0.003632791178340492,-0.16210825797741404,-0.09968054891133857,0.07807539939705369,-0.012536307139576125,-0.25514384467089407,0.015111601992866387
circ_chr15_49235851_49239367_GALK2,0.1447432524645236,0.010978045649346953,-0.04701717362049598,-0.25952988393725634,0.08290767350440005,0.014605071706697843,-0.0027051692040686,0.008863857763226526,-0.6581928940832625,0.10280973777086282,0.09058521371712462,-0.013831504174071078,0.042689503216979736
circ_chr15_49235851_49292537_GALK2,0.1497255372450434,-0.0017068629325293014,-0.09302894846487858,-0.050537623833147034,-0.034498801531649914,0.00405829107611769,0.0053382837660824805,0.01932442601307604,-0.5055876851337978,0.05299602239457147,0.0768130688042325,0.027057294363785928,-0.0008639191498635768
circ_chr15_50300789_50301368_GABPB1,0.11286005204500876,-0.011120820608199905,-0.003192121556797161,0.03001647032959609,0.016010591592010893,0.02245632813102021,0.032108259576742224,0.0214882275582251,-0.08816957944490354,0.002827621655032218,0.017192720988317017,-0.0018253260897537792,-0.00078518314955409
circ_chr15_50300789_50309798_GABPB1,0.007107087189885439,0.007776221513285189,0.032917546927171325,0.00387367349946177,-0.009061121108380652,0.0027975263236160127,-0.012619668644796902,-0.010576290285408393,-0.007177884503139703,-0.0065073672529992405,0.0005967326955618479,0.016062739523986312,-0.019482215319466548
circ_chr15_50583089_50592626_TRPM7,0.07482151705854945,-0.008283186472777086,0.009085795996358942,-0.000272448669748694,0.01948663414279441,1.8519941045867648e-05,0.0024924818664171147,0.00609440668719725,-0.05546012469392678,0.01618406262199585,-0.012360016724951394,0.01735612367866455,-0.024903187289338533
circ_chr15_50586392_50592626_TRPM7,-0.029155041844081145,0.010909304860393185,-0.018651556819433472,-0.017259272162231703,-0.007635298315069302,0.08993122630358799,0.051404126760327906,0.10052492385378878,-0.008190836590044973,-0.037044191496437555,0.12706417337967313,0.5246105193982239,0.031063570047928722
circ_chr15_50631417_50663046_TRPM7,-0.005452541759361069,0.010612720465648106,-0.023912955288959363,-0.0017883725698149679,-0.0057139923276618935,-0.003558095641670478,0.006352058186696581,-0.052587126204226724,0.01290959415040723,-0.01665909733389001,-0.023987438273065737,0.07809035498594251,-0.012030456709537778
circ_chr15_51451645_51453641_DMXL2,0.003256617540788069,-0.006901831831684191,0.018416928736785954,-0.015236831157778508,0.021307910122631085,-0.03407883959838125,-0.012042121319155817,0.0034741665464865117,-0.03736354363892298,0.015148087257527594,0.01568306584965269,-0.008974013273006216,0.0020737661485728067
circ_chr15_51451645_51455228_DMXL2,-0.01917751086429513,0.003785447440810943,0.06460292045259335,0.08048254369771134,0.06645077383915425,0.04396389345461751,0.039899713205103236,0.023019869848496615,-0.2451247365804667,-0.016741585312750613,-0.02571644167711607,-0.010928614659571931,0.030373290522347367
circ_chr15_51781044_51782828_TMOD2,0.02685864449208326,-0.008806218976135205,0.006199030023544602,0.012033755895077693,-0.00038544823492538523,-0.003469427945284289,0.018673645232377415,-0.009943205831759533,-0.021232153342105684,0.0016463528873469691,-0.007251472822211041,-0.009097864227628883,0.01677150795567004
circ_chr15_51869217_51902036_TMOD3,0.017485405931179976,0.02187079230359686,-0.07863049466677122,-0.05657633260393675,0.010232527134765081,0.02658265995116501,0.03406185250119297,0.006393116695380717,-0.07497873075420453,0.012421782459670846,-0.023535716813948802,0.2548663177623158,0.03535269541549395
circ_chr15_52045830_52050137_MAPK6,0.013133471192470492,-0.12042631946035155,0.0018858313459930436,-0.04251528429903095,-0.046657240660074664,-0.018716916018863022,0.022035227365148426,-0.029625904887985742,0.07893437555470244,-0.01838615280960172,-0.0008493850179897135,0.013798821801252265,0.001092405343397189
circ_chr15_54012648_54015886_UNC13C,-0.0009744051390467768,-0.010657217554796174,0.01026319144277002,0.18764127373167874,-0.05286274032882035,0.01606022313688476,0.07530000638490701,-0.035338008213734076,-0.13964215667937288,0.025468741178811916,0.0957093390049189,0.009851175075610945,0.019034115082648594
circ_chr15_56373441_56412436_TEX9,0.0034463501619141934,0.012757837023395916,-0.03216044099492774,0.0009309408465862372,0.009115562009742116,-0.0031179608843519943,0.0009830904308498667,0.017295666348108314,-0.024111154969164637,0.040570751798553496,-0.0066434645193891246,-0.0024055290626019423,0.012738186898446413
circ_chr15_56388472_56394834_TEX9,0.018212574740205104,-0.01134310639367292,-0.09929491232068559,0.005651315990424868,0.006200738528518222,0.0017789849915769622,0.02215553713181728,-0.004760459797651936,-0.1454515755611624,0.04299021525114872,0.010350377364928862,-0.007589403055130805,0.03559896128976267
circ_chr15_56388472_56412436_TEX9,0.02685864449208326,-0.008806218976135205,0.006199030023544602,0.012033755895077693,-0.00038544823492538523,-0.003469427945284289,0.018673645232377415,-0.009943205831759533,-0.021232153342105684,0.0016463528873469691,-0.007251472822211041,-0.009097864227628883,0.01677150795567004
circ_chr15_56394165_56394834_TEX9,0.0017920109648170476,0.04999319432558532,0.012400870880513634,-0.004957257643283587,0.03007385196904535,0.0006658775812204873,-0.008250274330184054,-0.002632954200119543,-0.02494326475836415,0.004452168768440812,-0.0035708633157229453,-0.047936633352286526,-0.010541356828705117
circ_chr15_57231152_57234107_TCF12,-0.014811783723298432,-0.014750435147324891,-0.018498877721331557,0.01018694007341423,0.05592226653633588,0.02658608296221877,-0.02366696229469543,0.015721265177041706,-0.009890210031300542,0.016090974727737357,0.013722449226861135,0.08355280452871823,-0.021078006377386136
circ_chr15_57437985_57442478_CGNL1,0.024045802986013547,-0.10115667660421067,0.006907671393203381,-0.10094813549920378,0.0044684025421194325,-0.004417003390219578,0.037886310270610846,-0.029082070250859033,0.006144011536908121,-0.003584584436762031,-0.008017998275994307,0.039547204769544854,0.005927175548722857
circ_chr15_57451500_57461892_CGNL1,0.07487243521910177,-0.029950747830779587,0.017880861360207133,-0.009844826609611813,0.02068114349036774,-0.006042297860671661,0.03274708118628567,-0.007122368465005488,0.011698684526770082,-0.0429653304963323,-0.005041287371936015,-0.03313121267772641,-0.02209092295872832
circ_chr15_57461680_57461892_CGNL1,0.012815759917387586,-0.01818358061570588,-0.0002622661026417061,-0.019117564482420933,0.027104440524773742,-0.00454529791163441,-0.004716657641885449,-0.007824607618025394,-0.02309222728329497,-0.012182744991495438,-0.007715351680306612,0.0027198329622266618,0.019099359463984094
circ_chr15_58821717_58851965_MINDY2,-0.02057286343336283,0.011620952056380196,0.024817814620516968,-0.05458149389704194,0.01086064940849281,-0.0030697383146459914,-0.015570952489663262,0.029246948382714896,0.04522834579869331,0.017133429061565827,0.013462616449763503,-0.09342810724718839,-0.018702491067283063
circ_chr15_58886975_58887540_SLTM,-0.002419841987352423,-0.009548330488497138,-0.06587131032190134,-0.0012037138264547637,0.01271266590812393,-0.00691700838043954,0.015361180691573757,-0.07150385763513331,0.06014142867633632,-0.012247925746945035,-0.019519379239403178,0.16079639670703574,0.01655891093316887
circ_chr15_58912563_58913696_SLTM,0.13102604026366377,0.027837272731911184,-0.0607094626933919,0.0021909515688030433,-0.006736010487137668,0.025134169214371584,0.04203517757551899,-0.007682910739314824,-0.12512418228809746,0.01882712077883005,-0.012568936703060706,0.11426889243307128,0.019554673830105448
circ_chr15_58912563_58916999_SLTM,0.03851304088182865,0.02302904189791034,-0.0003296699298006629,0.004902291234470734,-0.030554492499224928,-0.0016081424019384982,0.02340364103666276,-0.01843394520722578,-0.2538504567293732,0.026585193766543044,0.08283528705510848,0.05592331415433481,0.004459890821009529
circ_chr15_59030804_59031702_RNF111,0.01191561794364023,0.0011757722897824507,-0.009919038961809231,0.026382301305089596,0.030770483788403455,-0.0005388459856872501,-0.009954380164320015,0.038643767604075,-0.07554250073309951,-0.003617455707261924,0.022268345917916946,0.026024334786747566,0.026146725917519372
circ_chr15_59153590_59214720_MYO1E,-0.018286281889698122,0.007835276476947192,-0.12836977070846728,-0.004898075842079983,0.0009213163624133535,-0.00887190858102118,0.025436776288908586,-0.06448370323305881,0.025155734915510118,-0.020904090297843105,-0.044075134257638676,0.09955251140064407,0.0036961297300452307
circ_chr15_59178393_59188216_MYO1E,0.007107087189885433,0.007776221513285187,0.03291754692717131,0.0038736734994617725,-0.009061121108380643,0.002797526323616014,-0.012619668644796902,-0.010576290285408399,-0.007177884503139697,-0.006507367252999243,0.0005967326955618469,0.016062739523986305,-0.019482215319466555
circ_chr15_59202326_59214720_MYO1E,-0.0012259540852768978,0.017622245890063115,-0.08604246793581784,-0.04755492574005482,-0.02309250855795673,0.0021749088307555743,0.01058349714241843,-0.019151135517849298,-0.02926897291829582,-0.001199329133348816,-0.008609004655223398,0.13729573035792775,-0.012206301710752338
circ_chr15_62007308_62013992_VPS13C,0.16174339550166444,0.01604228350895494,-0.025193149796142292,-0.06716919229962429,-0.004223898933152091,0.04041626821789247,0.0015146327406814273,-0.05376780242578637,-0.6288716965929595,0.026555703404340412,0.10455557274092449,0.040094108349163986,0.03849830406907025
circ_chr15_62033441_62044255_VPS13C,0.07623372113016626,-0.025567839301087567,0.0291331670503638,0.21563218235710777,-0.038999696983951886,-0.010318248299554356,0.01363227559826714,-0.02057117719115077,-0.36046661935333396,0.0004736004090849346,0.01771763494002308,0.0005041392321716489,0.011016595373454022
circ_chr15_63529014_63563008_USP3,-0.010778696632508952,0.015137010086114707,-0.1422702639020627,-0.01202887234851058,-0.010208094718454042,-0.017897207362374382,0.01395669148940399,-0.05082922930151107,0.020344932858953158,-0.0016046361051505532,-0.029907593065812067,0.1850535096238848,-0.0064945254891281
circ_chr15_63532647_63537156_USP3,0.11975747621675407,-0.08145146813157712,0.06851843844272655,0.0646000518644371,-0.01918025807076599,7.119400230522262e-05,0.014774990755370499,-0.002101910844813173,-0.4122670051512597,-0.005957529767526774,-0.015110269955969645,0.024637227203979102,0.00816085278600532
circ_chr15_63532647_63559970_USP3,0.004977931090528267,-0.006758794071908147,-0.05447635315931137,0.025026692857246433,-0.0003899881951729828,-0.008983488859453067,-0.009520290862509663,-0.004546822453386663,0.040453277440349066,-0.024621875896384697,0.0022527423907784797,0.024431039607944127,0.006105253242786722
circ_chr15_63532647_63563008_USP3,0.06859716704942193,0.004683293211122795,-0.04593182075100085,-0.047296922418403234,0.029627834063437684,0.0009472796356982484,-0.0018717324510808733,-0.015159746436074203,-0.5890696958484033,0.012297986691459328,0.016736727975858106,-0.0046076883984882844,0.08698218951919483
circ_chr15_63553715_63563008_USP3,0.0009462944768842793,0.005916383951866998,0.011370130585352394,-0.0129644102022308,0.02072278579339699,-0.0024568303681366203,-0.007129788243873146,-0.016851050807169966,-0.035046369061998775,-0.0011556325695441815,-0.04546114503021585,0.06629701721135824,0.008647969856573142
circ_chr15_63696124_63716473_HERC1,0.11565797194214018,0.020446826282040417,-0.01564505321653601,0.00639341151134514,0.017974103965749857,0.024174474513492635,0.061570963558690385,-0.014407748909687325,-0.44920033724969616,0.028708452611168268,0.022999991584740177,0.051757114782643346,-0.02001733379822623
circ_chr15_63706780_63716473_HERC1,0.017577867615884337,-0.009959900136130984,0.016994892644679332,-0.013194005623392383,0.008478437979527862,-0.014749614771531755,0.009845218141294926,-0.018801418663656786,-0.01466896806358023,0.0005242814991299135,-0.021453164832389432,0.02730220796216886,0.0371924644414788
circ_chr15_64118117_64118854_SNX1,-0.02307134819595789,-0.011808555746803506,-0.07280600644067184,-0.00921561072813441,-0.02073856775395764,-0.020951702347905613,0.001326379604806058,-0.00621088929818569,-0.0077749200435215686,-0.0014800164872139747,0.029954445612247412,0.024126076442211226,-0.012623242656998424
circ_chr15_64118117_64123546_SNX1,-0.000429161372400645,0.00046500995142147227,-0.01114103949720351,-0.0037603692242214447,-0.004026656986991325,0.020138651142198975,0.03881915232933161,-0.020431349697234927,-0.028388128222288343,0.03611933316759123,0.08697583878623473,0.00598599476538834,0.011603719293173761
circ_chr15_64204441_64204949_CSNK1G1,0.011724414281570226,-0.0033952144557413168,0.007751916838045074,0.2966346210036939,-0.03816094313829521,0.00041788864250407386,0.013866226607056002,-0.001279235733274259,-0.11794849400604013,0.0016514243830048519,0.0168880795452399,0.01388289265433075,0.005019806584691143
circ_chr15_64974602_64983593_SPG21,0.07623140857332399,0.012218777341417577,-0.04581610379777243,0.031085480228748606,-0.0696692405562372,-0.014327369058968939,0.01366051291276452,-0.024475845904241088,-0.4712606563834677,0.014061621054408138,0.04058701835132432,0.0064375194017850185,0.005040201995701182
circ_chr15_65178934_65180204_CLPX,0.08476304824533455,-0.01291737088263459,0.0002947710727754816,0.02434541899674637,-0.03836609916607168,0.007401077725125749,0.03767469109748823,-0.003984289624867489,-0.6370533465435348,-0.026522303614329706,-0.003790792820853571,0.15208288085773058,0.0037177013922543903
circ_chr15_65752379_65761438_DENND4A,0.036167078758423156,-0.04292950842636408,0.0022625174765932483,-0.027671441443475484,0.01079009598454888,0.019831446967323658,0.008756715229602315,-0.008217197517119605,-0.046523880470275905,-0.004781779502048002,-0.0004192362435206759,-0.0026774116088300556,0.007794119765296257
circ_chr15_67231814_67236820_AAGAB,0.019477005012235468,-0.00046323473383599845,-0.0387380513367884,0.008742305708185327,-0.0036669828205914204,-0.051488956101451315,0.07657364035500899,-0.00430757396255344,-0.5042313701542052,0.0845753545625097,0.01981462009608301,0.03940779870086733,0.029268942424013948
circ_chr15_70682758_70684446_UACA,0.012650879327398905,-0.0003480118589012353,0.0013474734188157374,-0.03236543360876373,0.10691801592668296,0.014353458154882436,0.012615899254018766,0.02534929083686566,0.02577121622179376,0.024416663552875497,0.01248162313427753,-0.06703267933910154,0.004233373422983047
circ_chr15_72007826_72027793_MYO9A,-0.011901242152707282,0.0194091260853937,-0.04165974709387626,-0.026111529591385536,-0.021177238287839857,0.030081022463502298,0.02072870194886155,0.0563695464591097,-0.006169766395953963,-0.002198659103776675,0.0858048928798309,0.5044013621945342,0.00634136478705725
circ_chr15_72045724_72046634_MYO9A,0.0110340717101643,-0.0009364669106592064,-0.017876526867153013,-0.028477482054290272,0.0019407925830604669,-0.014774903987846064,-0.009977681960315446,-0.006801347252465741,-0.015245255466171143,0.012218345258340093,-0.0009762274855428922,0.0680872300019108,-0.001452586476230358
circ_chr15_72518067_72555907_ARIH1,-0.002435029409289519,0.018985276427619834,-0.03157896206480582,-7.273051120453777e-05,0.009559437550761142,0.028217996160215784,0.006375865171998319,0.02809890822982617,0.011783572903381048,0.0340716921602025,0.033986706019547105,0.16168359417505543,-0.001861103894604605
circ_chr15_72518067_72561549_ARIH1,0.0031213084530363963,0.014518782029764936,-0.027052897182337526,-0.01684429323333351,-0.020892911452582305,-0.01593984078275525,-0.009235961536069884,-0.001882409948813448,-0.00020836762893140036,0.030398531788013838,0.005845223378340794,0.10376731553801989,-0.01958589431523575
circ_chr15_72771783_72775097_ADPGK,0.04796860092414353,-0.0028823248451486216,0.004336563498357361,0.030410338428564526,0.03003496370421843,0.004737537780544444,0.02798117289511958,-0.010617828422977395,-0.023194425216738472,-0.0057489452162251785,-0.005230353494783946,-0.011968926252526973,-0.0003554228879445943
circ_chr15_74671455_74675142_EDC3,0.01683863657805301,0.005526285606040235,-0.05444381173293988,0.001491682249107964,0.01767560339677,-0.0017368250082146056,0.016605163037683827,-0.01913897808462869,-0.0053035313935750755,0.003991908645323912,-0.018825072220880264,0.08677862477140441,-0.023416860742462017
circ_chr15_74926766_74929232_COX5A,0.01681315018004957,-0.015600842282706551,-0.007520082655969922,0.007369657673244885,-0.009486938467055629,0.01454234615723195,-0.011524931744439464,0.007783934823164441,-0.4396897071178667,-0.00986735108136222,-0.03289174315407415,-0.014992606441400338,0.001136482969885047
circ_chr15_75854386_75883424_UBE2Q2,0.0019756495261792784,0.040613865740669754,-0.012068321557017174,-0.03726122066118057,0.04990024082041255,0.03339440176103612,-0.0071269700547881626,0.00043749886720727857,-0.06822583147719438,0.014099729120103193,-0.0037144896522583125,0.01597080640742286,0.00859127861432003
circ_chr15_75859878_75873568_UBE2Q2,0.11600520820885601,0.2136561130513292,-0.04113513609530463,-0.007858415063256798,0.03201890412801054,-0.02728797527847816,0.03349833655772219,0.033504273442307164,-0.5075384040257732,0.018490293701173728,0.029367082237064263,0.08602549074158301,0.006350407055244252
circ_chr15_75876187_75883424_UBE2Q2,0.00884045946118072,-0.017441285010147852,-0.006760766899786729,-0.009255454254223423,-0.01610937450746949,-0.019976507519072866,-0.0038971279274383802,-0.03464677238196367,0.017899598444638516,-0.01587894159401454,-0.011838407664492793,0.04402163990893666,0.002800865730355254
circ_chr15_76274412_76295737_ETFA,0.03705359262770885,-0.005182161504669461,-0.02107260053369411,-0.021365052873492125,0.10958464890574933,-0.004374509909835704,0.021958238527084176,-0.013176344911369877,-0.2642799890970241,0.04345959409650518,-0.024305924134262566,-0.05523371360042081,0.031579689296355296
circ_chr15_76283757_76292700_ETFA,0.06445899342139853,-0.09953433965970394,-0.005120116680121816,-0.005305787449202231,0.11164526389280759,-0.06249438637066779,0.007769001811208896,-0.09777088014343994,-0.0423325705151632,0.03776601253402646,-0.014240373295474411,-0.08109399836917859,0.019223276461728486
circ_chr15_76287846_76292700_ETFA,0.014522135831198747,-0.0013801558630673876,-0.02093312349392364,0.21805073740642208,0.06595239443684255,-0.021312678587321356,-0.021859915910588435,-0.020265307689142725,-0.13734002376073334,0.03389023368331092,0.014961580473949495,-0.07255418861032628,0.0030390083620043264
circ_chr15_76292431_76295737_ETFA,0.05606690183360538,0.011005509201032077,-0.010994221061732009,0.1342787210965024,0.02445417362755663,0.0009059459173751568,0.006345029998561322,0.0034168917145046105,0.02682968020776317,-0.0064636054982308315,0.010293802109339492,0.021301801881999576,0.004461233831446771
circ_chr15_76753808_76775117_SCAPER,0.00034413793119861865,-0.024335530768369543,-0.06923686639231927,0.023582971807596782,0.02023012990971565,-0.010327629963192071,-0.005244795022682894,0.09321655692268063,0.01978724812666277,-0.020219287162791536,0.053718481578634174,-0.22911463136486115,0.05495333003225237
circ_chr15_77178790_77182040_PEAK1,-0.026040964916946515,-0.034649458903154295,-0.12115506468704974,0.01071371292281284,0.07376741940488665,-0.2201189823770053,-0.0273069236832922,-0.2685425278886138,-0.13796780217717716,0.15664049770108887,-0.01184152488837649,-0.4209713105978359,0.003636801867175085
circ_chr15_77252367_77286504_PEAK1,0.004246176905138712,0.008529642412347722,0.010882073240225094,-0.002558614416011146,-0.0015429983272029807,0.008312275717443196,-0.008808821182736983,0.0001909422681654227,0.0015688443820789885,0.019484026391768477,-0.018547404693160494,0.014028275465979555,-0.007194255687550103
circ_chr15_77467095_77471814_HMG20A,0.007773813246510531,0.008484982878556785,-0.003142619268669898,0.007147678038768231,0.006848107468743783,0.003234339658941341,0.005837779808519933,0.014881910329376684,-0.036048513907923165,0.006711378047647604,0.014386887173941432,-0.014146108715870997,0.010369892093253976
circ_chr15_78044900_78054187_TBC1D2B,0.007858117607541883,0.03882356768805564,-0.007381665359381473,-0.016468817664197985,0.000793289000576828,-0.004665896786808751,-0.006910039416781136,-0.006061593311552034,-0.12310916914505585,-0.015932929638727868,-7.207478390763056e-05,-0.0013746914123944865,0.005551432949013045
circ_chr15_80098416_80122800_ZFAND6,0.08375296216922577,0.0008087091758091373,-0.0028945752851770763,-0.0005026927777071532,0.010440697687088574,0.026096656719613986,0.004771323678873031,0.012417012122094858,-0.4516369222257848,-0.02864545249428362,0.051587649766839744,0.09290391371902822,0.007667267035476178
circ_chr15_80120328_80122800_ZFAND6,0.06599213453160732,-0.0020969670939575765,-0.03359765158277308,0.03414976655203709,0.26670586339633184,-0.01249602621518652,-0.0069331911523783,-0.01749079480894031,-0.48077540186468176,0.0030801753958084777,0.004300574063896676,0.04479297120478828,0.005111287273045001
circ_chr15_80906663_80909306_CEMIP,0.010005544090811148,0.0055752269267969,-0.007494758839404578,0.026621693797921814,-0.010567167138541713,-0.0014542720462057232,0.009499295386143554,0.015229100662643718,-0.019486959685658344,-0.0011465983103611066,0.0062883807085921395,-0.05227194925796493,-0.008072633760458449
circ_chr15_84538532_84546277_UBE2Q2P1,0.0021980672922244406,-0.03675357153630336,-0.01992299085199094,-0.007780772018576031,0.04214409860232678,-0.04864298178807524,-0.00738327671224772,-0.046719214482805374,-0.0667749713816746,0.057336195273581164,-0.025543867555049858,-0.10952228113937776,0.0015739355303540637
circ_chr15_84538532_84555070_UBE2Q2P1,0.008247558244321872,0.01250277098225479,-0.1698983786533937,0.025047857004499116,-0.008083785467398203,0.015761724715148775,0.028542706268689103,-0.0051039467340956764,-0.12944928069111766,0.017273110127405223,-0.01410703245761531,0.1544141568020816,-0.0008598774846100489
circ_chr15_84680713_84691644_SEC11A,-0.00036635674339922936,0.13780350051605683,-0.04144616318218738,0.013016765287326138,-0.009207134508328886,0.02103860975751657,0.012526186326271753,0.02271044605207078,-0.5042142381333332,0.025959704479996595,0.08603094259927233,0.008804148015852168,0.034361209005855875
circ_chr15_85064370_85067204_PDE8A,0.0025807421398508163,-0.005062656969213179,0.0647906272531237,-0.010857231885287024,0.014451522840261534,-0.0010998033858819506,-0.010216912459595313,0.014064335720805187,-0.011770430357872995,1.5515012567820567e-05,0.00831300590661821,0.018118003380617906,-0.005069159176786087
circ_chr15_85113873_85115487_PDE8A,0.1299875198141527,-0.09580812248934889,-0.06993229593263818,-0.029254465932631712,0.06128978971774597,-0.019581759726934152,-0.020133826752004275,0.006304110073442511,-0.3078690491900694,-0.002554427440553855,-0.0029301795289435745,-0.023247967308991972,0.021137205541875093
circ_chr15_85113873_85121014_PDE8A,0.11004501744081835,-0.022619610420054746,0.00157285857837813,-0.19700692533858996,0.13320502230511297,-0.004466589503119183,0.018259506351718784,-0.1607421744221818,-0.4373548208181468,0.0001350096262728576,-0.0009598883610692006,0.01287472747901206,-0.011041690835186033
circ_chr15_85664563_85693451_AKAP13,0.015710490317681774,-0.01584875538875033,0.014653909126004403,-0.025164201614614398,0.003372974335834167,0.0031664956908885235,0.008105005711428259,0.005578629657070542,-0.1700919773450326,-0.017746299031258402,-0.006575684745535639,-0.005796909726810793,0.0075887936026729184
circ_chr15_85664563_85710645_AKAP13,-0.004983016208577539,0.015761571610341734,-0.02464521582079399,-0.019033156089882302,-0.0007123881545163671,-0.0019130247876795702,-0.0033429482077758682,-0.001240367075279564,-0.026218423062042695,-0.003149429644312866,-0.02576808604550855,0.05213806215733427,0.003804522705674008
circ_chr15_85684741_85710645_AKAP13,0.0019622379868721104,0.014884638707181147,0.011316957649083715,-0.00926170637442581,0.037545134847140234,-0.016360751709336933,-0.010733244117336706,-0.0236362652290689,0.013262413657140445,-0.012149317947194612,0.0024748515839080987,-0.0018450295146300124,0.02568367609783255
circ_chr15_89113725_89116521_ABHD2,0.039943454109024196,-0.024965666506411133,-0.12490997077089692,-0.038357389067304716,0.2926401268248238,-0.009973192621270855,-0.037640122273369755,-0.017193863235976242,-0.4874600315435221,0.022264051538704602,0.07470573549276663,0.2585139667159923,0.00032289003734638363
circ_chr15_89113725_89155534_ABHD2,0.004425912994031717,-0.014787023247039816,0.01019007133381631,0.00244467374331304,-0.027263908818993758,0.0063032136929056515,0.0021141634289034393,-0.0009517740908558491,-0.06162652840678053,0.012324910017172681,-0.02103115501709324,0.03278119468187417,-0.0001736498326854232
circ_chr15_89871475_89889140_C15orf38-AP3S2,0.029717964240739695,0.005773022835771202,-0.0021569699028407916,-0.04581499537277851,-0.000775154739586007,0.0034395795830857094,0.0046868564786018965,0.005772267017547192,-0.05438999835842594,0.0028893091024401484,0.01102993622951855,-0.007375488381754705,0.01087233863463417
circ_chr15_89888521_89889140_C15orf38-AP3S2,0.021676982296369433,-0.005346620770771334,0.014009610545627082,-0.07531113449257913,-0.0009511649758589243,0.001769791877750461,-0.0036096111499091497,-0.0043965719371230096,-0.021915653208574064,-0.01153074080961074,-0.004956677741628082,-0.03487361927232731,-0.004027501146832455
circ_chr15_90217439_90219891_SEMA4B,-0.1192398817447481,-0.013512196009650885,0.012603568774619793,0.0335205844659366,0.08168599080927047,-0.7310046415340526,0.26974656000087943,0.5368815376700206,-0.01022571926993291,0.027114782784252674,-0.09658773424603602,0.39397526084145706,-0.2294893958137131
circ_chr15_90217439_90221765_SEMA4B,-0.019738991018205143,0.005372796195318002,0.07376134220285795,-0.021364789126661485,0.02253046162641281,-0.12886961898101537,0.021237151919383915,0.10887356918060792,-0.13428014122426185,0.005873280559468198,-0.014296190121761762,0.044158843423000145,-0.03258354849908228
circ_chr15_90439332_90443478_IQGAP1,0.05343818623872817,0.036457025453109866,0.026363223219955805,0.0007272284846721016,0.024790780922309685,-0.0014500176388880846,0.01784672970278428,0.01427733478814025,-0.6778718499366833,0.018204546091752805,0.022624290290990164,0.018640705818014282,0.019230694756077752
circ_chr15_90441506_90443478_IQGAP1,0.0776438775028016,0.052847744894132125,0.025655451905416907,0.0022713337774652145,0.02503441014833043,0.031858372932134144,-0.011801023234917251,-9.20931016842733e-05,-0.5714047622796349,0.010711335681504435,0.04994648868189808,0.04639161982935964,0.009859389907127002
circ_chr15_90486954_90492711_IQGAP1,0.029949714448696454,0.027167914187149228,-0.012004230641265275,0.00962440070516825,0.0055081037628753205,0.012294156845116502,0.04715066792131782,0.010320900546371635,-0.01840099776579408,0.02740934059849266,-0.0020995377186131666,-0.032542001086124976,0.013810830042835457
circ_chr15_92924321_92929091_CHD2,0.005280251446015152,0.02124022874462673,-0.06503590716779514,-0.02258909384771609,0.18073977538335173,-0.0035107183044449618,-0.030429936438283515,0.010010885847499752,-0.6070565343390505,-0.010879453298951812,0.027337802362374708,0.020212541147873377,0.03575385861045054
circ_chr15_92924321_92956649_CHD2,0.0031213084530363963,0.014518782029764936,-0.027052897182337526,-0.01684429323333351,-0.020892911452582305,-0.01593984078275525,-0.009235961536069884,-0.001882409948813448,-0.00020836762893140036,0.030398531788013838,0.005845223378340794,0.10376731553801989,-0.01958589431523575
circ_chr15_92945821_92967513_CHD2,-0.001745945985867713,0.010309266105515167,-0.014319258935792487,-0.010203366317980935,-0.012300953606524436,0.02050131655906472,0.030571861956106835,-0.0039054214451724294,-0.008910259953940878,-0.015636342949859574,-0.007048062951851756,0.02765469683579488,-0.014915223806638327
circ_chr15_92996957_92998621_CHD2,0.07809761770892427,0.020429702418579797,-0.00927654486831444,0.0025581811788830486,0.0074649722942010405,0.019745668649314308,0.012907455384163142,-0.0068980547628855905,-0.3510525206612201,0.09412889491301092,0.012540315163239245,0.014581137302631301,0.009791345828769145
circ_chr15_92996957_93002317_CHD2,0.04786593315720175,0.0028821217313226137,-0.027812943972588614,0.0297703274073469,0.016637601083895497,0.01721357062573086,0.045814227923026835,0.03299165085263698,-0.07097818728348766,-0.0068635228310106235,-0.03563108743537259,-0.04700828052634706,0.02750328217116866
circ_chr15_93000512_93009323_CHD2,0.01940512571775639,0.006305038138050412,0.03297714447097039,-0.04588637412430531,0.08223795694302251,0.00749829088168455,-0.00945755681101993,0.0004282051772464737,-0.024925347211624916,0.0027339893542796235,-0.001199416729489838,0.023814799876913092,-0.012122688925345593
circ_chr15_93000512_93014909_CHD2,0.0008531029982700244,0.003946583768804074,-0.023768684586684494,-0.00244823267234879,0.031554683958587924,-0.0017336369295265163,0.0032313778633958714,-0.0020276756039931563,-0.10253341103426401,-0.003941005963097144,-0.03442613205002216,0.06513847802567521,0.02640843090383541
circ_chr15_94298201_94298730_MCTP2,0.01181975877070506,-0.012745749527444235,-0.06665881329950286,-0.13279269322730303,-0.011559487330049974,-0.02735574321329153,0.02234731268731772,-0.03024991311365148,-0.1078120181762631,0.014090211357516192,-0.009902318441499736,-0.02985303836994503,0.003175857356600348
circ_chr15_94356137_94385525_MCTP2,0.005172144226406105,-0.006071445238664642,-0.013713156940828796,-0.022906224124854938,-0.0008047133202584445,0.028156647446048864,-0.0171730285861237,0.013723838098168658,-0.029518382572329967,0.012049325329798341,0.014191704607716675,0.02029974062278604,0.0005709956060131117
circ_chr15_94356137_94402019_MCTP2,0.02390641557633082,0.050382744970487434,-0.07114592062195815,-0.18107868631880344,0.00767736284024957,0.019491945080565357,-0.008889069129466444,0.035020034592714924,-0.045402950087907984,0.048102174284732645,0.004174642619506885,0.06489608513232563,-0.008144859953684013
circ_chr15_94440176_94458246_MCTP2,3.831030994652874e-05,-0.016395759242355867,-0.010303551881247925,0.008217969399908029,0.048809761310111326,0.043577135282231776,-0.0024636700907792316,0.00841254778569302,-0.06772136776067299,0.02050227000819967,-0.013734984369157748,0.05816787958178858,0.002955900545148636
circ_chr15_98707562_98708107_IGF1R,0.009793011553929507,-0.008148949213172479,0.0030115815375294373,-0.054313071005393974,0.0050799246658638515,0.042884640300753785,0.050802090155702785,0.03147560535872203,-0.050672054945718685,-0.027803531246054065,0.02181555574585606,0.22741236903255152,0.016841092115528714
circ_chr16_10430611_10431455_ATF7IP2,-0.049201850920794495,-0.017566047498465253,-0.0332814458026095,0.00604560517450347,0.05030137418862295,0.0426893588378908,-0.026602737149994206,-0.008337468729037357,-0.11387606171454795,0.010633419848851137,-0.016044723834991576,-0.06332896339538177,0.010440823870052887
circ_chr16_11020193_11051641_CLEC16A,0.0066310659749182505,0.036444024318639266,0.005998151760512347,0.017683995844292852,0.005172165973265478,0.006551942163216772,0.008375407241005469,0.0030705757594107113,-0.16587701167335814,-0.0034118112971058575,0.0045478803376719145,-0.0160710446220393,0.007067150361650494
circ_chr16_11020193_11061022_CLEC16A,0.025104130756886455,-0.010593237620394758,0.006002468682578244,-0.03759448094619738,0.020199037374931915,0.0005893379115966764,-0.009952875751296655,-0.029518791872965168,-0.11412495831818188,-0.013736245503276717,-0.003024305873951512,0.05777732373084934,-0.009104808158674505
circ_chr16_11721577_11736233_TXNDC11,0.0070615210319371945,0.003846942421582484,0.018363434753227277,0.2172460393711152,0.013303813131172442,0.007199390177001132,0.011896232204680217,-0.004940988415526036,-0.1115690713579265,0.006165513014428604,0.021964754057719135,-0.011517568020514244,0.011136968033525735
circ_chr16_11774236_11779363_ZC3H7A,0.007107087189885433,0.007776221513285187,0.03291754692717131,0.0038736734994617725,-0.009061121108380643,0.002797526323616014,-0.012619668644796902,-0.010576290285408399,-0.007177884503139697,-0.006507367252999243,0.0005967326955618469,0.016062739523986305,-0.019482215319466555
circ_chr16_11846501_11846843_RSL1D1,-0.019275068990710926,-0.010729405195280586,-0.16183309660273645,0.027226734162016538,0.008171600712527953,-0.023149081930895713,-0.010670825075219494,-0.04148617832852892,-0.07152116271524488,-0.074574824638324,-0.03579780894014619,0.021164012567111846,0.002477269282110358
circ_chr16_11846501_11847806_RSL1D1,-0.0026671581109569764,0.016337993418932134,-0.03984407452382271,-0.03952307522464089,-0.00964488506672803,-0.03438035530939098,0.07321894523371623,0.07192878121174266,-0.10397832558738294,-0.008529062094902883,0.005659440267516973,0.21127862160409053,-0.00808673172082426
circ_chr16_11894954_11896785_GSPT1,-0.005161472770672149,0.009604904470917356,0.013999292420930053,-0.017540170878208524,-0.007984520452804036,-0.018400301718903816,-0.007298182819401482,0.020639169927184172,-0.008702186670155852,0.030595717343998102,-0.017447742682221493,-0.007353762556069052,0.03110831344746621
circ_chr16_13934192_13935743_ERCC4,0.0014945012437436052,0.03592479045264914,-0.07039736480783752,0.0023235331899327965,-0.01881560236975406,-0.0058520879601040715,0.014722414217718579,-0.09692118342634176,0.017162667939572843,0.06394372074687825,-0.007929227094748238,0.03947669227272929,0.007803078663117605
circ_chr16_1625973_1641187_CRAMP1,-0.018286281889698133,0.007835276476947196,-0.12836977070846733,-0.004898075842079983,0.0009213163624133524,-0.00887190858102118,0.025436776288908596,-0.06448370323305883,0.025155734915510125,-0.020904090297843105,-0.044075134257638676,0.09955251140064408,0.0036961297300452333
circ_chr16_1724557_1729578_MAPK8IP3,-0.0036524112686078885,0.0002901688529199418,-0.009919511267804146,-0.015983187959755875,-0.016925015590933252,-0.017932984333354548,0.0215302476843265,-0.003012581445874616,0.020658775294261664,0.005834922231860247,0.00827373074468134,0.06868552489801767,-0.009362676951052041
circ_chr16_17258988_17259498_XYLT1,0.005744592485856397,-0.015615885206767719,-0.081468679701163,0.10405234345735287,0.028429231664993664,-0.06559819086097186,-0.020595173994185423,-0.037539889508438916,-0.26360280665134367,0.03612507241969954,0.01272116800730904,-0.015997023254108688,0.030827069125615447
circ_chr16_18797925_18798834_ARL6IP1,0.0005159492133171892,0.020186423330149313,-0.0007954984202042055,-0.017965505034354037,0.000800972134611134,0.02085431774917758,0.015386358385968893,-0.0027857221264078968,-0.028759139658028815,-0.01619962058069525,-0.005347549205072194,0.045229196713553875,-0.016249314537683097
circ_chr16_18839698_18842454_SMG1,-0.029800125423659098,0.017944873921974806,-0.03198049971227419,-0.018045552677699837,0.013872648348888683,-0.007671170906665401,-0.012185446037572626,-0.0027040973906280697,-0.06952070524662281,-0.03340035959295948,-0.01608641865247523,0.03412685582167004,0.05997998349325927
circ_chr16_18841565_18845651_SMG1,0.025422947400248648,0.009555793784198565,-0.0008993689390679986,0.04002034355041691,0.049061038376917866,0.027035810780691144,0.015616939989025698,-0.02025756788415577,-0.5049349987920388,0.05367164232372412,-0.003044165379775454,-0.012696425365956897,-0.037663613604700184
circ_chr16_19463280_19464024_TMC5,-0.12608620625442205,-0.13391291421939988,-0.19711204527230322,0.0067698754640348,0.016172859475685347,0.019853218136578758,-0.14957384168267024,0.014530311380378013,-0.4361091950171429,0.056553402416824806,0.010116423143530298,-0.01223414870751766,-0.029142203842807652
circ_chr16_19463280_19474276_TMC5,-0.018286281889698122,0.007835276476947192,-0.12836977070846728,-0.004898075842079983,0.0009213163624133535,-0.00887190858102118,0.025436776288908586,-0.06448370323305881,0.025155734915510118,-0.020904090297843105,-0.044075134257638676,0.09955251140064407,0.0036961297300452307
circ_chr16_19466082_19469825_TMC5,-0.008794870885047053,-0.0334584635588186,-0.030472243166556733,0.013291983360509275,0.0050314417149941405,0.034115792718044706,-0.019998614987683853,0.025523567815623857,-0.03453270658374333,-0.008422878288616311,0.012299016388218969,-0.06210971451356326,-0.07417863623190954
circ_chr16_19616114_19616808_VPS35L,0.12994056850237343,0.042787083592344566,-0.020246869581143995,-0.005442970463980255,0.09941779734434543,-0.00901370837792382,0.029758442018387562,-0.025396952643879388,-0.07642757119733894,-0.02126719717623938,-0.015132521895135502,0.020319935912302713,0.021731041356491655
circ_chr16_19616114_19626223_VPS35L,0.04679451651741471,-0.023140897270020035,0.016266225840334617,-0.0066193702613555365,0.019393293552413253,-0.011655581147447643,-0.019776120325956294,-0.011331033436729625,-0.015657187250860953,-0.008849535340687721,-0.022976788400210318,0.0351395094223107,0.005368092628805087
circ_chr16_19616114_19647882_VPS35L,0.04691536443268964,0.0031819162915965988,-0.01064619560904441,-0.02340573420160176,0.020182431370576636,0.023859260459759866,0.027917110891189444,0.008377153317357482,-0.06470299405797039,-0.003364793369008749,-0.007744552334211387,0.16805286484099427,0.0009609076429391543
circ_chr16_19616114_19652090_VPS35L,-0.007707898292538722,0.0064152663829594656,-0.027299435628037747,-0.010944502626088513,0.031131423110624723,0.027146465867478667,-0.008492244640384361,-0.00021578052644202615,0.09994607326166163,0.001280992360626107,-0.0013836813874732782,0.04912867975775773,-0.011789931511791326
circ_chr16_19642396_19647882_VPS35L,-0.018286281889698122,0.007835276476947192,-0.12836977070846728,-0.004898075842079983,0.0009213163624133535,-0.00887190858102118,0.025436776288908586,-0.06448370323305881,0.025155734915510118,-0.020904090297843105,-0.044075134257638676,0.09955251140064407,0.0036961297300452307
circ_chr16_19644886_19652090_VPS35L,0.023261006360236234,-0.008697619495900715,0.0033961038419981224,-0.0004193805735362504,0.011423108280302146,0.010712365763500759,0.0032630955378031372,0.0047443208092560136,-0.015212086873586987,0.010707168866632963,-0.027361324871262197,0.007438959181764176,-0.007437685558595119
circ_chr16_21019624_21042203_DNAH3,0.00034413793119861865,-0.024335530768369543,-0.06923686639231927,0.023582971807596782,0.02023012990971565,-0.010327629963192071,-0.005244795022682894,0.09321655692268063,0.01978724812666277,-0.020219287162791536,0.053718481578634174,-0.22911463136486115,0.05495333003225237
circ_chr16_21962460_21976243_UQCRC2,0.000725095579452077,-0.008130868246515375,-0.029988381844034896,-0.012253443401178008,0.06468190882968537,-0.018220924268939526,-0.01781006671445055,-0.004444123678132197,-0.08672043873309725,0.056922319250286,-0.017283066325097345,-0.046582561372657295,-0.02367055510327258
circ_chr16_21968628_21976243_UQCRC2,-0.0006881874067137684,0.01635415221983042,0.01973051679542408,-0.008561720611600229,0.023009753014037175,-0.0033453794583941077,-0.010529947649905672,0.020643418242868153,-0.0172459501719436,0.0041165195316491205,-0.0036437717767735757,-0.039536566486723435,-0.009160647245170277
circ_chr16_22349279_22349849_CDR2,0.00760231138874037,0.045084398589711375,-0.08274357829071792,-0.010594246546034487,0.06486183509801725,0.027672227589329253,0.0012548977071939519,0.010230719895424574,-0.06219134661903158,0.0441268507212595,0.0021013802988235734,0.005418066770074067,0.0027139592535816498
circ_chr16_24032136_24035547_PRKCB,0.011724414281570226,-0.0033952144557413168,0.007751916838045074,0.2966346210036939,-0.03816094313829521,0.00041788864250407386,0.013866226607056002,-0.001279235733274259,-0.11794849400604013,0.0016514243830048519,0.0168880795452399,0.01388289265433075,0.005019806584691143
circ_chr16_24977215_24979005_ARHGAP17,0.02176406603851958,0.00540970293844033,6.881490679906608e-05,0.029044669778083447,0.05669492567873074,0.012289624826545165,0.017344311424934818,-0.005206578790277796,-0.009608210222143695,-0.011750915622825299,0.0004770621242136803,-0.007181711979802404,-0.019304338818264783
circ_chr16_27213585_27215008_KDM8,0.18665352635857843,-0.0797804153130305,-0.001817189125534579,0.05092008408559051,0.01620332779746733,-0.01524243087937371,0.0164604342541465,-0.018164416828545964,-0.2599665048374939,0.038993550276908776,-0.02058990308510244,-0.010203859069238666,0.00817551034365202
circ_chr16_28166508_28169909_XPO6,-0.0006561198348260676,0.00952786832466375,0.016442253075109232,0.008547382413574597,0.07436500570552375,0.0095341845784164,0.0033035271599525322,-0.005737073304747668,-0.026596441503295706,0.007198314194965469,0.012652905874362567,-0.030476885160230505,0.010456528801041916
circ_chr16_29833733_29834066_MVP,0.03896047841252229,0.05539337653388519,-0.002641406861592141,-0.00688157571128058,0.2733862395361376,-0.012410040833948623,0.017780206975090574,0.008980059305201578,-0.5566392521051616,0.05853754147474036,-0.008470024569395959,0.021996376221804646,-0.003188579027532476
circ_chr16_30479091_30479461_ITGAL,0.08196566696782027,-0.008965881574227513,0.0380693876887377,0.40480663592650257,0.0007278933958477163,0.020361519045470487,0.028641798816836487,0.011140260922388394,-0.43112208367551996,0.008121271131468839,0.005314794081181046,0.019228248498971433,0.027167672920423047
circ_chr16_30483827_30484263_ITGAL,0.11931590443048383,-0.04208357489960223,0.005913845274951142,0.36680272469513897,0.07742098742989202,-0.028561778229634502,0.016411783325827472,-0.032926897461273474,-0.5859676533599152,0.028768021955260556,-0.00898537241011011,0.059978872011699526,-0.020862404797738876
circ_chr16_30496097_30496566_ITGAL,0.06197592700249353,-0.00137248595071608,0.013186223785281927,0.1331014452156031,-0.03439452172866119,-0.005972113725807962,0.014629109873994508,-0.003582458222884033,-0.09686839268593014,-0.008120003901560655,-0.01932794058226701,0.00816590668549354,0.007878401060679241
circ_chr16_30499074_30499489_ITGAL,0.034463641026860246,0.0040608262546621456,-4.249768667658866e-05,0.2868689138287392,0.03868827484320643,0.0052073328240508105,0.022118870122103916,-0.0004387876093708426,0.07770129503034691,-0.009579948205749214,0.005611089066392769,0.03217644462713802,0.005964539561237874
circ_chr16_30728966_30729572_SRCAP,0.07455543222985278,-0.007989765890444828,-0.007347649690403993,-0.018680586837570762,0.05034665003727664,-0.028195264949895767,0.019623927711554835,-0.00012315466446625027,-0.38126046652426565,0.035292355496820485,0.005085065742299111,0.11589260879989842,-0.006586797953210209
circ_chr16_31361836_31362753_ITGAX,-0.006636698093731432,-0.000953981850699525,0.2623628851437791,-0.03285662894021182,0.02949046383888823,0.00713234118803245,-0.02032957025216041,-0.11232482568924945,-0.26742760350936473,-0.036959552615535414,-0.012996956827958721,0.016009385660499857,-0.0015577711036929528
circ_chr16_31722626_31723353_ZNF720,0.21928031060516479,0.006218637303899975,-0.2122986989286458,-0.08422872760773607,0.11811383283676348,0.069307063106989,-0.01592808234234986,0.006690476969214216,-0.32145654464995504,-0.0031811879536981077,0.05182362934668377,-0.0623513375308781,0.007301739288191447
circ_chr16_3850297_3851009_CREBBP,0.03128637130149651,-0.020548703802316933,0.005258790745650925,-0.01422364321375811,0.04007760261982464,0.02107063183161047,0.01600622556579028,0.017046281479153085,-0.5598602958143462,0.019368167510982852,0.0024418131110162194,-0.04397418315035323,0.010791138507464864
circ_chr16_46674314_46677398_VPS35,-0.011133061267594472,0.027700409124194088,-0.04490014086757715,-0.015602327728216092,0.014712126384744378,0.015380631570858042,-0.0003357995357875958,-0.013676067466897906,-0.4188705050849022,0.030871088281785294,-0.01946606828450657,0.008894692825883965,-0.016686210306561755
circ_chr16_47311240_47313823_ITFG1,-0.008517957427396628,-0.021116055378952277,-0.07724164140929789,0.040127893407732214,0.009561089601400745,-0.019819337219614062,-0.032418337141408085,-0.011226167339877831,-0.15249241689309248,-0.06159340499405688,-0.011401708898915964,-0.022020342619582887,0.0001877986084091246
circ_chr16_47497399_47515601_PHKB,0.08623864581625702,0.021696473649818335,-0.023766940509902128,-0.22078889997700177,0.0196926891349443,-0.02922187328415761,0.049586516049391474,-0.05387469370596227,-0.8245050641139645,0.04535515245384848,-0.009460489185293233,0.30536886455520507,0.029348636311958814
circ_chr16_47497399_47547548_PHKB,-0.009435138013878727,-0.018275265737923062,-0.014909906216773272,-0.02645705454471906,0.04139337920593085,-0.06537577422403919,0.006290737423012255,-0.04736872259258607,-0.14050969149181428,0.02019295794124102,-0.009570760317712645,-0.029735755179863807,-0.00853712788069648
circ_chr16_47497399_47610920_PHKB,0.010436735491787297,0.03313403636165289,0.02640956639386087,0.015750300183318452,-0.002346092918862618,0.006733713106379309,-0.0021820447500368705,-0.004575415682950684,-0.10721874605237874,-0.006854893831209329,0.0038851397806403394,-0.0006992168275123465,-0.007564904162966734
circ_chr16_48277338_48303305_LONP2,-0.003390048151094049,-0.0032706901284474013,0.011552226395574534,0.005664676852470937,0.01308138441272152,0.009025332804917704,0.010367210442455204,-0.024972483312995047,-0.06879938272457109,0.026435808712038104,-0.038056232799544704,-0.0068047455093512565,0.03534821092122626
circ_chr16_48347507_48348290_LONP2,0.0035266704476263956,0.016462238558508587,-0.0075840978143880055,-0.043180542185262294,0.02033205195493532,-0.010206567444307013,-0.02015290204708609,-0.008339450075157795,0.005219777091126486,0.0018138698668802278,-0.01408434768695222,0.05488174144851456,-0.0014281085663581106
circ_chr16_48553539_48562444_N4BP1,0.0008117048038153264,-0.005369490965400004,-0.06875529585516627,-0.011670897462536446,0.023553239622602192,-0.010949484147656634,0.009599392725477931,-0.056310876811579,-0.0410253844330832,0.05598385925822664,-0.04106833459458372,-0.0364780087812772,0.015878872526006827
circ_chr16_53155926_53157541_CHD9,0.024652099455858556,-0.009887419680694325,-0.1538245971430925,-0.0020687086963204994,0.007797342344637944,-0.0034013019279145818,0.0076082125112723374,-0.07640727457709397,-0.5415223293028107,0.027851553125448333,-0.022284414446431387,0.04920242876889418,0.027878799932288867
circ_chr16_53254438_53274302_CHD9,0.11417213473453934,-0.060896423615637456,-0.01738777292164177,-0.08467890645573807,0.012863104566106226,-0.006696075225391108,0.04082300807537415,-0.017992407602043452,-0.18132348555698632,0.004798629441498353,-0.020326099992573225,0.01186525311531898,0.008257604858042758
circ_chr16_533946_536142_CAPN15,-0.01762296591688903,0.003505919107632937,0.06204244570915225,0.06341991861710447,0.06661004214543556,0.040546909714808656,0.03568710305914041,0.025435598430871936,-0.22693980234896846,-0.019367013947839348,-0.019531594926317127,-0.00787600997326315,0.0266521421669311
circ_chr16_53498391_53500329_AKTIP,0.02685864449208326,-0.008806218976135205,0.006199030023544602,0.012033755895077693,-0.00038544823492538523,-0.003469427945284289,0.018673645232377415,-0.009943205831759533,-0.021232153342105684,0.0016463528873469691,-0.007251472822211041,-0.009097864227628883,0.01677150795567004
circ_chr16_53873786_53888951_FTO,0.16676205385041337,0.09400740671288672,-0.13946676179232886,-0.04793768969480182,0.0561529060078017,-0.027706316844659813,0.0092105707016757,-0.0015725029962745211,-0.6457257952898721,0.05035426177915443,-0.002809260242745357,0.05238844704733453,0.022614399149009725
circ_chr16_56385919_56389375_AMFR,1.1447390453875548e-05,0.025390841787293086,0.016398656165044097,-0.020566329161602406,0.01932064117835016,0.006457636485704621,-0.03501191184865707,0.005389416147286887,-0.06054584717593603,-0.002206703660512435,0.00521634713902433,0.003331240012358222,-0.014173771853528081
circ_chr16_58560212_58560362_CNOT1,-0.002672035531498061,0.0023585515816314535,0.008855614891216682,0.05242327685404858,0.0005879970814409336,0.03265881557902858,0.025893098443970124,0.031173940270067698,0.004730214688171873,0.021046526391202514,0.025800206208361737,0.02551111588668736,0.05829238314115011
circ_chr16_64971579_64993034_CDH11,0.0007940256536219716,0.006776780155470663,-0.09613172230689788,-0.002084935733663372,-0.01081633743770744,-0.03578140632079998,0.02074062003957928,-0.041525608901058705,-0.020767295250529606,0.00266280146275807,-0.04578434778397838,0.06744027188186139,0.018891932162881406
circ_chr16_65354243_65363808_LINC00922,-0.005519592737264403,0.1054473726922508,-0.0032391595968204465,-0.04115009261860465,-0.01731308826569254,-0.026640881850869644,-0.017646207492114846,-0.018145670949509307,0.0035567766835691264,-0.035869382807484515,0.00061724313229724,-0.039705275889735804,0.02429301181041209
circ_chr16_66608309_66610003_CMTM3,-0.028589550267337654,-0.000667959769943155,0.009649488266954205,0.05323103596714247,0.044908437324161464,0.06095854131882283,0.0006068695827319338,-0.001704057354779966,-0.18574601345975258,0.020683178533815193,-0.06738838149894616,-0.03789635701771353,0.020607975781358215
circ_chr16_67036639_67082308_CBFB,-0.001955021703005364,0.0006588669193336838,0.0021767980807786114,-0.05248164187179324,-0.003275327227280883,-0.0060094818141090255,-0.02054021668886382,-0.007515580695670983,0.0001747049377977821,0.032015237421260306,-0.008450865853867269,0.04253855674878147,-0.007334828818410705
circ_chr16_67036639_67082339_CBFB,0.0031213084530363963,0.014518782029764936,-0.027052897182337526,-0.01684429323333351,-0.020892911452582305,-0.01593984078275525,-0.009235961536069884,-0.001882409948813448,-0.00020836762893140036,0.030398531788013838,0.005845223378340794,0.10376731553801989,-0.01958589431523575
circ_chr16_67066682_67082308_CBFB,0.0163474933135398,0.022292716912704503,0.02713449968201292,0.019748680906775475,0.04776430327525075,-0.008770340386750244,-0.021953217742390764,-0.011106220454607064,0.06551807867486432,-0.007109815926178692,0.008136912878017861,0.004875891319858389,-0.00969289155342188
circ_chr16_67066682_67082339_CBFB,0.0163474933135398,0.022292716912704503,0.02713449968201292,0.019748680906775475,0.04776430327525075,-0.008770340386750244,-0.021953217742390764,-0.011106220454607064,0.06551807867486432,-0.007109815926178692,0.008136912878017861,0.004875891319858389,-0.00969289155342188
circ_chr16_67610824_67612121_CTCF,0.010044883700464172,0.005803998124064629,0.008955056096973077,0.03759551531722892,-0.02309511390008564,0.000310742892961148,0.006776714969069461,0.003214826740623817,-0.04115515314410268,0.01929017411642714,-0.019571124919981867,0.053560606672939166,0.02490579515458489
circ_chr16_67628370_67629533_CTCF,0.0042895693375713025,-0.00787614604092643,0.009197571901068137,0.1211279862950538,0.0038329841865666022,0.008369060224897768,0.01932328419234004,-0.02268422440359803,-0.07280966503749853,0.001060656504503159,0.01642789538183263,0.030965445573712336,0.013677728218142027
circ_chr16_68121987_68123121_NFATC3,0.16111672854560846,0.0007134268314317054,-0.06665457840740976,-0.00019523943285267882,0.18077108587498786,0.015508861568432016,-0.00872445819167418,-0.06973459646580821,-0.6166578590274014,0.12404726045376374,0.04508856840336011,0.009229046364853447,0.04383409071125784
circ_chr16_68121987_68126610_NFATC3,0.16013413464210763,-0.0072738120848696505,-0.15563726096208383,0.0027770152585393855,0.045593565988167134,0.13951864056416596,-0.06366913442694207,-0.030123588727174657,-0.3609154447550316,-0.05760653266384814,0.06110881688247218,-0.027298221524683888,-0.005584913263020507
circ_chr16_68121987_68191775_NFATC3,-0.018286281889698122,0.007835276476947192,-0.12836977070846728,-0.004898075842079983,0.0009213163624133535,-0.00887190858102118,0.025436776288908586,-0.06448370323305881,0.025155734915510118,-0.020904090297843105,-0.044075134257638676,0.09955251140064407,0.0036961297300452307
circ_chr16_68801670_68815759_CDH1,0.00034413793119861865,-0.024335530768369543,-0.06923686639231927,0.023582971807596782,0.02023012990971565,-0.010327629963192071,-0.005244795022682894,0.09321655692268063,0.01978724812666277,-0.020219287162791536,0.053718481578634174,-0.22911463136486115,0.05495333003225237
circ_chr16_69284048_69284244_SNTB2,0.008249683498287468,0.015061008076145651,0.025965197909067598,-0.023914534954211242,0.02244070394534229,-0.012344902597095973,-0.01176304993027712,0.011653229537591684,-0.07804191946615802,0.015663321958462532,0.006000430875850996,-0.02623183944112787,0.017176460389445116
circ_chr16_69370483_69372355_TERF2,0.22872056534780874,0.003200525310728314,-0.008332032562432,0.006721236966448885,0.13779322512508382,-0.002779861494121633,-0.005374414174748409,-0.0404211565410619,-0.5650449455954397,0.04098733390017647,0.014757206706905331,-0.09563880344794444,0.05287821079389789
circ_chr16_69695136_69695379_NFAT5,0.056105562790738535,-0.0360549885915681,-0.009463294276519532,0.20115318415308808,0.04694516574052348,-0.017741800331878756,0.0471379559523945,0.0014797593257944793,-0.6123438487294165,0.01957218383029117,0.010241279766572898,0.0019301134570018773,-0.0023510396500684575
circ_chr16_70258980_70262524_AARS,0.036608705020264976,-0.0836339210755601,0.005379266892363407,-0.012739882324571582,-0.027250651647077035,-0.015572416759625712,0.031890373494300954,-0.028011792271677875,0.020263986913146393,-0.010144845290089655,-0.006062789656416237,0.0018831271745514246,0.013104460447603945
circ_chr16_70463169_70463774_FUK,0.042343783657808276,-0.006193232654900261,-0.0032054513968647028,-0.06720062320897487,-0.003442715974771709,0.007570146563349665,0.012462884822906504,-0.006169472249807201,-0.018451002605219913,0.0013519925582183186,-0.0013530873207406582,0.01158766824818871,-0.013373340604921985
circ_chr16_70532479_70541834_SF3B3,0.007107087189885427,0.007776221513285182,0.03291754692717132,0.0038736734994617695,-0.009061121108380638,0.0027975263236160136,-0.012619668644796906,-0.010576290285408393,-0.007177884503139698,-0.006507367252999241,0.0005967326955618486,0.0160627395239863,-0.019482215319466565
circ_chr16_70565065_70567536_SF3B3,-0.03182571342959939,-0.005675756409280027,-0.027293548461185837,-0.016219291877125633,-0.009385612802990245,-0.18099723813939592,0.03028498697287525,0.07149864983657458,-0.04915313696288741,0.005756010027985376,-0.022242110841600417,0.23670676393445464,-0.023515469238276982
circ_chr16_72088987_72090786_TXNL4B,-0.009622636137598835,-0.012653246719509096,0.02096025704669802,-0.016786141997791743,0.013568613186910787,0.052662608058659154,0.01346735479459998,0.014011649351932309,-0.14143059431631544,-0.001259390450577994,0.006502356285543518,0.03548630821961472,0.0034121770103851244
circ_chr16_74457874_74459789_GLG1,0.025765687733837195,-0.006945463830272117,0.015202387606858603,-0.011583942647806373,0.010221269824658876,0.006465675281708443,0.02093822981828984,0.0017100966015530855,-0.10033275284144239,-0.005092394853152683,-0.00038478918976594706,-0.008630300193628296,0.007291526990948194
circ_chr16_74459682_74463479_GLG1,0.028723360959998365,0.012868509004777984,0.0010510592870588936,0.012018732691403874,0.02291356836918605,0.011941773520004013,0.02528435604046305,-0.0028442992831530086,-0.011449674186817893,-0.022529188113904114,-0.010292773541876856,0.008959339149932435,0.006026519970941141
circ_chr16_74682651_74685583_MLKL,-0.018286281889698122,0.007835276476947192,-0.12836977070846728,-0.004898075842079983,0.0009213163624133535,-0.00887190858102118,0.025436776288908586,-0.06448370323305881,0.025155734915510118,-0.020904090297843105,-0.044075134257638676,0.09955251140064407,0.0036961297300452307
circ_chr16_74915870_74916259_WDR59,0.0031213084530363963,0.014518782029764936,-0.027052897182337526,-0.01684429323333351,-0.020892911452582305,-0.01593984078275525,-0.009235961536069884,-0.001882409948813448,-0.00020836762893140036,0.030398531788013838,0.005845223378340794,0.10376731553801989,-0.01958589431523575
circ_chr16_80684538_80685129_CDYL2,0.11371562392873404,0.02025640952780766,0.0071217317374802636,0.006387143782709756,0.1370998869367296,0.024655295785710813,-0.027076698862093032,-0.04493977650020217,-0.6492280611398418,0.013296830182670166,0.041946309945247666,0.019305413527715462,0.10194884740947772
circ_chr16_81895807_81908591_PLCG2,-0.018286281889698122,0.007835276476947192,-0.12836977070846728,-0.004898075842079983,0.0009213163624133535,-0.00887190858102118,0.025436776288908586,-0.06448370323305881,0.025155734915510118,-0.020904090297843105,-0.044075134257638676,0.09955251140064407,0.0036961297300452307
circ_chr16_83906987_83912367_MLYCD,0.09570434262151689,-0.047510090656030596,-0.004234907521095213,0.05503009847186822,0.037849799427202575,0.008266933522068757,0.043024809437821616,-0.006914403140334896,-0.1315044626937824,-0.010337258415201202,0.0013411853369959365,0.01760321393275526,0.05995363858886796
circ_chr16_84740309_84745673_USP10,-0.041619567009624756,-0.023489674928775378,-0.002234034645658198,0.01611173980332227,0.08721512414434933,-0.26798862981093446,0.04558684535484454,0.014776671914638101,-0.1958004657950254,0.06165248677287511,-0.05814558589194308,0.0013127086455844957,-0.004618518117489135
circ_chr16_85633914_85634132_GSE1,0.13965451822349742,-0.033154779095059685,0.003090197468827335,0.0220647804916149,0.4673156830658576,-0.049537332561680046,-0.009559926838170408,0.02069696191755879,-0.020785783900999125,-0.024583393270007595,-0.020483330428923318,0.0023333466834181272,0.04655890427289181
circ_chr16_87748673_87762040_KLHDC4,0.007499307297703459,-0.007911155346067013,-0.008931249543970007,-0.005758653288553228,-0.027964581352675544,-0.003589990319719354,-0.009012813698697034,-0.030544907207225757,-0.023545549300611746,0.002325041922463172,-0.01891208015096284,-0.012241960775293593,0.01820292978008265
circ_chr16_87975048_87984259_BANP,-0.006999936377827743,-0.012661578729764103,-0.0024951356025546953,0.0752386855761087,0.10629779932417127,0.023219856643095196,0.011572055006392567,-0.03499037788309416,-0.6307405614794459,-0.015066029364536708,-0.004654061156611944,0.01765398118509788,0.07990718853101118
circ_chr16_88018428_88038011_BANP,0.0019622379868721104,0.014884638707181147,0.011316957649083715,-0.00926170637442581,0.037545134847140234,-0.016360751709336933,-0.010733244117336706,-0.0236362652290689,0.013262413657140445,-0.012149317947194612,0.0024748515839080987,-0.0018450295146300124,0.02568367609783255
circ_chr16_88027483_88038011_BANP,0.023701961387090895,-0.017187885530363583,0.02178841502251815,0.0009755329918269661,0.18938127238962843,-0.0053085315307917465,0.06326457164735252,-0.039835651261122255,-0.8649692369546392,0.026666856049905117,-0.016279303152737994,0.06890571884597207,-0.004669052020220522
circ_chr16_8858350_8859335_CARHSP1,-0.00579120287961304,0.10024556490562664,-0.013518403459383177,-0.032267734849604615,-0.004087709986430276,0.012409073359522235,0.05752597066725092,0.0005673843972769518,0.026369562728971466,0.03401173208207288,0.006668518028496687,-0.031027296374235052,0.009560395836756429
circ_chr16_8915254_8917156_USP7,0.1366344958709653,0.012246540735181357,-0.09928292477505529,-0.023065335482346544,0.032122663375564964,-0.002436462551533093,0.010760473427730502,-0.04067097407574643,-0.47011127571842465,0.01293512647544743,-0.021971623997428337,-0.020031626742058665,0.029604935175783907
circ_chr16_89224719_89225631_ZNF778,0.007499307297703459,-0.007911155346067013,-0.008931249543970007,-0.005758653288553228,-0.027964581352675544,-0.003589990319719354,-0.009012813698697034,-0.030544907207225757,-0.023545549300611746,0.002325041922463172,-0.01891208015096284,-0.012241960775293593,0.01820292978008265
circ_chr16_89305206_89317075_ANKRD11,-0.011281728322857133,-0.0031849537228607508,0.03222578878252503,0.09212501286938418,0.02797043909589558,0.042786862498270926,0.03868620486302632,0.01824608466658816,-0.21433392584725897,0.0074327533606762105,-0.038853774109150425,-0.045118972302070084,0.03091159459197217
circ_chr16_89418284_89431326_ANKRD11,-0.008517957427396628,-0.021116055378952277,-0.07724164140929789,0.040127893407732214,0.009561089601400745,-0.019819337219614062,-0.032418337141408085,-0.011226167339877831,-0.15249241689309248,-0.06159340499405688,-0.011401708898915964,-0.022020342619582887,0.0001877986084091246
circ_chr16_954357_954666_LMF1,-0.1192398817447481,-0.013512196009650885,0.012603568774619793,0.0335205844659366,0.08168599080927047,-0.7310046415340526,0.26974656000087943,0.5368815376700206,-0.01022571926993291,0.027114782784252674,-0.09658773424603602,0.39397526084145706,-0.2294893958137131
circ_chr17_12054889_12081530_MAP2K4,0.007107087189885433,0.007776221513285187,0.03291754692717131,0.0038736734994617725,-0.009061121108380643,0.002797526323616014,-0.012619668644796902,-0.010576290285408399,-0.007177884503139697,-0.006507367252999243,0.0005967326955618469,0.016062739523986305,-0.019482215319466555
circ_chr17_12054889_12095694_MAP2K4,0.01266942693305156,0.012252045788815391,-0.05548218185961981,0.008564258883026147,0.009458451197433741,-0.015422560817242997,-0.005801975671242924,-0.026157819132599344,-0.08390446812153973,-0.018510371277901116,-0.03506764541874533,0.03977244403970284,0.04572116592458867
circ_chr17_12054889_12113360_MAP2K4,0.026547870944245853,0.017179238477803914,-0.04640358239012986,-0.0280267589617555,0.03922862663201707,-0.023858873822772447,0.027226857708613356,-0.08104661673107945,-0.12079912186531173,0.03719678068685887,-0.03287294978793389,0.04232733795476391,0.020701228490209733
circ_chr17_12081356_12095694_MAP2K4,0.02788123287864594,-0.001577025773103919,-0.00451288833848973,0.10607987785315245,0.02993878551026196,-0.034941471915237075,0.040382423476178854,-0.04738286746000051,0.09906395125543525,0.010327785608494226,-0.0017364370285398198,0.00477887698466151,0.016778086446574064
circ_chr17_12095575_12113360_MAP2K4,0.004246176905138712,0.008529642412347722,0.010882073240225094,-0.002558614416011146,-0.0015429983272029807,0.008312275717443196,-0.008808821182736983,0.0001909422681654227,0.0015688443820789885,0.019484026391768477,-0.018547404693160494,0.014028275465979555,-0.007194255687550103
circ_chr17_16101250_16101805_NCOR1,0.0005723935095215139,-0.005029836766598189,0.01512561475039932,0.012691508120636135,0.038889586848977,0.009667678845394712,-0.010170611893337983,-0.008522827866083993,-0.0582687450525991,-0.017864216251419457,-0.016038374845928287,-0.01849011796900175,0.01591975488063365
circ_chr17_1842803_1844686_RPA1,0.02176406603851956,0.0054097029384403295,6.881490679906523e-05,0.02904466977808344,0.056694925678730725,0.012289624826545165,0.01734431142493481,-0.0052065787902777945,-0.009608210222143695,-0.011750915622825302,0.0004770621242136798,-0.0071817119798024,-0.01930433881826479
circ_chr17_1842803_1853189_RPA1,0.09860247965406053,-0.10107051325648356,-0.013200754315027463,0.029609238320194683,0.0632481304821624,-0.0666496729895283,0.020391321788480025,-0.08340119423164315,-0.05177219395590508,0.019241820698814135,-0.0066932838011416005,-0.07470280105217764,0.0028569620790702007
circ_chr17_18865469_18865952_PRPSAP2,0.04258956496169802,-0.02753041629591113,-0.006606110915953737,0.10752797025280236,-0.008401000927551822,-0.010890530111678084,0.00961543015696885,-0.013185440228737497,0.01261090522329865,0.0010022019196644436,0.011766369974047269,0.019744106134146767,0.007669034096902946
circ_chr17_18865469_18877870_PRPSAP2,0.0014471248294087235,-0.0009412758303843587,-0.008752513435047042,-0.0075656132969064436,-0.022973654432950446,0.015686527981413248,0.0012296076898361502,0.008419038244091829,-0.025783831090875686,-0.004735212207130965,0.008733017500094831,0.022827436383231918,-0.014588103773714358
circ_chr17_19958014_19958571_AKAP10,0.011979333559508165,0.0020157565387651966,-0.005457604531819732,0.14684646050554592,-0.005563874087139918,-0.07157291651686536,0.030925308724571388,0.09346052185793738,-0.28853762466599614,-0.009037490672956332,-0.006489845060460673,0.044667185872004814,0.013495453126700242
circ_chr17_20204333_20205912_SPECC1,0.0036748976990007573,0.13248349387496838,-0.08816244151341485,-0.24228522565165608,0.10575345572701172,0.010955634922523577,0.02611224810545383,-2.8099743207233264e-05,-0.43365244063635916,0.013878177170514873,0.0334003503474884,0.013645473096364751,0.006344213783866236
circ_chr17_27303367_27309272_WSB1,-0.0012061263157948118,0.007395027889239973,-0.00690922706443923,-0.014133392671388597,-0.06656850116864445,0.018489973310837633,0.005674032048110944,0.017329736565237737,-0.39249342536243925,-0.0036801759370333927,0.04376805389339968,0.13201433995865852,0.01210518724609952
circ_chr17_28122603_28172618_NLK,0.03201858550389922,0.0024175496667719057,-0.005291789120780314,0.008149045624941993,0.03376294953456472,0.017930589161012492,0.02630087983220171,-0.0009748651236344259,-0.04540314617395502,0.0029293253826524765,-0.0038318412779202848,-0.003250675579993055,0.0016324105140969809
circ_chr17_28163543_28172618_NLK,0.012229408533403902,-0.004125616137251139,0.012834667487905231,0.04047760775486963,-0.030359744935589926,0.0029250259813600314,0.002459448960030879,-0.031055894638662006,-0.03317683169766327,-0.01598325012655705,-0.007346812205151168,0.06254100451591763,-0.005664600743623819
circ_chr17_28921688_28927063_PHF12,-0.0006561198348260679,0.009527868324663742,0.01644225307510924,0.008547382413574589,0.07436500570552378,0.009534184578416401,0.0033035271599525327,-0.0057370733047476695,-0.026596441503295695,0.007198314194965475,0.012652905874362573,-0.0304768851602305,0.010456528801041915
circ_chr17_29285992_29287716_NUFIP2,-0.027444456820186015,0.008985209632974103,-0.026271338218027306,-0.02550525055928732,-0.0011873995697816132,-0.00827357389088408,-0.00789050961025594,0.0054242773500877825,-0.09299382664387827,-0.026381466482586446,0.0017635755977336708,0.010125429337205668,0.033845237327614894
circ_chr17_29684563_29703062_SSH2,0.02947302118795195,0.01439187041125358,0.011840884533596403,0.24370716325769892,0.07406938440562165,0.006479580907705326,-0.0030977739005664424,-0.004740956282839285,-0.05812053656516459,0.0039047161532110328,0.023118926774796794,-0.014596468518510177,-0.029586833256518407
circ_chr17_30420841_30423697_CPD,-4.606795177685489e-05,-0.010310126349406383,-0.0044860637018333755,0.00020386706963574817,-0.024846360819981723,0.013300834468700142,0.0009088155150908918,0.013263366823337619,-0.024224865651904376,-0.002402208595223337,0.0044257451641306275,-0.025823106594507532,-0.025676487115775245
circ_chr17_30484214_30492753_GOSR1,0.0007187236322137731,0.006221570892793961,-0.05306448782542305,-0.0011864435727955212,0.002873797482249536,-0.0030221144240568532,0.012626993528162905,-0.029734622905718006,0.0011545420112568303,-0.006180188458546178,-0.03634262980206524,0.03536830968662699,0.00024213312161619051
circ_chr17_30484214_30520021_GOSR1,0.0031213084530363963,0.014518782029764936,-0.027052897182337526,-0.01684429323333351,-0.020892911452582305,-0.01593984078275525,-0.009235961536069884,-0.001882409948813448,-0.00020836762893140036,0.030398531788013838,0.005845223378340794,0.10376731553801989,-0.01958589431523575
circ_chr17_30607552_30610942_SMURF2P1-LRRC37BP1,0.012773036540365814,-3.7137803751063474e-05,-0.0034989877829900346,0.02282065673173109,0.04238288099625907,-0.007603498757321959,-0.009232414207440153,-0.010774404904803808,0.0689094359418364,0.003226526970905089,-0.001978345511525947,0.01628112859915231,0.014549000706035275
circ_chr17_31155983_31169997_NF1,0.005693383964802784,-0.00013585289015471873,-0.0028250457893860244,-0.1329014497361654,0.03055528207841127,-0.011582273144926266,0.03555317043844242,0.009836395508717332,-0.10099327524354158,-0.057663480251410715,0.007748762382602419,-0.04825302920584789,0.0332356980913335
circ_chr17_31223444_31227606_NF1,0.014875631981738783,0.07861535340015807,-0.0009322670249590382,-0.005579234620663098,-0.0023421483938195395,0.006835851263100102,0.016026490645544143,-0.0036301357180818228,-0.024733214493181305,0.021276627008586096,0.010189966140606941,0.026169836470577582,-0.012928397538011496
circ_chr17_31884424_31887313_UTP6,-0.008517957427396628,-0.021116055378952277,-0.07724164140929789,0.040127893407732214,0.009561089601400745,-0.019819337219614062,-0.032418337141408085,-0.011226167339877831,-0.15249241689309248,-0.06159340499405688,-0.011401708898915964,-0.022020342619582887,0.0001877986084091246
circ_chr17_31940286_31973231_SUZ12,-0.0006881874067137684,0.01635415221983042,0.01973051679542408,-0.008561720611600229,0.023009753014037175,-0.0033453794583941077,-0.010529947649905672,0.020643418242868153,-0.0172459501719436,0.0041165195316491205,-0.0036437717767735757,-0.039536566486723435,-0.009160647245170277
circ_chr17_31982999_31988497_SUZ12,-0.0018820735398131548,0.017785045603244842,-0.09380449327045712,0.019310182299944495,0.01328251239731194,0.027490060934964904,0.00021821164091759642,-0.005956779000183696,-0.09267988638738654,0.027980719957567093,-0.03482057186281648,0.029552342783801457,0.006077163519383143
circ_chr17_31988320_31988497_SUZ12,0.01023184035672113,0.0066230824103919155,0.0024362845320553893,0.09016767518724468,-0.02812233270292728,0.007348881005883405,0.008988891404594421,0.008441100668569602,-0.05109585416032759,0.006913759891511436,0.0009542226674271647,0.004838801724193026,0.013229309456850821
circ_chr17_32171043_32176213_RHOT1,0.004246176905138712,0.008529642412347722,0.010882073240225094,-0.002558614416011146,-0.0015429983272029807,0.008312275717443196,-0.008808821182736983,0.0001909422681654227,0.0015688443820789885,0.019484026391768477,-0.018547404693160494,0.014028275465979555,-0.007194255687550103
circ_chr17_35478075_35480195_SLFN12L,0.011724414281570228,-0.00339521445574132,0.0077519168380450745,0.296634621003694,-0.03816094313829521,0.00041788864250407283,0.013866226607056005,-0.0012792357332742626,-0.11794849400604013,0.0016514243830048488,0.016888079545239895,0.013882892654330745,0.005019806584691144
circ_chr17_39684597_39686019_PGAP3,0.13405517551366725,0.022274454244431984,-0.007473803556539284,0.016026524406079767,0.06611756336733524,-0.0035998593558533003,0.016599855985343505,-0.0174945403411681,-0.11373255393815304,0.015484613460753638,-0.009941911635577337,-0.011260259371205908,-0.00495259627563611
circ_chr17_39708321_39710481_ERBB2,-0.039425085780568254,2.2802966248694937e-05,-0.011181282996257196,-0.040664772027959345,0.07639930983702596,0.018531530268733953,-0.03356704275469352,0.03594628455086216,-0.08032877268260052,0.01557056937335343,0.02946383027084124,0.035815505637966615,0.016575976414119776
circ_chr17_39709813_39710481_ERBB2,-0.008517957427396628,-0.021116055378952277,-0.07724164140929789,0.040127893407732214,0.009561089601400745,-0.019819337219614062,-0.032418337141408085,-0.011226167339877831,-0.15249241689309248,-0.06159340499405688,-0.011401708898915964,-0.022020342619582887,0.0001877986084091246
circ_chr17_39709813_39715939_ERBB2,0.0018459332483118183,-0.004965072299419013,-0.012427094334875282,-0.010513597589746102,0.014123132559460731,-0.05125112440973804,-0.006965976146164146,-0.008954026301170526,-0.03748543070318275,0.022832662377788245,0.014246909085771321,-0.031497703730569475,0.007107740562331902
circ_chr17_40495987_40496520_TNS4,-0.0915025940235999,0.0037923577323116103,0.024358917730073423,-0.004898851396843043,0.03852539221373484,-0.24938550008623442,0.0767110511557788,0.24389933504954187,-0.13989025849557216,-0.020487863253478473,-0.029430822312485352,0.19660823869607946,-0.06011411277840443
circ_chr17_4066447_4072756_ZZEF1,0.020448297898736784,0.0005190118005055635,-0.012632738539590344,0.02972418846523285,0.029036347332575915,0.001647260495959297,-0.006169230099278022,-0.014984052593079087,-0.11062698103286184,-0.05614525534114502,-0.011959628360325632,-0.004096600107538878,-0.014168797924873189
circ_chr17_42498924_42501304_ATP6V0A1,0.023576266028073816,-0.012660324187741833,0.005002057311497819,0.02804349480310935,0.10096804716203381,0.029493567089295264,-0.016853382396126174,0.018701519918521006,-0.14380391065051418,-0.004913368021617456,-0.0006822711654870659,-0.045698790724420776,-0.01457411321574472
circ_chr17_42500707_42501304_ATP6V0A1,0.17387995712054194,0.009719879958574753,0.017834016050505566,-0.0139512328250006,0.006424925220323701,-0.0012961921438736793,0.004679372275967991,0.009958056424129436,-0.3357864425006717,0.07393911520973327,0.008098153560296407,0.014730774200194148,0.018892187383188125
circ_chr17_42727635_42730918_EZH1,0.015240245894809984,0.004390690229888767,-0.014335760481976866,0.11647787829281407,0.012543811362010996,-0.02244959475237752,0.007524248941357617,-0.026192779992246354,-0.010909937323058104,-0.00021664386139894182,-0.00692255890877725,0.0169014202731167,0.05354440523497185
circ_chr17_4282798_4296814_UBE2G1,-0.0007936502999117719,0.00030404225123509466,0.018133217716020313,0.04838580492643646,0.019303193563900718,0.049207232463743825,0.05072079938797808,-0.0649566637527561,-0.18585138587292796,-0.0237941763156027,-0.0346162907800005,0.22029015437652313,-0.0030720128965513772
circ_chr17_45237281_45239065_FMNL1,0.007107087189885433,0.007776221513285187,0.03291754692717131,0.0038736734994617725,-0.009061121108380643,0.002797526323616014,-0.012619668644796902,-0.010576290285408399,-0.007177884503139697,-0.006507367252999243,0.0005967326955618469,0.016062739523986305,-0.019482215319466555
circ_chr17_47361378_47379253_EFCAB13,-0.0026916643696810755,-0.0227630056948475,-0.025640764580480233,0.017443509328234266,0.024726540649163735,0.03689398751983532,0.009363276354953327,0.04778620903041675,-0.03699231037371162,0.011958801136490144,0.011073795190394814,0.07248180723869681,0.015820555409405294
circ_chr17_47370437_47379253_EFCAB13,0.034463641026860246,0.0040608262546621456,-4.249768667658866e-05,0.2868689138287392,0.03868827484320643,0.0052073328240508105,0.022118870122103916,-0.0004387876093708426,0.07770129503034691,-0.009579948205749214,0.005611089066392769,0.03217644462713802,0.005964539561237874
circ_chr17_47402132_47414919_EFCAB13,0.012243679260629236,0.09389794419080691,-0.03487778711164916,0.022035865088094974,0.02546869744331528,0.06301088546672448,0.020479625816442082,-0.029719516590691435,-0.1619391447083395,-0.007830603425220234,-0.01497120399150206,0.060760827003916495,-0.031878450553524174
circ_chr17_47618350_47619164_NPEPPS,0.007877888217797774,0.022226575879015116,0.0008069886461249252,-0.21009923952739973,0.034865902245019634,0.05065582559432976,0.03248758292415807,-0.06243461878763103,-0.5533185806102012,0.05009236140788674,0.016488432625167252,0.31091638884670486,0.0031257686000173146
circ_chr17_48032156_48033944_COPZ2,0.005310788964825728,0.06544000784002875,-0.030319697018795055,0.013094251863818589,-0.00922142482997378,0.0007119272269780368,0.01649731364202185,-0.053718053572344125,-0.04884332356481556,0.038621904687958744,-0.001941429361031216,0.014861075733649861,0.009735328579758552
circ_chr17_48112031_48113401_SNX11,0.013885488934011108,0.07805290143812543,-0.012282547389208328,0.008694468797833234,0.04189745682403572,0.04712325188947289,0.06304616820513521,0.049876246533216075,-0.2462079196072722,-0.007123312656567995,0.025902770249665023,-0.010053120031177682,-0.010149080763645851
circ_chr17_48848064_48851628_CALCOCO2,0.0038881312059927797,0.012915887143878394,0.010712008174809837,-0.015049915371493932,0.00987069520826677,-0.0034401565121107694,-0.013840176331731647,-0.021035811198104125,0.015531654977567722,-0.014509644391606716,-0.002118696953077193,0.0016092845628951245,0.0010436245463696422
circ_chr17_48849252_48851628_CALCOCO2,0.0019622379868721104,0.014884638707181147,0.011316957649083715,-0.00926170637442581,0.037545134847140234,-0.016360751709336933,-0.010733244117336706,-0.0236362652290689,0.013262413657140445,-0.012149317947194612,0.0024748515839080987,-0.0018450295146300124,0.02568367609783255
circ_chr17_48851559_48853012_CALCOCO2,0.0038097174405904402,0.013446805538277111,0.011061277538966944,-0.01491156169917012,0.012115954235810895,-0.00462395489416678,-0.013915002830335019,-0.02182484640776251,0.015741847469920214,-0.014664236278349705,-0.0017531782263209205,0.0013134493544074515,0.00310418573737526
circ_chr17_48852506_48853012_CALCOCO2,0.003808798028724494,0.013452140055728364,0.01106472115084376,-0.014909722451197352,0.012139900954371872,-0.004636436385878462,-0.01391546566640565,-0.021832728668562333,0.015743692119497145,-0.014665534366482255,-0.0017492701025561656,0.0013102987302097868,0.003126001132535123
circ_chr17_49311312_49312042_ZNF652,0.21194643615786463,0.019106294083376666,-0.008676247472656598,-0.032042952648792956,0.11253929837077241,-0.020214471115906497,0.18030634165487594,-0.03713320435561315,-0.5818269733095349,0.007155335035114778,0.00014476033580905425,0.21502381283985855,0.0016656143976514013
circ_chr17_49311312_49312845_ZNF652,0.09903873652343273,0.01797261017109533,-0.003304941585156035,0.030324707905576353,0.014470191193783358,0.02073604127563247,0.03496288989855013,-0.016091579978253723,-0.2577980003357158,0.013307663849896992,0.0037916531974482664,0.02053575854043016,-0.010104067147888857
circ_chr17_50741102_50741731_LUC7L3,0.0016846677819571858,0.0034994578613041383,-0.022264204413147283,0.02655488389278924,-0.056180587354758116,-0.008757594244306013,0.00972004326641869,-0.012550079392227208,-0.036058620006101605,0.017715877411401966,-0.00717157524329536,0.05943719126888001,0.0024183620594657685
circ_chr17_50970707_50987237_SPAG9,0.007107087189885426,0.007776221513285182,0.03291754692717132,0.003873673499461768,-0.009061121108380638,0.002797526323616013,-0.0126196686447969,-0.010576290285408393,-0.007177884503139693,-0.006507367252999241,0.0005967326955618486,0.016062739523986295,-0.019482215319466558
circ_chr17_51041501_51056482_SPAG9,0.03600984288873262,-0.01964713771039606,0.010440895171777662,-0.005654201812590196,0.033415851559619826,-0.0002119801606490343,0.004960752356490423,-0.0021792638568388597,0.06120353580000289,0.004322971337062531,-0.0061402491594722336,0.0016605623188135524,-0.00023356587518414125
circ_chr17_51201592_51203228_MBTD1,0.007858117607541891,0.03882356768805562,-0.007381665359381477,-0.01646881766419799,0.0007932890005768272,-0.00466589678680875,-0.006910039416781141,-0.006061593311552035,-0.12310916914505594,-0.015932929638727868,-7.207478390762985e-05,-0.0013746914123944855,0.005551432949013043
circ_chr17_51201592_51203925_MBTD1,0.02685864449208326,-0.008806218976135205,0.006199030023544602,0.012033755895077693,-0.00038544823492538523,-0.003469427945284289,0.018673645232377415,-0.009943205831759533,-0.021232153342105684,0.0016463528873469691,-0.007251472822211041,-0.009097864227628883,0.01677150795567004
circ_chr17_51217334_51225209_MBTD1,0.007605343900214157,-0.044483365969028694,0.0025860919130641607,-0.06319595078007481,0.01578127582968352,4.424431842591399e-05,0.02839449043396452,0.013153288513229848,0.09994980267871985,0.00896475945185926,0.005115155132258184,-0.03247303143155549,0.0060329061641904045
circ_chr17_51263274_51268904_UTP18,0.11461029224282861,0.021646216695069498,-0.06753189860367198,-0.06446446228232998,0.0007587908336095772,-0.011367010237223715,0.061709265271584185,-0.06611262576813143,-0.7547760308095354,0.034432460468830986,-0.003991467804495369,0.08913127315625245,0.026152316603811086
circ_chr17_54938924_54947312_TOM1L1,0.004255314797346062,0.011224263021341167,0.005001830746724858,-0.011779641637689301,0.0008648174083511255,0.006150939405421458,-0.009204847481232384,-0.00582012530126974,-0.008362476689905167,-0.00042023910217674123,-0.0013379736462466032,0.021848573477353313,-0.0007654535173723801
circ_chr17_55031168_55047154_STXBP4,0.06994423575715757,-0.03995450588398399,0.002118343461549926,0.004150856464774098,0.02063771931227536,-0.0018785443633899288,0.016593380427245993,-0.010509215383090114,-0.04179743580497277,0.007170114917331216,-0.005311290222204359,0.015831856411555698,0.01324226414549202
circ_chr17_55401469_55403868_MMD,0.013976448099334737,0.01099032776870462,-0.010851766021085812,0.1432958642409303,0.06273466992896168,0.006663440880147809,0.018979832196890648,-0.0012197932702679047,-0.00707061958646705,-0.028633865170348754,0.003959777371394038,0.01632954005415283,0.006999572227031271
circ_chr17_56844019_56845809_DGKE,0.011724414281570228,-0.00339521445574132,0.0077519168380450745,0.296634621003694,-0.03816094313829521,0.00041788864250407283,0.013866226607056005,-0.0012792357332742626,-0.11794849400604013,0.0016514243830048488,0.016888079545239895,0.013882892654330745,0.005019806584691144
circ_chr17_56848696_56856625_DGKE,0.08067211659115285,-0.033767295360441124,0.005928269488916112,0.07396940328842228,-0.0010964889735158416,-0.007069587033214,0.01149945493565811,-0.011748890511834097,-0.13838816261243558,0.020258977768580436,0.011472391852274534,0.0539280664254325,0.007586624468263852
circ_chr17_56901419_56904488_TRIM25,0.007107087189885427,0.007776221513285182,0.03291754692717132,0.0038736734994617695,-0.009061121108380638,0.0027975263236160136,-0.012619668644796906,-0.010576290285408393,-0.007177884503139698,-0.006507367252999241,0.0005967326955618486,0.0160627395239863,-0.019482215319466565
circ_chr17_59353215_59353526_YPEL2,0.2416312974717803,0.07430531265586308,-0.0064224837334930784,-0.11832446196364625,0.14847539438968013,0.020361910549864134,-0.07330186664156375,0.004979737285724935,-0.4917682280115333,0.08875648337058968,0.009226740802135895,0.008066498365786337,0.13246009917946475
circ_chr17_59731421_59738947_VMP1,0.021683845441347792,0.0306062609045268,0.035080722906735085,-0.09080682291575914,0.08300491187492512,-0.028042989964494006,0.07068653618419378,-0.0030186870811550882,-0.6078707857442716,0.047062251935903306,0.0268569970754157,0.11068280070587563,0.013510923713081102
circ_chr17_59731421_59773885_VMP1,-0.02986766474002113,0.015381107225764471,-0.007324941617920041,-0.04884164972675305,0.01981573981457953,-0.0076988387869371885,-0.008267254346490848,0.0023116291524643666,-0.05607928308867184,-0.028359092781399257,0.002405707571892997,-0.00944170608699136,0.03699941973827752
circ_chr17_59737453_59817773_VMP1,0.00975524051843097,-0.0031611996660182895,0.009688566316005363,-0.027593996970349734,0.005371465871708723,0.012023330289757796,0.03436065780605006,0.0321341102701992,-0.03613343745445796,0.0003706202823481695,0.011136621166044075,0.12883548616516585,0.04173711541540789
circ_chr17_59764971_59773885_VMP1,0.0077398872046104015,6.965391755627782e-05,-0.004983212884651067,-0.01405763395558336,0.0042799334689502975,0.046904779620769894,0.03564378110727761,0.03292372622783234,-0.019573899333234026,-0.02281528806335937,0.030016777466752433,0.2407343870564027,0.008069149070204427
circ_chr17_59935193_59940943_RPS6KB1,-0.004242378894305589,0.0007322562663087565,0.0207851111854232,-0.007939220947046445,0.039728794451349775,0.010848875702048061,0.004224552685548863,0.033793388828541084,-0.046663489866494004,-0.030473319890296478,0.019350544867623175,0.016733858811457527,-0.0006906199558032249
circ_chr17_59936215_59936541_RPS6KB1,0.011566554283267107,0.026431350771609147,-0.0022744870898349077,-0.006896644239422085,-0.003826455750021104,0.004935912940024037,0.05273631937270997,-0.007587168440289418,0.00011797431342045703,0.01997946080097786,-0.0012186967768857925,-0.0225512537847626,0.0201716457474414
circ_chr17_60265412_60294801_USP32,-0.004706361418946961,-0.01092918291765002,-0.09562257819533901,-0.004698928381485458,-0.010885658232249186,0.0009948157298465658,0.024331163163445326,-0.03456217829796105,-0.038916734352405204,-0.006841402635031058,-0.022114512933007233,0.08861862436822035,-0.002476542265892872
circ_chr17_60460663_60462061_APPBP2,0.03296542664410691,-0.004542209339519441,0.005248655669732963,-0.022750627167502348,-0.0018424263210108048,0.028693219712166085,0.0640917875238999,-0.007114585096279479,-0.017522422173579594,0.02892374303053356,0.0335864085506841,0.0019099025001179644,0.0011513842527231127
circ_chr17_60633853_60648082_PPM1D,-0.008517957427396628,-0.021116055378952277,-0.07724164140929789,0.040127893407732214,0.009561089601400745,-0.019819337219614062,-0.032418337141408085,-0.011226167339877831,-0.15249241689309248,-0.06159340499405688,-0.011401708898915964,-0.022020342619582887,0.0001877986084091246
circ_chr17_61919400_61925099_INTS2,-0.0018271803854223224,0.06706935866677735,-0.004552177993469316,-0.02673487114315449,0.0024699724296291885,0.005346446725816147,0.024112679612650855,0.019781602845132723,-0.025324114678312346,0.046985821187163976,-0.02308402107201396,0.003629743391913868,0.019829381029841272
circ_chr17_61921725_61925099_INTS2,0.021327247040290133,0.024442764815043663,-0.023293235012723408,-0.06794159462570715,-0.02123203904730092,0.012456642519336265,0.0020296926021405055,0.009319620432921585,-0.2559879340588825,-0.03947433364000463,-0.0373799280932176,0.005909833102122353,-0.003025180600614822
circ_chr17_61984171_61985090_MED13,0.07154212123977957,-0.001967435205473236,-0.00815917028522647,0.2433243063355473,-0.0266939892277823,0.003943636066201635,0.025455615802354104,-0.006656013953827697,-0.5167778158055297,-0.002374104399685664,0.009578871459408556,0.02190921949111558,0.013379117213596256
circ_chr17_62010550_62063301_MED13,0.007890967925995607,0.04346939740693237,-0.010697805175352034,-0.003355338604796412,-0.016920272645091654,-0.009443482019992193,-0.011542371234381952,-0.011042859043757406,-0.10910085910253979,-0.041171707134110634,0.003998943588370317,-0.012112515086793039,0.035046801057486074
circ_chr17_62029541_62035608_MED13,-0.018286281889698122,0.007835276476947192,-0.12836977070846728,-0.004898075842079983,0.0009213163624133535,-0.00887190858102118,0.025436776288908586,-0.06448370323305881,0.025155734915510118,-0.020904090297843105,-0.044075134257638676,0.09955251140064407,0.0036961297300452307
circ_chr17_62033787_62035608_MED13,0.03435320506877932,0.024994993770772134,-0.031028265141416416,0.12973976608663992,0.013487950572224948,-0.0012560390753455339,0.019900878303104816,-0.00884228746654883,-0.2884205499798751,0.00931517243033631,-0.029720859435776906,-0.009606834569899735,0.03156548651227761
circ_chr17_64171100_64188415_TEX2,0.01281575991738759,-0.018183580615705876,-0.00026226610264170773,-0.01911756448242093,0.027104440524773753,-0.004545297911634409,-0.004716657641885449,-0.007824607618025392,-0.023092227283294988,-0.012182744991495431,-0.007715351680306607,0.0027198329622266618,0.019099359463984084
circ_chr17_64348260_64353518_PECAM1,0.025301321452607595,0.007869560296573687,-0.004916658254468443,0.009575101423625079,-0.018054402083005527,-0.0041034570945504565,-0.0012706684806101038,0.019978374419384073,-0.05791786980442746,0.015005447908732697,0.0005146393965427784,0.02547013787289365,0.009878156213785329
circ_chr17_64519321_64526200_CEP95,0.02655287777271952,0.007422375928967895,-0.0006342103916486527,0.023243038648674018,-0.015547395649199736,-0.02612567722606199,0.03658051132158729,-0.05831182413042037,-0.022393686895323787,0.007996926373805882,-0.02267151852242298,-0.008346171720024035,0.03687908955155251
circ_chr17_64583461_64586170_SMURF2,0.02176406603851956,0.0054097029384403295,6.881490679906523e-05,0.02904466977808344,0.056694925678730725,0.012289624826545165,0.01734431142493481,-0.0052065787902777945,-0.009608210222143695,-0.011750915622825302,0.0004770621242136798,-0.0071817119798024,-0.01930433881826479
circ_chr17_64821767_64822393_PLEKHM1P1,-0.013733983575145556,0.011201306434960145,0.028510091989273803,0.00223732999555266,0.0877738608591557,0.018209554537215046,0.009709771690546305,0.0070308052444795046,-0.22282752839212422,-0.026278264704916888,-0.009079173092039913,-0.02441643663716905,0.02621454054427949
circ_chr17_65743068_65750724_CEP112,0.01010604902934694,0.1204244004326369,-0.023640106517686863,-0.11921447427360878,0.014710351863179096,0.003251802254602125,-0.015346618144966857,-0.00011987930758320201,-0.04056053373832898,-0.0097443943689885,0.007988612968081083,0.02436982112616104,0.007126435257138078
circ_chr17_66027501_66030023_CEP112,-0.015955360845315746,0.018422990142937988,-0.07836029330100747,-0.011395791950671025,0.0023715909278268846,-0.08706485834511535,-0.023113783109710895,-0.07520241717337413,-0.037308065893802346,0.030443565965916096,-0.025291008123283883,-0.1866501585961109,0.016624294547298073
circ_chr17_67532802_67578257_PITPNC1,-0.01581280487158208,0.009299107776700203,0.04738707501626171,0.009048921762700245,0.026984240990107752,0.009256299097292189,0.0077436817043401995,-0.020805736385953573,0.007355088471878658,-0.0717595624893916,0.02131989042694041,0.04525655925374209,0.07223994579775447
circ_chr17_67891844_67894165_BPTF,0.034463641026860246,0.0040608262546621456,-4.249768667658866e-05,0.2868689138287392,0.03868827484320643,0.0052073328240508105,0.022118870122103916,-0.0004387876093708426,0.07770129503034691,-0.009579948205749214,0.005611089066392769,0.03217644462713802,0.005964539561237874
circ_chr17_67928355_67929487_BPTF,-0.012046507830195672,0.01185479850050661,-0.14809126061527925,0.010739812299012873,-0.015145821553740483,0.010956872103543796,0.029009493959725925,-0.009923934687836011,0.004837436912085149,-0.01765744981363623,-0.014422907527532048,0.04550067793529813,0.003836091938080952
circ_chr17_67945409_67948306_BPTF,0.01985208857997838,-0.007956776957116895,-0.008824000393884934,0.18413415798145605,0.0931201148318909,0.02296150768283313,0.0029213088433099155,0.007414925724966759,0.031183846546042907,0.001980599648349096,0.013904973490715894,0.08427166169483084,-0.01198891335900563
circ_chr17_67945409_67975958_BPTF,0.1642120219420375,-0.0022505796260160324,-0.15018272616782277,-0.06055427707508852,0.0134844637550281,0.07928938073148128,0.02263613851247177,-0.05923247779721966,-0.23157932238019482,-0.007015068740025187,0.01755216634496121,0.06858140368229738,-0.03282653581895956
circ_chr17_69155019_69155925_ABCA10,0.03916599540625079,0.00952937255711424,-0.007368647881130293,0.018184832395190424,-0.028815625988039138,0.011736332089737395,0.00024355287484420222,0.015576652194654825,0.002989743968597729,0.015228526140541111,-0.002145805547542657,-0.02648820352239965,-0.026123274893906267
circ_chr17_73235476_73236995_C17orf80,0.01281575991738759,-0.018183580615705876,-0.00026226610264170773,-0.01911756448242093,0.027104440524773753,-0.004545297911634409,-0.004716657641885449,-0.007824607618025392,-0.023092227283294988,-0.012182744991495431,-0.007715351680306607,0.0027198329622266618,0.019099359463984084
circ_chr17_7499039_7499491_POLR2A,0.0015438230956062071,-0.015149765965049092,0.0006161448809155282,0.010293953960449787,0.020911474738423336,0.008914211625122691,0.019030749017037874,-0.05085185055142812,-0.10803073396690883,0.0035628641523922726,-0.05921965585996415,0.04959920447923044,0.05592689266998297
circ_chr17_75242336_75243570_GGA3,0.024891975033778713,-0.014311434228616377,0.012966172320561818,0.0760969538413208,-0.013127681290321156,0.011992906983566526,0.03821625739200242,0.01328146818838857,-0.34146518995384667,0.005880303478610657,-0.011864345912546214,0.0037525230996380272,0.029342018325271987
circ_chr17_76312870_76313891_PRPSAP1,0.0066310659749182505,0.036444024318639266,0.005998151760512347,0.017683995844292852,0.005172165973265478,0.006551942163216772,0.008375407241005469,0.0030705757594107113,-0.16587701167335814,-0.0034118112971058575,0.0045478803376719145,-0.0160710446220393,0.007067150361650494
circ_chr17_77402059_77402703_SEPT9,-0.033688088894660836,0.03006464776906941,0.02350434309498739,-0.027446180989988498,0.05062089277453831,-0.002269248002050224,-0.007303908282406115,0.0018798733005805088,-0.041187341329038576,-0.05366191430696775,0.00972927532204296,-0.005601423941258546,0.05695386715807721
circ_chr17_79077430_79077864_ENGASE,0.04534058049959187,-0.011992217406507848,-0.015459743347606286,-0.051284871687431205,0.031116770612941835,-0.00048099492321068346,-0.005132132707182913,-0.015483391903343425,-0.5157401516146451,0.012343888972693905,0.055363817460725724,-0.03956659530705853,0.04218550977252958
circ_chr17_7945728_7945986_CNTROB,0.02106729133931947,0.03273618436544056,0.05522439753423003,0.013129715680894286,0.01644728036258109,0.00830498948308674,-0.0022654054712398113,0.0025435826314507966,-0.3384904569958446,-0.0016250112025530384,-0.01687972140954855,-0.020367203926572295,-0.0005472541066126455
circ_chr17_80048583_80050283_CCDC40,-0.00653457881608086,0.02560808983772566,-0.004547862453293818,-0.013475250428400752,-0.013616922576938133,0.026157348733093777,0.00714214886562327,0.03650449446102262,0.00020274130597667733,0.06769044364987094,0.010057145974406547,-0.10924369128471058,0.010949968005417587
circ_chr17_81693654_81694853_HGS,-0.04734747154980096,-0.0034833828404891,-0.012539103699398159,-0.0005085591358809756,0.024245876399648925,-0.3192752124789797,0.0683228672850306,0.23636293247619372,-0.010792741823576483,0.04564420625960621,-0.03364451390576339,0.34433254991986556,-0.0649397425370431
circ_chr17_81855142_81855586_P4HB,0.0238395463068636,-0.019845394728969946,0.05043332050747064,0.241333453928665,-0.0037939921210113493,0.006791428557985296,0.033314210868911544,0.004736927278098094,-0.2273524938316478,-0.011107060893162175,-0.007574346017031863,0.01763355906693119,0.0330285325428638
circ_chr17_8238031_8238629_CTC1,0.012773036540365814,-3.7137803751063474e-05,-0.0034989877829900346,0.02282065673173109,0.04238288099625907,-0.007603498757321959,-0.009232414207440153,-0.010774404904803808,0.0689094359418364,0.003226526970905089,-0.001978345511525947,0.01628112859915231,0.014549000706035275
circ_chr17_82563354_82568201_FOXK2,0.006080473345373807,0.02660507866973157,0.10159537298549232,0.039479962343372345,0.020805768122495176,0.04743946042648271,0.0274846300332696,-0.01474375103156441,-0.1847615403819853,0.011273481451113836,0.049100197561509976,0.014945566437731124,0.0018936427393919386
circ_chr17_82763965_82781721_TBCD,0.003539953981006914,0.0188493864269758,0.01582606743407797,0.00012360939430902464,0.061807899497230256,0.009434478563851044,-0.003289119017619759,0.0005280098088108912,-0.14503362415803203,-0.02157058851053207,-0.009894831026964524,-0.025427785770481316,0.006799754658349183
circ_chr17_82884145_82903478_TBCD,-0.016754877589657505,-0.009843087307500765,-0.01123523644709178,0.04360359895028906,-0.01684465283302825,0.06400742350975751,-0.01008737232526156,0.01723364753528256,-0.0010586176669138184,-0.004735093592995989,-0.06827463509148754,0.02293507967177785,-0.056430550514509965
circ_chr17_82884145_82911789_TBCD,-0.018286281889698122,0.007835276476947192,-0.12836977070846728,-0.004898075842079983,0.0009213163624133535,-0.00887190858102118,0.025436776288908586,-0.06448370323305881,0.025155734915510118,-0.020904090297843105,-0.044075134257638676,0.09955251140064407,0.0036961297300452307
circ_chr17_82900651_82911789_TBCD,-0.0026535719891944555,-0.005609684057770427,-0.018683038330256762,-0.019885735734963387,0.013017014462301085,0.02216657646514319,0.035468421750959024,-0.00501195952978603,-0.2311946323352879,0.027003164362658538,0.033542649627703355,0.019971114756924615,0.009645765751419913
circ_chr17_83035035_83048785_B3GNTL1,0.007107087189885426,0.007776221513285182,0.03291754692717132,0.003873673499461768,-0.009061121108380638,0.002797526323616013,-0.0126196686447969,-0.010576290285408393,-0.007177884503139693,-0.006507367252999241,0.0005967326955618486,0.016062739523986295,-0.019482215319466558
circ_chr17_9940126_9946983_GAS7,-0.018945684410284214,-0.030523200730422907,-0.09148508709891835,0.004209236854013095,0.0757113929055148,-0.10787956438709079,-0.011531574504372063,-0.09429144448026393,-0.06608630686862148,0.09104748520707442,-0.025425439474723095,-0.13034503059569924,0.005013790737806972
circ_chr18_10534466_10550254_NAPG,0.007107087189885427,0.007776221513285182,0.03291754692717132,0.0038736734994617695,-0.009061121108380638,0.0027975263236160136,-0.012619668644796906,-0.010576290285408393,-0.007177884503139698,-0.006507367252999241,0.0005967326955618486,0.0160627395239863,-0.019482215319466565
circ_chr18_12370849_12371691_AFG3L2,0.007107087189885427,0.007776221513285182,0.03291754692717132,0.0038736734994617695,-0.009061121108380638,0.0027975263236160136,-0.012619668644796906,-0.010576290285408393,-0.007177884503139698,-0.006507367252999241,0.0005967326955618486,0.0160627395239863,-0.019482215319466565
circ_chr18_12971153_12984190_SEH1L,-0.014807207375904023,-0.001886071415971459,0.07090172543362683,0.11040830484465061,-0.02557673205559252,-0.0025468260634192302,-0.00028782061673672483,-0.0026527157630154056,-0.00252398483271622,0.02374812331754539,0.001671027538053155,-0.009696100643421872,-0.00481255330996398
circ_chr18_12999421_13019206_CEP192,0.14629413970445565,-0.01072221228160561,-0.03687667813820901,-0.03264936580225624,0.027982455176150826,-0.04192219803278919,0.01437991005382782,-0.02571752051392823,-0.41164653481420715,0.013129076018746843,0.018314550437401187,0.019539274865862464,0.01143400833862151
circ_chr18_12999421_13030608_CEP192,0.049393055129361686,0.007439830503230652,-0.04670021812838624,-0.26438541034093516,-0.028122174872608156,0.019433343089289384,0.08295506716643249,-0.050276842692687444,-0.7210003927290994,0.00781432705054964,0.029504697112223543,-0.02881196771553697,0.008316003186946638
circ_chr18_12999421_13042334_CEP192,-0.00579120287961304,0.10024556490562664,-0.013518403459383177,-0.032267734849604615,-0.004087709986430276,0.012409073359522235,0.05752597066725092,0.0005673843972769518,0.026369562728971466,0.03401173208207288,0.006668518028496687,-0.031027296374235052,0.009560395836756429
circ_chr18_13048859_13059312_CEP192,0.019623534061631618,-0.02020129652111292,0.028429077553972126,-0.04193923552848186,0.0065405478384221866,0.003184815764928641,0.012315343994470837,-0.009161311265497768,-0.02714914492113382,-0.00630427987476165,-0.01953756177284793,0.022133984129047272,0.0034863365157029136
circ_chr18_13666479_13682105_FAM210A,0.0075045232333387805,-0.028807565487248107,-0.0106072070507927,-0.0019065738908981768,-0.016091790360303643,0.010306265408766765,0.008663643431984367,0.0033734278768794406,-0.14593772765315943,0.009079123818615734,0.004329501572198119,0.022229168938038855,-0.0065026961296923095
circ_chr18_13681605_13682105_FAM210A,0.004588006050202367,-0.0025558264839296184,-0.0074881768262271674,-0.000687431384731842,0.0010264155213937606,0.011869680684439948,0.016829650541679515,0.0009569903656914632,-0.219002182843458,-0.004840299037850068,-0.016098851398239918,0.03503843197268957,-0.02657142070460193
circ_chr18_196637_204692_USP14,0.004649004067288175,-0.024193471091021487,-0.03733215999209193,0.040616508530003474,0.0073889859247346645,-0.016690218339747293,-0.010264591256966478,-0.015881115814208334,-0.1358660082849139,-0.040253044075338036,-0.012853142050664162,-0.023131675763993265,0.010163897079075284
circ_chr18_21006351_21023680_ROCK1,-0.006534578816080857,0.025608089837725664,-0.004547862453293817,-0.013475250428400745,-0.01361692257693813,0.026157348733093784,0.0071421488656232684,0.03650449446102263,0.0002027413059766772,0.06769044364987095,0.010057145974406545,-0.10924369128471058,0.010949968005417586
circ_chr18_21366027_21403994_GREB1L,-0.04400742517237688,0.012894988413510583,-0.12875590231662778,-0.02044749370879618,-4.783501690458582e-05,-0.012299460623955167,0.010879140816044049,-0.034332009993940406,-0.023168572067610804,-0.03909325271112765,-0.027077720969520075,0.0763243579719028,0.027159449938374665
circ_chr18_21564203_21568094_ESCO1,0.009235163088438574,-0.0010308412440595564,0.005651838752168505,0.25447155670653704,-0.04156852017879805,0.006639156221455834,0.01829618321601648,0.008588293636454308,-0.10295516076764788,0.013790678408196614,0.023264856772763833,0.015739062721750047,0.01410700415950846
circ_chr18_21656861_21659343_ABHD3,0.02685864449208326,-0.008806218976135205,0.006199030023544602,0.012033755895077693,-0.00038544823492538523,-0.003469427945284289,0.018673645232377415,-0.009943205831759533,-0.021232153342105684,0.0016463528873469691,-0.007251472822211041,-0.009097864227628883,0.01677150795567004
circ_chr18_21765772_21779685_MIB1,0.10204174433852611,-0.011768926733765953,-0.1530278801157594,-0.006419601909540242,0.09917608830852646,0.08059962656734401,-0.060367270067046855,-0.12545413004619851,-0.7004308703224683,0.04717503309497631,0.01368986818943546,0.07371174234714208,0.0031800111014344047
circ_chr18_21765772_21819646_MIB1,-0.05464986077914574,-0.033610588968925756,-0.07090090836260683,0.012380249360093902,0.054978582043400344,0.05158764834664785,-0.014609152739449932,0.04483734102338606,-0.033087920202972194,-0.0008762588596265818,-0.0013333300144480426,-0.029838376080180227,0.029333359652581822
circ_chr18_22989221_23001729_RBBP8,-0.01668433769137101,0.06377329390294859,-0.04136922156506632,-0.021043693184803636,-0.021320666639315575,0.009525709367473245,0.022460398064527928,0.0013415181905376116,-0.1135292325254685,0.004463789846536618,-0.02020750287786744,0.0030218959787015887,0.0010564466485915999
circ_chr18_22990937_22996462_RBBP8,0.004246176905138712,0.008529642412347722,0.010882073240225094,-0.002558614416011146,-0.0015429983272029807,0.008312275717443196,-0.008808821182736983,0.0001909422681654227,0.0015688443820789885,0.019484026391768477,-0.018547404693160494,0.014028275465979555,-0.007194255687550103
circ_chr18_22990937_23001729_RBBP8,-0.006534578816080857,0.025608089837725664,-0.004547862453293817,-0.013475250428400745,-0.01361692257693813,0.026157348733093784,0.0071421488656232684,0.03650449446102263,0.0002027413059766772,0.06769044364987095,0.010057145974406545,-0.10924369128471058,0.010949968005417586
circ_chr18_23001586_23006432_RBBP8,-0.00653457881608086,0.02560808983772566,-0.004547862453293818,-0.013475250428400752,-0.013616922576938133,0.026157348733093777,0.00714214886562327,0.03650449446102262,0.00020274130597667733,0.06769044364987094,0.010057145974406547,-0.10924369128471058,0.010949968005417587
circ_chr18_24064140_24069271_TTC39C,0.1959997184457057,0.006110584616486058,0.005231449411339977,0.12720843789307237,0.0052142220211947084,0.03590891717865038,0.020763890713103444,0.007855176649113508,-0.7355526362097928,0.14201004862946562,0.001550345819661262,0.02424743014051923,0.01193117137867799
circ_chr18_24064140_24083081_TTC39C,0.13052106505892536,-0.013437554505344682,-0.06447861468408358,-0.019328954345109204,-0.014757143295840294,0.0005193692661260923,0.00820724688652302,-0.03476093834764706,-0.7056989592955919,-0.00435499273690963,-0.006885733642977057,0.05613973594746293,0.022992115023696667
circ_chr18_24239220_24239382_OSBPL1A,0.014194714302185992,-0.013005714662497808,-0.02179267387848579,-0.0072799545644364316,-0.021047087351882442,0.006690161302560708,0.002977635622861873,0.02038383569259909,0.009370626961251726,0.002413458615367361,0.011340849066275546,-0.015929049507930136,-0.015577665229904114
circ_chr18_2795949_2796521_SMCHD1,0.0029809313680418904,0.0006057734892765978,-0.021290146869932094,0.09570270615988605,-0.0002232620610544591,0.04298207394561559,-0.005662921046632363,0.0208447735060931,-0.04407267698763297,0.005713582321958405,-0.016199745204101307,0.03736092683754805,-0.03365277090931903
circ_chr18_2890561_2892486_EMILIN2,0.018372547574245744,0.06736655836809424,0.1300935219583979,0.058753385385091644,-0.000910698733941672,-0.004371856095639007,0.010310037896765179,-0.13779351024523034,-0.49093107725520263,-0.031647698796007685,-0.007154306733499123,-0.013313903961839178,0.030496568806038966
circ_chr18_31638644_31666372_B4GALT6,-0.023929908906559192,-0.016698886226079877,-0.06127877471069321,-0.01930151177766224,0.012072607716248103,0.027395804579037973,0.010771604531534706,-0.031922892740295576,-0.0341414042547214,-0.014201902786737677,-0.09267804088473404,0.09002562251297103,-0.0027922118418584048
circ_chr18_31832084_31839457_TRAPPC8,0.009742622777797586,-0.007053700671284214,0.003770336720314658,0.0175752867612076,-0.017199022295667752,0.016004370859999135,0.020712296500737533,-0.00967989282772141,-0.23230930430778213,-8.929314210765136e-05,0.008942014666269392,0.03939116641230385,-0.009518709393529584
circ_chr18_32111754_32113860_RNF138,0.03834458606914333,0.008405409970724458,0.010887129228203108,0.26475305698634344,0.042346404655959666,0.01071499419646434,0.004508816223559342,-0.025819034484394546,-0.5225113232220956,-0.004477721149832274,0.0010088674724178276,0.01089833678044683,0.012519098456716681
circ_chr18_36026900_36033837_RPRD1A,0.000875049161106774,0.007330505403219955,-0.09065687534379537,0.00965957738032426,-0.034826962667022204,-0.0030849506650637653,0.00695974612394547,-0.0005038868819074611,-0.5480950742842092,-0.08322767439830167,0.0005666154738174292,0.10195742131364223,0.034335009743425564
circ_chr18_36141137_36160015_ELP2,-0.026040964916946515,-0.034649458903154295,-0.12115506468704974,0.01071371292281284,0.07376741940488665,-0.2201189823770053,-0.0273069236832922,-0.2685425278886138,-0.13796780217717716,0.15664049770108887,-0.01184152488837649,-0.4209713105978359,0.003636801867175085
circ_chr18_42027443_42049605_PIK3C3,0.08002116600283202,-0.010879055541004311,0.002142093372817326,-0.006525367241625393,0.010744074610579076,-0.012343057690146902,0.00945541907689779,-0.030107609358189447,-0.28681622503982984,0.02466313298550872,0.01288970416358877,-0.030784425925422482,0.02695221774423606
circ_chr18_42043733_42049605_PIK3C3,0.002338016620158006,-0.002423576412201892,-0.021978404074832508,-0.03879499476600626,-0.025984568023334986,-0.015541826360146751,-0.007788293752765563,0.008203145241108583,-0.2051415354645418,-0.018145488788577226,-0.005582823325415913,0.00030145220160048973,0.02162324708056146
circ_chr18_44701175_44701832_SETBP1,0.04636696950955666,-0.0441273476771756,0.002627177553996424,0.07972524292835936,-0.018401988006304566,0.0007254258112728925,0.012887363590090921,0.020210759844522558,-0.12264800820107122,0.007600390252699323,0.010745123227884469,-0.04209339600053715,0.015575447922885894
circ_chr18_44701175_44869283_SETBP1,0.03831482845278899,0.0033268109966518955,-0.0199268895500766,0.01625975226035486,-0.03596679547820238,0.0014746247988259085,0.002676848392952611,-0.01576415469973607,-0.007058258146185121,0.0004571985596488014,-0.008176918738225495,-0.01953572264734275,-0.0038792829198747232
circ_chr18_44949881_44953340_SETBP1,0.12279069166089657,-0.052553597239851785,-0.04209858233854912,-0.004291088819781222,0.03495700813938532,-0.029993720756109746,0.017327900966266078,-0.05958936206699672,0.007256741926143594,0.030702318402880423,-0.009439051510009516,1.0546896673147728e-05,0.0035513203189920964
circ_chr18_46890580_46903635_PIAS2,0.1504706398641359,-0.032018278055591355,-0.034277710876277706,-0.0043965735573149615,0.09682387442748201,0.025936492350026947,0.026410242296661904,0.006541177787398345,-0.4780117191507615,0.002488745504955552,0.022906431290190942,0.017015658050792252,0.02740071015797108
circ_chr18_46946057_46946923_KATNAL2,0.04975196803614198,-0.008603021025045298,-0.02177403846368763,-0.003918084191401906,-0.012106584804898813,-0.010963545097627302,-0.017929778003716413,0.0016519904740250212,-0.3307957132072224,-0.025569539262785088,-0.027938470688551015,0.005512629194001973,0.014342088643082
circ_chr18_47865059_47870564_SMAD2,0.027839594918897145,-0.023387433932127735,0.01387582366806154,-0.04493262648067498,-0.005545702713776939,-0.0067372450109611575,0.0036951358541930427,-0.0025238487842420823,-0.058752166642214144,-0.004129540395212007,-0.01389767191593852,0.019918466860918808,0.004032883586007112
circ_chr18_47865059_47896809_SMAD2,0.01670192011891068,0.004933327917833955,0.009039617648341087,-0.01807542752005887,0.05248801015165539,-0.0018326466558511996,0.03210821998266351,-0.06580822134156541,-0.6070173892519014,-0.020160668668545885,0.0071905413606567015,-0.08104297440135749,0.04091995346387349
circ_chr18_49331864_49379758_DYM,0.0028117492870789484,0.08657263298197766,-0.04520574012102372,-0.01772860450196127,-0.015289637721187363,0.0079789752224056,0.009588303567901644,0.01707437622488878,-0.25107799270874137,-0.01759719915365214,0.005061680993411755,0.056634145311545175,0.019149258994000887
circ_chr18_49363161_49379758_DYM,0.01438084087313578,-0.019739328375369344,0.037553665286165085,-0.07460217590079439,-0.0032652595685518176,0.0027278953276636234,0.019697531893307394,-0.010212922590717221,-0.37291953272037,0.04600653428211449,0.030376771634082388,0.016073498564616276,0.014086400920294865
circ_chr18_50918110_50932360_ME2,-0.008517957427396633,-0.021116055378952284,-0.07724164140929789,0.040127893407732214,0.00956108960140075,-0.019819337219614062,-0.032418337141408085,-0.011226167339877835,-0.1524924168930925,-0.061593404994056904,-0.011401708898915971,-0.022020342619582887,0.00018779860840912232
circ_chr18_51058125_51059916_SMAD4,0.02685864449208326,-0.008806218976135205,0.006199030023544602,0.012033755895077693,-0.00038544823492538523,-0.003469427945284289,0.018673645232377415,-0.009943205831759533,-0.021232153342105684,0.0016463528873469691,-0.007251472822211041,-0.009097864227628883,0.01677150795567004
circ_chr18_54159765_54205157_MBD2,-0.004242378894305589,0.0007322562663087565,0.0207851111854232,-0.007939220947046445,0.039728794451349775,0.010848875702048061,0.004224552685548863,0.033793388828541084,-0.046663489866494004,-0.030473319890296478,0.019350544867623175,0.016733858811457527,-0.0006906199558032249
circ_chr18_54271360_54274090_POLI,0.04863024158025869,0.005351574016318269,0.047918908784294605,0.045943747146393064,-0.013493855313923013,0.007340673512512678,-0.01268890552014752,0.013661187970256426,-0.19787338092519566,0.01110077671686599,0.023790246335579756,-0.013360943192001274,-0.02782062234733918
circ_chr18_54271360_54277855_POLI,0.014194714302185992,-0.013005714662497808,-0.02179267387848579,-0.0072799545644364316,-0.021047087351882442,0.006690161302560708,0.002977635622861873,0.02038383569259909,0.009370626961251726,0.002413458615367361,0.011340849066275546,-0.015929049507930136,-0.015577665229904114
circ_chr18_54271360_54284013_POLI,0.0047255036040532656,0.14541329326188324,-0.08438954237983019,-0.03414667654860795,-0.02824021747226815,-0.008403903088388025,-0.0055066859787790065,-0.01955248460171531,-0.07396687907192136,-0.04740692974581351,0.0024261364346025117,0.01730336643060674,-0.01804863435887064
circ_chr18_54277703_54287411_POLI,0.11461810010654473,-0.007726061749993995,-0.005474375357006152,-0.03802671032949145,0.00702773308314247,-0.010311547365644262,0.041063154031897836,-0.023937708126832623,-0.2625619517395836,0.0322962617248994,0.02959149758934473,0.011732127059859754,-0.008664670597583576
circ_chr18_56756583_56758953_WDR7,0.03671866708032821,0.07773691580094805,-0.030741156295570844,-0.05768668142038316,-0.027473182401616694,-0.005344909613453089,0.012630367057883023,-0.053841623876278416,-0.01041553894508743,0.02121842891935316,-0.009045485271580849,0.006609271808399521,0.0102693364770927
circ_chr18_56758865_56781656_WDR7,0.027383889975926553,0.01057717209474524,0.020608356157044913,-0.0026376463308568215,0.017120143864597186,0.008429881782820852,0.006917300815829635,-0.0006960002406744541,-0.09445973228810954,0.006668869267689745,-0.01030351471206958,-0.0018220087608268644,0.0017790907540712077
circ_chr18_57731627_57731829_ATP8B1,-0.014811783723298428,-0.014750435147324891,-0.018498877721331557,0.01018694007341423,0.05592226653633586,0.02658608296221877,-0.023666962294695438,0.015721265177041706,-0.009890210031300544,0.01609097472773736,0.013722449226861135,0.08355280452871824,-0.021078006377386136
circ_chr18_58165788_58252054_NEDD4L,-0.000881543303949316,-0.013497453178243328,-0.006590769180577638,-0.008333090253643502,-0.05116396732412968,-0.011223808426165488,0.004636662458820154,0.02075249068763477,-0.13019380428457697,-0.06723260006472638,0.013977002372525183,-0.09435733926779184,0.014498677872802653
circ_chr18_58696366_58700591_MALT1,0.040396072140318,0.017442370391913018,-0.003972016910090567,0.09442482196217522,-0.015411183874575931,-0.0199354323955343,-0.0014274800592702695,-0.012703855718980129,-0.22264481497572947,0.03312747092297099,0.02675424079985764,-0.04474295812335312,-0.006248694795682623
circ_chr18_58918271_58920633_ZNF532,0.004969510003492308,0.110653027186348,-0.04260715974477371,-0.03196062556134921,0.009228491117889896,-0.022268148072483184,-0.014451090023788075,-0.02303653909368757,-0.0029298052257739162,0.014830392740625888,-0.002348378407374365,0.030770368234730446,0.019795077714807825
circ_chr18_58934433_58953799_ZNF532,0.05340861508616532,0.12441591531937293,-0.03810914996010459,-0.12851094888604983,0.13844890468477622,-0.03444948593088563,-0.035426315943912864,0.027315417541421545,-0.6821831467619036,0.07427553750179511,0.06750907237895973,0.050636181010319144,0.010929182673463303
circ_chr18_62072673_62095950_PIGN,-0.010393895600995363,-0.014299304813647398,-0.004529244339171153,0.009914390992052675,-0.03136284124558969,-0.019206558967735755,-0.007348859111744252,0.026691969462455535,-0.14495692916371655,0.05463927607615499,0.1777214722653605,-0.0018802252358310803,-0.03780436552865197
circ_chr18_62072673_62102902_PIGN,-0.010393895600995363,-0.014299304813647398,-0.004529244339171153,0.009914390992052675,-0.03136284124558969,-0.019206558967735755,-0.007348859111744252,0.026691969462455535,-0.14495692916371655,0.05463927607615499,0.1777214722653605,-0.0018802252358310803,-0.03780436552865197
circ_chr18_62348168_62349937_TNFRSF11A,0.0036940555809744577,-0.00708843673669932,-0.006004128831641586,0.0071172367601421895,0.021862318507867812,-0.010101053029126589,-0.013851534174662887,-0.009711879462670587,-0.07841516152971488,-0.04230789355424497,0.0027178790055095567,0.029071606158269474,0.02357923509550271
circ_chr18_6237964_6312056_L3MBTL4,-0.0007092691279155155,-0.020076531787523538,-0.03520873955038602,-0.03386328952186757,0.01236244054945602,-0.003818217206815415,0.018489366142669467,-0.07082735209263188,0.01689926966801723,-0.017825596380541455,-0.022676254197669322,0.14897757640154485,0.0010073213713253748
circ_chr18_62539681_62550460_ZCCHC2,0.0006860382007889354,0.005572729220526238,0.01257889301557577,0.01684516714317021,0.03822437395290236,-0.020884119314940018,0.04470936049962519,0.021240915194514733,-0.5450959317995439,0.014225920390995185,0.0022960115033003607,0.15759623454103067,0.009707272724470148
circ_chr18_6263947_6312056_L3MBTL4,-0.010644976715993763,0.01579215850581725,-0.0538258527644594,-0.011034506199464833,0.02256505063470486,-0.01738258660316728,0.009561771143676604,-0.07199790339336232,0.03070926464277224,-0.022091795941570385,-0.02506864382400335,0.06230532205567304,0.01783862666213534
circ_chr18_6301903_6312056_L3MBTL4,0.02014176797272887,-0.0013481909643968954,0.012863557920060777,0.01287612086266502,-0.025024704021695467,-0.00313643620569714,0.006026314769754672,0.010452005712077835,-0.029307790390731708,-0.003351590005883352,-0.010105952624577787,0.02446194047831029,-0.002275228799046063
circ_chr18_69010934_69054133_CCDC102B,-0.005519592737264403,0.1054473726922508,-0.0032391595968204465,-0.04115009261860465,-0.01731308826569254,-0.026640881850869644,-0.017646207492114846,-0.018145670949509307,0.0035567766835691264,-0.035869382807484515,0.00061724313229724,-0.039705275889735804,0.02429301181041209
circ_chr18_76441245_76443211_ZNF516,-0.018286281889698122,0.007835276476947192,-0.12836977070846728,-0.004898075842079983,0.0009213163624133535,-0.00887190858102118,0.025436776288908586,-0.06448370323305881,0.025155734915510118,-0.020904090297843105,-0.044075134257638676,0.09955251140064407,0.0036961297300452307
circ_chr18_76849526_76851939_ZNF236,0.10148384236288518,0.009675120373809557,-4.7494129133971064e-05,0.19136869284772437,0.02601178764586884,0.03688985544293405,0.009426128532058986,-0.022813860670670517,-0.4419219512302398,0.002159192472763996,-0.020070957039555772,0.13284477846926937,-0.020457355108678726
circ_chr18_76849526_76871825_ZNF236,0.0031213084530363963,0.014518782029764936,-0.027052897182337526,-0.01684429323333351,-0.020892911452582305,-0.01593984078275525,-0.009235961536069884,-0.001882409948813448,-0.00020836762893140036,0.030398531788013838,0.005845223378340794,0.10376731553801989,-0.01958589431523575
circ_chr18_79096476_79126375_ATP9B,0.031989398978798524,0.032110426698067705,0.000808974541210765,0.003779220425512867,-0.008586578963014832,-0.00494632802821926,0.01132773880548467,-0.006009728680341496,0.001416651998777083,-0.0065227707497098495,0.004610509145672585,-0.017824569997442988,0.019028433559938298
circ_chr18_79096476_79154555_ATP9B,0.03677306677260836,-0.001551586959918584,0.02197358570800531,-0.02702478912765345,0.00667876037601083,-0.011690184464044413,0.012100806496222414,-0.010709268521842669,0.010251320168199119,0.02827325708259474,-0.011177227904249121,-0.0586797749679334,0.044316243614646735
circ_chr18_79126267_79154555_ATP9B,0.02185007306401481,-0.0017612824258328335,0.0034259345849208304,0.022929062613866447,0.024915078895238918,0.006244618020920986,0.010220807224282858,-0.0015768099875298786,-0.004381531836395321,0.005981114695855408,-0.013095010095077185,-0.03608959098100134,-0.012115404204562197
circ_chr18_79193183_79214038_ATP9B,0.038108543583040236,-0.0036618343585430885,0.0015012675321676447,0.26021558305257275,0.013436702606950453,0.023649751513304184,0.041385143655537596,0.00012598802194527036,-0.19449435918987615,0.014510673296428366,0.008961208938944379,0.012462723695414617,0.014088382946184166
circ_chr18_8076455_8088851_PTPRM,-0.009498981420316344,0.005076676113974817,0.019704583823810976,-0.020864652887132035,-0.0025871827627708885,0.00348281904456567,-0.001963835159903147,0.014649839338076927,-0.01394013046388273,-0.06860213732048573,0.003877486372094745,0.03598708400569664,0.008278316527361365
circ_chr18_8718424_8720496_MTCL1,0.006678511216546913,0.002354807829661887,-0.0035447731430466936,-0.04351379746918773,0.024921395007796512,-0.008930858057190643,0.010043578128373393,0.004933529977108893,-0.14513984016604356,0.03220055703218187,-0.03336017619126501,0.0326268821174906,-0.0004615860700973335
circ_chr18_9182382_9195698_ANKRD12,0.04546672733376233,0.008827973965282745,0.008173084130784354,0.1765073964901363,-0.06417034779079112,-0.01304295544341869,-0.01075541406035697,-0.004817976524187029,-0.2755571245712118,-0.011933357810447678,0.003301725711059112,0.011477658918979746,-0.005553059002276133
circ_chr18_9182382_9221999_ANKRD12,0.21598190702664374,0.09096615338076523,-0.26739248186788417,0.01418859970631271,0.16025865449953816,0.027619222529636746,0.03025705525734334,-0.18659473362496234,-0.6162557880558625,-0.042927937785004505,-0.0022868840207226006,-0.006213104056880649,0.02295375583793089
circ_chr18_9195551_9221999_ANKRD12,0.09958274908207178,0.008305499707396592,-0.036116812200168665,0.026635118345358828,0.009622994262993179,0.011089880523197291,0.04673580114753631,-0.021231209069991618,-0.6581119716265663,0.001360048970731482,0.012949830028040534,0.009564221483601115,0.009954546415295131
circ_chr18_9204476_9221999_ANKRD12,-0.006338198247757157,-0.005665118672992836,-0.03974888996093192,-0.002310376665573746,-0.018654524866620864,-0.0003529640242599311,0.016502173498008522,-0.03738934509004787,-0.016576889288187957,-0.001763397454906246,-0.04682328931173564,0.09667045022715182,0.0012922172612166005
circ_chr18_9208657_9221999_ANKRD12,0.028403739257177298,0.036688978811002075,-0.08105177797915789,0.12330966888089927,0.013083940031237548,0.02861331627290971,0.006192954533887635,0.018924648134713843,-0.40821265956114705,0.011959889973210484,0.01724056408985524,-0.017106018438046072,0.01104911338814164
circ_chr18_9524594_9525851_RALBP1,0.1463973448422738,0.011661988225365837,-0.16613964102876724,-0.20673874061447103,-0.003347200781416585,0.020394631418661574,0.0025463677131781345,-0.04293097788274947,-0.11895109964087357,-0.024186598798893955,0.04870576312985835,0.006639329737305552,-0.019497950998127307
circ_chr18_9583117_9595102_PPP4R1,0.08236586419684813,0.021889816670422328,-0.08699061508091292,-0.17116795497462903,-0.0020583769608937823,0.05252759067196762,0.039091914288067464,-0.05537119187517354,-0.5389254069737694,0.0968871240057121,0.019777997487427555,0.062100080312739586,-0.003450513141106158
circ_chr18_9583117_9595153_PPP4R1,0.0007885734492319317,0.03709767400485722,0.004917599488063522,-0.07499911439864282,0.003337006523801255,-0.00031598264547533895,0.058181339732093516,-0.07255903917465172,-0.6608851887820065,-0.014307679029722391,0.04536101388505615,-0.11710823013993349,0.024823916860798136
circ_chr18_9588089_9595102_PPP4R1,-0.017044460340697204,0.018244418807915396,-0.0005875376903099913,-0.02078996977470394,-0.01468375329802607,-0.0015894387685842478,0.0033611980997597917,0.0028828507538936577,-0.09707490166271461,-0.008551891357916975,-0.038436082002943406,0.04462391521583413,-0.020585956839908583
circ_chr18_9775278_9815222_RAB31,0.005901655222743129,0.011576429741728171,0.029168111603775592,-0.03191272943696078,0.030040770440146587,0.005105978927027869,-0.00803889698569584,0.015009447742338361,-0.06162944361812972,-0.03451272298153009,0.012457875319361128,0.03177715262619162,-5.193543733746287e-05
circ_chr18_9931810_9937066_VAPA,-0.018209079936441316,0.01969569333608574,0.0008099686430283308,0.04032421602443728,0.004823028906204172,-0.01741138674660345,0.0758793352077284,0.003671752505455981,-0.049905606110808395,-0.034158812598693966,0.05469615306309154,-0.04518712302548143,-0.003558298124480043
circ_chr18_9931810_9950568_VAPA,0.007858117607541888,0.03882356768805564,-0.007381665359381477,-0.016468817664198,0.0007932890005768274,-0.004665896786808748,-0.006910039416781138,-0.006061593311552034,-0.12310916914505593,-0.015932929638727868,-7.207478390763156e-05,-0.001374691412394487,0.005551432949013043
circ_chr19_10168330_10177367_DNMT1,-0.014811783723298432,-0.014750435147324891,-0.018498877721331557,0.01018694007341423,0.05592226653633588,0.02658608296221877,-0.02366696229469543,0.015721265177041706,-0.009890210031300542,0.016090974727737357,0.013722449226861135,0.08355280452871823,-0.021078006377386136
circ_chr19_1032392_1032696_CNN2,0.08147402152539547,0.13266421318817562,0.07124060348433994,-0.015778714892200677,0.07420228618364763,-0.024993518896377225,-0.00013294015620265418,0.06723947876768295,-0.35207018797905476,0.03319594951284525,0.03638789450456407,0.11067775403122297,0.05258310175773158
circ_chr19_10795372_10798572_DNM2,0.01729937280527956,-0.01992379423004547,-0.028737822217641422,-0.0026183011897247064,0.040124791993144164,-0.001859917198689305,0.010006313909203186,-0.04545609989590317,0.02964852445389412,-0.013187929422794217,-0.011432168013348627,0.10835646744717158,0.015114661313019601
circ_chr19_11120092_11120522_LDLR,-0.0084699718236123,-0.0016927800500838668,-0.0053421180157524634,-0.07361313573090654,0.043044189137897364,-0.007346764110783688,0.008593620988385363,-0.04475213393198697,0.01811362904758253,-0.022040511636121505,-0.006535261528392275,0.07970379470058286,0.022121463262414872
circ_chr19_11178345_11178720_KANK2,0.016860720412849386,0.012657921683718798,0.005021595490907599,-0.02200448950463382,0.058726824241225585,-0.00032642801906861374,-0.0063536710556085845,0.01071704792456659,-0.01534575711814716,-0.024641863658834234,0.017306009789832343,0.028543634159987435,0.02878465189176274
circ_chr19_11245563_11245878_DOCK6,-0.0009338983166567287,0.009796447870336969,-0.004215831812231627,-0.044200072623921595,-0.020976610533005858,0.005408730871967964,-0.004197653912161976,0.004497583339950851,0.010344061282671915,0.08153872205766052,-0.01415758655678783,0.0036224578554012597,0.003467339484728445
circ_chr19_11335447_11335783_RAB3D,0.06140612882121278,-0.19748348863587825,0.161334533066263,-0.22869898002846198,-0.006653527397305123,-0.014642406128135107,-0.0011056138612113358,-0.02524035781450556,-0.05763218287620014,0.00427881445385926,-0.005854789872193858,0.05358276345414626,0.0007178268105740437
circ_chr19_11415937_11417059_RGL3,0.030702942408443377,-0.010257903796188064,0.020840735553144772,-0.020622955874285143,0.02112068262977195,0.004803827540458525,0.0037098883496270835,-0.004093453399370956,-0.012838311364232384,0.009809455939899198,-0.017480543544685544,0.008242456829384166,-0.0027575500508983304
circ_chr19_11513056_11514221_ECSIT,0.007107087189885427,0.007776221513285182,0.03291754692717132,0.0038736734994617695,-0.009061121108380638,0.0027975263236160136,-0.012619668644796906,-0.010576290285408393,-0.007177884503139698,-0.006507367252999241,0.0005967326955618486,0.0160627395239863,-0.019482215319466565
circ_chr19_11722954_11725327_ZNF823,0.007504523233338777,-0.028807565487248103,-0.0106072070507927,-0.0019065738908981746,-0.016091790360303636,0.010306265408766764,0.008663643431984365,0.0033734278768794397,-0.14593772765315935,0.009079123818615736,0.004329501572198123,0.022229168938038862,-0.006502696129692309
circ_chr19_11724194_11725327_ZNF823,-0.005519592737264403,0.1054473726922508,-0.0032391595968204465,-0.04115009261860465,-0.01731308826569254,-0.026640881850869644,-0.017646207492114846,-0.018145670949509307,0.0035567766835691264,-0.035869382807484515,0.00061724313229724,-0.039705275889735804,0.02429301181041209
circ_chr19_1271329_1272051_CIRBP,0.0186999748221432,-0.0008494021068310783,0.002842731860402681,-0.023919804532295256,0.0035397440989680656,-0.013178939446281523,-0.001270857371013093,-0.02066486374732678,0.013964027959313226,0.004610636030594234,0.0020875408830759888,0.0034939596688584804,0.008468679815466605
circ_chr19_12928342_12928847_FARSA,0.08344045862864989,0.006401860552104393,-0.12439587043559547,0.004124623210171255,0.21438093027166785,-0.03138512525473644,0.10623338388397172,-0.020813880153929234,-0.6017587595711007,-0.01744071421819411,0.019044591366753186,0.07968503760272126,-0.006928375526276839
circ_chr19_13025021_13025552_NFIX,0.07693393689974252,-0.03508306516621514,0.003087100013765208,-0.022861367985845673,0.06561333970143486,-0.0012709099339010474,0.027158412372833663,-0.004642463490161466,-0.10402150846693792,-0.0028085332292007168,0.0017795781925700426,-0.003154336714036139,-0.010173372059239613
circ_chr19_13073047_13075671_NFIX,-0.008517957427396633,-0.021116055378952284,-0.07724164140929789,0.040127893407732214,0.00956108960140075,-0.019819337219614062,-0.032418337141408085,-0.011226167339877835,-0.1524924168930925,-0.061593404994056904,-0.011401708898915971,-0.022020342619582887,0.00018779860840912232
circ_chr19_13332869_13334493_CACNA1A,0.03192423115509414,-0.04499125088179122,0.008881959977668006,-0.02875563571688543,0.03953250858919222,0.03307435623332838,0.018562864054252958,0.011689168141899938,-0.03425436925492459,-0.008045510194590221,0.014993962793458855,0.006154776508923077,-0.004032606315775728
circ_chr19_14042453_14042789_IL27RA,0.04542440688517215,0.0005916058321986668,0.004790663586163414,0.4283962689387126,0.0016801620079874386,0.0036770477067550648,0.030368290558508804,-0.0006286530323210322,-0.004447926562790656,-0.005299805373329984,0.01765786545307246,0.03758028731049707,0.008382599643182763
circ_chr19_14402597_14404562_ADGRE5,0.000858729064152917,-0.05579826031170041,0.03797001380910138,-0.029459299878799357,-0.015959128381971326,-0.023956661754306052,-0.030811392461058143,-0.011349909629495409,-0.02833257845427108,-0.013207151161024541,0.004640381022034448,0.015698167331932213,0.012239954797328022
circ_chr19_14458031_14458375_PKN1,0.01905967074479204,-0.005765984285909345,0.007022988417924936,0.020996490166878115,0.011484613010952752,0.01332692201284593,0.013588891148569655,-0.004190864173777306,-0.04838107404291196,0.00015263603340020425,-0.013795293488284928,0.016436798202454556,-0.013665470632083121
circ_chr19_16226421_16228928_AP1M1,0.004310782102727847,-0.014132239959341522,-0.003768058760422454,-0.013432052017327736,0.00029558132262230393,0.008404580941094971,-0.0009095275484808239,0.02865032374428672,-0.023640747667835856,0.011031253829369326,0.01386265159453214,-0.03367190400365285,-0.004569833009784647
circ_chr19_17101660_17102557_MYO9B,-0.06025868047067297,-0.0049026004710872,0.08954283258481861,-0.010745554955566625,0.3475397637206356,-0.0031177737382880907,-0.008712900604992245,0.04180349287409193,-0.22860749997734103,-0.04055912615719794,-0.01541016901138923,-0.010592356192547286,0.009102080060143116
circ_chr19_17276495_17276909_BABAM1,0.11448524902031432,0.008108581144433802,-0.028536522139924726,0.0023230289713118716,0.02633429116987134,0.005273910766918606,0.013849838288857965,0.03043010639367539,-0.45054570976192926,0.01705853133933587,0.04718954923735708,-0.06558897362822799,0.025113933034347186
circ_chr19_18147443_18147624_MAST3,0.017976525378288213,0.005609901353426497,0.004794693198087847,0.16683534953087054,-0.025427645299754678,-0.0017942480347505683,0.0013948338513206603,-0.006256680892414605,-0.06670849402300869,-0.013109343422145026,-0.012500860813482529,0.001460904314988342,0.0006146817730074534
circ_chr19_18175040_18175697_IFI30,0.0023565953914486044,3.52820110967558e-05,0.10094190239707129,0.0936309892177182,-0.04301499664214238,0.0034918084206552328,0.003330515926774183,0.01296787964631096,-0.38846216890305957,0.013979744927400907,-0.05171982909840517,0.021925992020632775,0.0007078236751238638
circ_chr19_18537601_18538433_FKBP8,0.014595710981270592,-0.007341863070624278,0.017431298889375498,0.07682836921571258,0.0752467107106242,0.02666699597479644,0.014082101637589854,-4.9386145742028856e-05,-0.04110227855923158,-0.001453187391098615,-0.02458657565568695,-0.002144065726020387,0.008192987024705592
circ_chr19_18537601_18538436_FKBP8,0.022830041006708678,0.06514917280232158,-0.004555376990837903,-0.03833907095344762,0.44943806951273013,0.08896564170067094,0.017624118797129353,0.017576130419412965,-0.4505676080877235,-0.04756087350690786,0.02459466687124926,0.060462310054208414,0.05138584618427975
circ_chr19_18539371_18539720_FKBP8,0.15496308465349035,0.0042299199056554,-0.05115426911978851,-0.053755186165272806,0.14365934064435923,-0.036330903061617084,0.00968481264264509,0.00810623489629533,-0.7605155178948225,-0.00930380099052596,0.09070039586294817,0.016433213103256336,-0.019935816511925292
circ_chr19_19492306_19492712_GATAD2A,0.012687432124411327,-0.012546508488801605,0.013093521978629999,0.21785793015023255,-0.054991040111940746,0.0046261494963897405,0.011864687655246705,-0.0018885059112067483,-0.17963885987625605,0.009511756074649118,-0.0022831082666201568,0.0318163769673321,0.0037258899904197367
circ_chr19_19640085_19640571_GMIP,0.055537984693813866,0.030223660436471494,0.03243078265246816,0.06662351205818345,0.10006133127172606,0.0011015114220533776,-0.006799163950183514,-0.0010451653088742168,-0.5643737308239805,-0.013424403189230941,-0.0063830681384054585,-0.01653558951214281,0.031228528858172316
circ_chr19_20544619_20545976_ZNF737,0.054853061161522616,-0.024519778470362255,-0.0030552860028513237,0.07229805333772199,-0.026211814092650453,0.02870526336402395,0.01875264733239984,0.018233707829694013,-0.02591693609121669,-0.005761396478152585,0.028495524466645456,0.012618649662761187,-0.01718481592016317
circ_chr19_20645684_20646405_ZNF626,0.1333298506156295,-0.010004958841588146,-0.017490710801378023,0.05162325587869898,0.010064128340424578,0.002236957888085254,0.002200958445402325,-0.00015991783416958617,-0.05195108109471498,0.018188139916099688,0.017313033463018088,0.010404340708111342,-0.04427912513385087
circ_chr19_21405129_21405856_ZNF493,0.16985052009921262,-0.015588345559212501,0.0022406485603947575,0.2123303205086279,0.05413961145303058,-0.011887276110951762,0.025570564063277294,-0.029963399975631706,-0.20051911518302162,-0.007174503963500297,-0.01810755786471133,0.014035238167902185,0.02566370243965217
circ_chr19_21974729_21988909_ZNF208,0.1349859330929982,0.13096217870935348,-0.18771107005799675,-0.19169781421976625,0.09095089857998064,0.0381333726881922,-0.004861238560216179,-0.03720145660864015,-0.6095829935550068,-0.0014994853837103027,0.01824411687015224,0.04691127000886126,0.022291769996971612
circ_chr19_21987216_21988909_ZNF208,0.007107087189885427,0.007776221513285182,0.03291754692717132,0.0038736734994617656,-0.009061121108380645,0.002797526323616013,-0.012619668644796906,-0.010576290285408392,-0.007177884503139693,-0.006507367252999241,0.0005967326955618489,0.0160627395239863,-0.019482215319466555
circ_chr19_22072809_22073564_ZNF257,0.06328131702572015,-0.024762484826146333,0.012865447417815416,0.16632937492908387,0.0557290438233615,-0.03619457111367839,0.007806276934679068,-0.07567343687440962,-0.08582297856474969,-0.0034247364225252885,-0.0005598162546438749,-0.013020244203688741,0.044496542730161896
circ_chr19_23134080_23136043_ZNF730,0.007858117607541888,0.03882356768805564,-0.007381665359381477,-0.016468817664198,0.0007932890005768274,-0.004665896786808748,-0.006910039416781138,-0.006061593311552034,-0.12310916914505593,-0.015932929638727868,-7.207478390763156e-05,-0.001374691412394487,0.005551432949013043
circ_chr19_23358430_23362725_ZNF91,0.06971513627185584,-0.10563420064394023,-0.16699061506620766,-0.004261272587144763,0.00958311434009195,0.1049697130956236,-0.008862727360707218,-0.015626998470291458,0.005453401737971719,0.0002647014853004014,0.059840359834813076,0.021825991800075162,-0.006877144497287246
circ_chr19_23373742_23374764_ZNF91,0.0016620958820068212,0.008931810648237429,-0.06137792116023714,-0.02064993115949333,0.023618259635904137,-0.02869521390759171,0.007974593435342204,-0.007773741608236846,-0.05108213084815482,-0.11862065541222752,0.002234423965078041,-0.00875174107845325,0.01999920250755028
circ_chr19_23662114_23663158_ZNF675,0.05559935575529507,-0.0051377459450525215,-0.0011245479781019283,0.4653432847663765,0.01588783296873496,0.0011980268881872068,0.017199586607350617,0.0070272669676565,-0.014188730891426369,-0.007570641905025472,0.024637794154175947,0.051743925432823246,0.028184422346736203
circ_chr19_23831597_23833521_RPSAP58,0.007466188718797508,-0.0795513275992725,-0.04710576483569843,-0.09297962798600275,0.0026316256599336987,-0.009181966213789758,0.011381051815393811,0.009303262535811678,-0.2996945207996666,-0.08828842182716407,-0.03194779822744225,-0.01632717718076091,0.006785189373510181
circ_chr19_29971193_29986417_URI1,0.06959482791364294,-0.035223125334107375,-0.002491209523623676,0.08932677739438204,0.08067373338614521,0.0018528944862448936,0.003985073262519945,-0.002291823660277889,-0.40917195051347244,0.024387566795239613,0.01026050491235379,-0.006481219721663771,0.012274733641832873
circ_chr19_29971193_30012531_URI1,-0.004242378894305589,0.0007322562663087565,0.0207851111854232,-0.007939220947046445,0.039728794451349775,0.010848875702048061,0.004224552685548863,0.033793388828541084,-0.046663489866494004,-0.030473319890296478,0.019350544867623175,0.016733858811457527,-0.0006906199558032249
circ_chr19_29985223_29986417_URI1,0.19432256643560022,0.00012407818369401588,-0.02029763486754929,-0.03148405123921826,0.1448534641484078,-0.0029476056232143975,0.08695296510626073,0.022128023869049385,-0.5331235254761345,-0.043108153086077926,0.10846577892453156,0.20658041925776036,0.02716518858809768
circ_chr19_29985223_30012531_URI1,-0.004242378894305589,0.0007322562663087565,0.0207851111854232,-0.007939220947046445,0.039728794451349775,0.010848875702048061,0.004224552685548863,0.033793388828541084,-0.046663489866494004,-0.030473319890296478,0.019350544867623175,0.016733858811457527,-0.0006906199558032249
circ_chr19_33113767_33114419_GPATCH1,0.06141094181747851,-0.012841370143607833,0.004324834821367565,0.005470211351601976,0.005792000037846819,0.009401701187611092,0.012702202594670574,-0.00623329129261264,-0.011965260245922585,-0.002138880525074262,-0.013013158240801553,0.005419663903865205,-0.008358470664395686
circ_chr19_334400_336173_MIER2,0.0034114624567632814,-0.019895765339356494,0.02825454419006451,-0.019466400193086122,0.011039377715675744,0.0015336100709813824,0.0071971960173903725,0.010527412806856061,-0.032232281128343435,-0.011158269632002072,0.014778370591388654,-0.010328030830729265,0.004295566309312149
circ_chr19_34430576_34434968_UBA2,0.09266828888610394,0.014194366638266256,-0.018808607442948655,-0.001965007235476152,0.04389016052154742,-0.008954501459318425,0.12082926145257769,0.00534776655124033,-0.2839662797345283,0.027405273379009786,-0.0015102058778548668,0.0416272735446975,-0.011524355263811542
circ_chr19_34430576_34438766_UBA2,0.014113088845783913,0.02026757323893311,-0.009993611892571886,-0.012404052866533486,0.0535671770672548,0.027683340773213813,0.06311004646027427,-0.02064140848369208,-0.16546709389595823,-0.023096609991260564,0.017011614163901,0.0604185056082863,0.03325187093997994
circ_chr19_34431861_34438766_UBA2,0.013256306319476887,0.03941678803209043,0.010339984995764887,-0.006983821294534865,0.023898353698358975,0.0013618822836282648,-0.006048428288862527,-0.003382116049544965,0.02299020297857882,-0.012106603552331547,-0.003645576741132412,0.01513218752716427,-0.005958959963812941
circ_chr19_34451981_34467014_UBA2,-0.043486826905275694,-0.004028521799118887,-0.09022811444619955,-0.0014027126669541644,0.05008439129282351,-0.15349224047008075,0.12273433782274387,-0.15400666964149437,0.0085800959488032,-0.04451527274895665,0.004329760574713377,-0.5403736156658444,-0.02615930190109892
circ_chr19_3623688_3624162_CACTIN,-0.019946684898900717,0.0042094655004065755,0.04771560323763428,0.16082636230681854,0.036346674013630766,0.04663419276479899,0.05052559635428543,0.004852096957989774,-0.223813055637427,0.0024388200494071463,-0.06883009680504434,-0.026380736628475728,0.04420004174828207
circ_chr19_3660966_3662001_PIP5K1C,0.006208351216997792,-0.0031908717965817334,0.022728542165570458,-0.15370100217924743,0.042255257279754634,-0.006249761930551111,0.0017547825265966446,0.0115143011206543,-0.11059559393443451,0.001434750155279514,-0.00769661171791139,-0.032466753369816505,0.02258598301822834
circ_chr19_38141184_38142710_SIPA1L3,0.03422984073009109,-0.002600689367919574,-0.02559679638250524,-0.0031525826780243195,0.08082368319958028,0.008602626341956346,0.0004970930608634639,0.003435175764576479,-0.17734682106115585,-0.003108333019604132,0.01278359033341172,0.03906765524591367,0.03989204204897061
circ_chr19_39453356_39453521_SUPT5H,0.07542388496403248,-0.006032163200736519,-0.013964497388855865,0.15168435636814584,-0.006127807946142835,0.0070006767457253495,0.012112410031331074,-0.011024412750587643,-0.025755173204948557,0.023320757741574504,-0.014546519396833334,0.06821786318431,0.03840146650485581
circ_chr19_40583398_40583717_SHKBP1,0.14124927972156667,0.008852690159224325,0.02701465155520517,-0.03311570219680497,0.10114330394856386,-0.017689925395125573,0.07268203442317171,0.014464262422133745,-0.6388838019476207,-0.07342860999272924,0.04618499837403783,0.035122654502924185,0.04036306074183428
circ_chr19_40736986_40737769_ITPKC,0.06135856011199477,0.03235477347487891,-0.030343744778984563,-0.15579866131742823,0.21462423946258083,0.05079836297401372,0.16205924089000867,-0.09500000526810415,-0.2908820998853665,0.04819851456847147,0.10369807631342662,0.02495351954974548,-0.0010469404866808869
circ_chr19_41248514_41248820_AXL,0.1435501129967717,0.1537966742132197,-0.05432471168787837,-0.07522323777811583,0.16476080669455817,-0.01830898948036891,0.05419613312484331,-0.04428550717152814,-0.32744070759076604,0.04792194878462638,-0.010081891714232755,0.04339575662673807,-0.006723017649123103
circ_chr19_41252351_41256611_AXL,-0.009917618162266894,0.014597081316211815,0.002618930603221299,-0.010431687718967629,-0.01211002366018556,0.057548908962709755,0.020584050955331543,0.04829848357265174,-0.012154575409166729,-0.03010614679581256,0.07688586534989592,0.40736191952634254,0.006972117619791787
circ_chr19_41341883_41342247_TGFB1,-0.0022907209782458914,-0.004294232295559418,0.011981024607183846,0.24340058190248434,0.07418315733654227,0.024338626102265854,0.017135029130431457,0.013944699828660596,-0.11977276660428146,-0.004381677860150551,-0.02510747265367524,0.004758662934082214,0.06806766724277465
circ_chr19_430684_440932_SHC2,0.013133471192470502,-0.12042631946035158,0.0018858313459930458,-0.04251528429903096,-0.04665724066007468,-0.018716916018863022,0.022035227365148426,-0.02962590488798574,0.07893437555470247,-0.018386152809601722,-0.0008493850179897143,0.013798821801252263,0.0010924053433971886
circ_chr19_45025329_45025737_RELB,0.030370682776910456,0.023692222999592963,0.05675169344672941,-0.025605658339239206,0.05013080729754544,0.026981240029822835,0.023071392645348052,0.04231014592050203,-0.8790845377088817,0.03841417017854453,0.023935861485823214,0.04756237009526736,0.02872340809411575
circ_chr19_45263113_45263367_MARK4,0.010464173451552143,0.03690112489546592,-0.020975539003814325,-0.06917909847261677,-0.0014294112940902363,0.008367311721311301,-0.0173075329725166,-0.0036486664251959267,-0.06454246876453061,0.021734132337296593,0.013971857218947259,0.058081797264234,-0.004384370808301152
circ_chr19_45264684_45266281_MARK4,0.011614598465787131,-0.010644532942822993,-0.011545562751554798,0.12479764864667739,0.04454648688352645,-0.0018720842274931864,-0.010764001869558268,0.013296374192198522,-0.006490364327996147,-0.008178327764472219,0.009694957959028066,0.023801627233246934,0.034784436948898566
circ_chr19_45277923_45278615_MARK4,0.07057219650189062,-0.04302665641246786,-0.017460728300546863,-0.004093346000789959,0.0026461976488417766,0.0013465932988607696,0.022287242567805888,-0.012092316012178033,-0.09071490379337584,-0.009543150633219382,-0.018848207987199012,0.002787602397699593,-0.009310515796973918
circ_chr19_45277923_45280734_MARK4,0.03190639701032215,0.0023708290707935733,0.04183272883479553,0.008628076467804889,0.012113309500664823,0.009815891991315093,0.003598297012044732,-0.0070234484297907514,-0.039019359396459966,-0.006596905044650097,-0.008791368088067512,-0.011510695939193941,-0.018086263301668355
circ_chr19_45398005_45398339_PPP1R13L,0.0009546843802684461,0.00897917827645917,-0.004287247727363461,-0.008114743171304405,0.031991906302974674,-0.003902994400245778,-0.02669503697150458,0.005537372195231367,0.039175142379334046,-0.0009397096069747903,-0.013610526666670097,0.07639683196933565,-0.02080805890662527
circ_chr19_45517663_45518094_VASP,-0.014811783723298432,-0.014750435147324891,-0.018498877721331557,0.01018694007341423,0.05592226653633588,0.02658608296221877,-0.02366696229469543,0.015721265177041706,-0.009890210031300542,0.016090974727737357,0.013722449226861135,0.08355280452871823,-0.021078006377386136
circ_chr19_45613541_45614700_EML2,0.012815759917387586,-0.01818358061570588,-0.0002622661026417061,-0.019117564482420933,0.027104440524773742,-0.00454529791163441,-0.004716657641885449,-0.007824607618025394,-0.02309222728329497,-0.012182744991495438,-0.007715351680306612,0.0027198329622266618,0.019099359463984094
circ_chr19_45854175_45854507_SYMPK,0.06070175947398845,-0.01610041960079457,-0.009288221840534152,0.15446295502630547,0.025780622472200993,0.005999687490350141,0.027175061267701545,0.00029367703971522005,-0.046421649729348584,-0.006991522036642226,0.009744251880182154,0.012004984425314337,0.007605624148141207
circ_chr19_47264603_47264946_CCDC9,0.14329812734449116,-0.06081951690982266,-0.0130397368919419,-0.009870958659915453,0.4902139478844404,-0.03770201059633688,0.0060628501118988815,0.005997274296898873,-0.3615395134615684,-0.023520399166619698,-0.008817730764321366,0.07067402278359826,0.04121705442736912
circ_chr19_47362476_47362693_DHX34,0.0024036740958081515,0.011944128075398526,0.008315651189061692,0.18291986827355972,0.03591512119136492,0.026345190310105373,0.021335034866708284,0.022134971155411277,-0.21802644104351335,0.0061311049294594435,-0.0038810137005647833,0.00022214326391828653,0.06378228063920927
circ_chr19_47416652_47417350_MEIS3,0.0030614942913168466,0.22220493695078244,0.016028752847571492,-0.22121732761752796,0.0437451737189686,0.03219205812762454,-0.0038016306272027046,0.014514834426222157,-0.2903852378504044,-0.0613708510195043,0.007032224733938001,0.01087832424356595,0.012321031850593293
circ_chr19_48633444_48633655_DBP,0.10147357586012762,-0.0542215382888323,-0.0034429014792530612,0.028053983266687156,0.09666360010747949,0.027657051849842573,-0.002536088006995756,0.005066458746929067,-0.05243605527142617,-0.0045292781006943264,-0.004084739836186993,0.06074189137899059,-0.007919041527321122
circ_chr19_48913011_48913564_NUCB1,0.01637049299347334,0.013646114920369129,0.0012383733714713724,-0.012174905742985331,-0.01914593712237088,-0.013651935248321817,-0.0015937462734212063,-0.0037282943178172743,-0.028194364874325528,0.027729137142739623,0.0018899961687995188,0.04251061191170724,-0.009429622680248032
circ_chr19_50398851_50399484_POLD1,0.053747580732018276,-0.00653800820201817,0.04634460454057935,0.09823751901153695,0.04609617096705271,0.005538724927850343,0.010597973381458566,-0.0022717817624641774,-0.027419903888467694,-0.009144400796442468,-0.013380116874802922,0.03008396635004631,0.004603530143931252
circ_chr19_5047476_5082504_KDM4B,-0.012159066587229816,0.13123262793567572,-0.0066385658322756546,-0.21611936243257793,0.143663259313005,0.007906236139251219,0.007871659706041093,-0.126689487852893,-0.3066373265052513,-0.0073251827777538765,-0.009196585158991702,0.19386473144940408,0.04257604802751932
circ_chr19_52040488_52047060_ZNF432,-0.008517957427396625,-0.021116055378952277,-0.07724164140929787,0.04012789340773221,0.009561089601400745,-0.01981933721961406,-0.03241833714140808,-0.01122616733987783,-0.15249241689309248,-0.06159340499405688,-0.01140170889891596,-0.022020342619582876,0.0001877986084091238
circ_chr19_52076044_52089002_ZNF841,-0.00239372469308257,0.04486153916650523,-0.020996541346919122,-0.03100134214901717,0.007913427403923472,0.001212218645116672,-0.0010838773697149648,-0.006246876702204975,-0.02033197860967334,0.023223210485759024,0.003456872560845663,-0.005918754118842661,0.00522083222863629
circ_chr19_52282111_52283413_ZNF766,0.11215406841188416,0.04010756276221526,-0.007639041736950401,-0.015910857482193754,0.003956085896640507,0.006499827214099934,0.05654655145703102,-0.02996004582025717,-0.6943159103879076,0.12071063435481975,-0.0027158577419121527,0.20149349091209445,-0.010089036024344723
circ_chr19_52383849_52385742_ZNF880,0.03517578522254546,-0.012755289107106433,-0.001428524164893257,-0.09156922988861513,-0.015125341855837303,0.006122364376297802,0.053497189151784995,-0.003825403390078153,0.012809083902382626,0.026383405020333765,-0.0007510133556218944,-0.007191150770090051,-0.0015355148457552538
circ_chr19_52618936_52635153_ZNF83,-0.0006998888508918843,0.051942268219407665,-0.09306819796434139,-0.00733178460118322,-0.012281387068164088,-0.015573898877831163,-0.0010922155317116481,-0.058150263785796935,0.005302065049304741,0.04654625797010449,-0.015328669974436162,0.1353393316010442,0.011766558962465064
circ_chr19_52655561_52660843_ZNF83,0.00940628576690327,0.0020044136988043334,0.025173669807491878,-0.06635250287174912,-0.002046881700511161,0.003062415893359684,-0.005519791512270808,0.023117972356981153,-0.06354399876794561,0.03328549955957083,-0.01895551860135048,-0.012063953554696192,0.022529498108894
circ_chr19_53380722_53384056_ZNF525,0.016917817152316415,-0.02558774242725354,-0.03965486556693206,0.014594695171754461,0.00922175394073145,-0.004163975191629235,-0.005977559173618548,0.021358857419364923,0.0037315907901623317,-0.011025621427189573,0.017044758699866575,-0.09190963618509224,0.03617767413317949
circ_chr19_53380722_53385027_ZNF525,-0.007587005498529665,0.01423601517052029,-0.0006194606355015589,-0.07090867365570219,-0.006230018692138329,0.0071427904619766475,0.0392967856475087,-0.014431260025416035,0.039468321182797445,0.036030483997904796,-0.01645229363181446,-0.03428807479706978,0.030282183477394573
circ_chr19_5604583_5604936_SAFB2,0.1617532679365066,-0.0034819171307711207,-0.003138787343129361,0.0007444348770552423,0.005959330785913338,-0.014007630657788706,0.08551955608147876,0.005502201691115438,-0.7244912139270986,-0.031214329233251844,0.0019032118096067167,0.012876479369966887,0.0013665021556497005
circ_chr19_5653115_5654456_SAFB,-0.0026020461701457684,0.06999934674491977,-0.0004872393955551836,-0.02792439275623179,-0.012643334725734512,0.0005101517870307649,0.002449135883422294,-0.014960579741137701,0.01163492450104156,0.00495815590312014,0.016943119488448604,0.02332656686694221,-0.016791604885446832
circ_chr19_56576713_56578278_ZNF470,0.022993599260299435,-0.01620436648472317,-0.001782312135761681,0.0009854663342769175,0.0142233898142542,0.007431781939083958,0.008772133738061707,0.00522242081244925,-0.01858658341627424,0.0014807151664648634,-0.01877348759098192,0.000874098544040593,-0.004368659255749602
circ_chr19_57455653_57456182_VN1R1,0.10742884872634373,0.11833022819462644,-0.11473726964810148,-0.03999209453715751,0.06841941200678553,-0.10049972662351205,0.02323860233759515,0.09490038993232379,-0.2499893195702053,0.038206814442961756,0.08245169757888703,0.02341717782408723,0.03227533218582792
circ_chr19_57776543_57780146_ZNF586,0.0017920109648170476,0.04999319432558532,0.012400870880513634,-0.004957257643283587,0.03007385196904535,0.0006658775812204873,-0.008250274330184054,-0.002632954200119543,-0.02494326475836415,0.004452168768440812,-0.0035708633157229453,-0.047936633352286526,-0.010541356828705117
circ_chr19_58392976_58393487_RPS5,-0.019946684898900717,0.0042094655004065755,0.04771560323763428,0.16082636230681854,0.036346674013630766,0.04663419276479899,0.05052559635428543,0.004852096957989774,-0.223813055637427,0.0024388200494071463,-0.06883009680504434,-0.026380736628475728,0.04420004174828207
circ_chr19_6697344_6697794_C3,0.008476677037931998,0.016248742288626085,-0.030889789864308695,-0.0004080591047857076,0.0024861863423507767,0.01651118913711691,0.012420339949593042,0.007332968337402822,-0.012077295678113931,-0.0008282516962527216,0.004972313040257067,0.021140806969839384,-0.012126961420728817
circ_chr19_6702127_6702579_C3,0.24008390133027688,-0.1016740643555275,0.025984451684042027,-0.03538725260822034,-0.002162320530814599,-0.0027869725661069412,0.026944870604880208,-0.0526199003438774,-0.16515170595504267,0.000955488572059539,0.004570313771646167,-0.013719753483926372,-0.016062887938898023
circ_chr19_7163032_7184637_INSR,0.00034413793119861865,-0.024335530768369543,-0.06923686639231927,0.023582971807596782,0.02023012990971565,-0.010327629963192071,-0.005244795022682894,0.09321655692268063,0.01978724812666277,-0.020219287162791536,0.053718481578634174,-0.22911463136486115,0.05495333003225237
circ_chr19_8455405_8463686_HNRNPM,0.15947376312809114,0.13130946397841195,-0.10918754970446917,-0.019703462336815115,0.027123320850690816,0.003408190866582578,0.011347142750728264,-0.045205561119588074,-0.5269870535594751,-0.013212026031031566,0.011904927620316325,0.08971973627758655,0.02656956707480445
circ_chr19_8876369_8876658_MUC16,-0.004175541783042308,0.009424808392649597,0.0006234851136252017,-0.018510413172465177,0.003446316883342621,0.005633432572410075,0.006958617874306801,0.02321336379721167,-0.06812876184278137,-0.02597618933793421,0.012382314253642572,0.008787442132833048,0.00213461883010478
circ_chr19_8894193_8896090_MUC16,-0.019950626328445572,0.00819361522269924,0.02202507010989198,-0.0038762599892722795,0.08804452226149752,-0.24046244776842338,0.039258594808527766,0.16576752097615183,-0.043200966833506195,-0.00661187252971243,0.002076089978905806,0.08201138463717171,-0.030171419545942924
circ_chr19_9652953_9660874_ZNF562,-0.022403254616833356,0.01406808513575033,-0.03441501157592847,-0.028564419261410165,-0.007823067848397794,0.003588936537576639,0.008048160977250736,0.0024180890176646558,-0.08081482336123617,-0.03240756986735359,-0.002615130941531318,0.02391309746453496,0.01754395839243629
circ_chr1_100424222_100442996_CDC14A,0.009055795118111498,-0.0048229611323273875,-0.024020922811466432,0.17786833933170165,-0.0057657426915583695,0.004706818159081111,-0.0037056019491280663,-0.002793885061604254,-0.3820136843724593,-0.038751145760710946,0.014177423425090457,-0.003487691717302477,0.003140041779242568
circ_chr1_100723020_100729382_VCAM1,-0.00954771207627308,0.011557215081512662,0.008824022120720374,-0.031023020872557854,0.029971673849690423,-0.003148633434986484,-0.0037684000090989584,-0.001680217892416055,-0.005784979939343662,-0.012587612983134568,0.0015153125989281907,-0.02211501577401436,0.01659159702340185
circ_chr1_100906852_100921841_SLC30A7,0.03481588175651086,0.004230901301551281,-0.010264094193323593,-0.0063010179823150885,0.003530538139651508,-0.00427178842596217,-0.0035036933458187027,-0.015145626180991958,-0.08310956865929463,0.005067900851360459,-0.004726311845433882,0.02885679022995411,0.0081239174727892
circ_chr1_10095461_10105744_UBE4B,-0.0026191994795655015,-0.005725126787183457,-0.013039988718307916,-0.007143737180708957,0.028966160737193884,0.001585659893216758,0.007262784029904137,0.017373676733399904,-0.005653694400457291,0.012237351383044937,-0.02099107822639384,0.044654925075972095,-9.039814840020125e-05
circ_chr1_102979382_102989571_COL11A1,-0.01898227242209719,0.2184731907835224,-0.018255476114615775,-0.0582822691712487,0.01210072449243062,-0.08177718222796967,0.025366225460692286,0.007344112463295951,-0.07932322883801639,-0.009911107791447972,-0.013765301867478397,0.0008034145599371665,-0.006614939768836132
circ_chr1_103565435_103575540_AMY2B,0.19592437671988905,-0.1606109393400308,0.00023423447533631577,-0.09946563327002647,0.030265711579151467,-0.0062880441634732345,0.03279232249360743,-0.008475274923347372,-0.3204981059167331,-0.005711646479530059,-0.03696175511426669,0.00615205133752862,0.02661087071042788
circ_chr1_108148279_108161293_SLC25A24,0.00037546453709942743,0.057615039034458616,-0.13231334388914373,0.055278840392144354,-0.010282804631167231,-0.02799705420587191,0.09082442628260229,-0.03783036863231651,-0.26990605051254724,-0.0031449688725813064,-0.012847799900571702,0.13403046670537525,-0.025320042914807963
circ_chr1_110891392_110892533_CD53,0.010829654259347506,-0.008701803292273668,0.012100120814616328,0.22839941752263618,0.08255049835746156,0.023285094663901957,0.023167406910557506,0.00891348842177461,-0.09757230303396165,-0.00432824192212783,-0.020431769821111195,0.009851986391613148,0.05770652554559094
circ_chr1_111147642_111161296_CEPT1,0.12237746509276971,-0.05410313567435067,0.01649035953523558,0.14055075003690268,-0.009884627056096202,-0.0033812571066037687,0.012683919021541146,-0.0027800445882889724,-0.10385713041328654,-0.005242382804856244,0.0030970057940786816,0.03481239432688923,0.0009974962114366903
circ_chr1_112653598_112659779_CAPZA1,0.06914607357163634,0.11085905429322572,-0.02016796511797358,-0.0050362231066775655,0.10571962486184597,0.003932159834985909,0.03100251311395466,0.056409896060438135,-0.7393041467216079,0.024984749670015013,0.03444881781920623,0.07496208000314122,-0.012518603049922116
circ_chr1_113549515_113622994_MAGI3,-0.017724216890011177,0.004131809297617239,-0.0023018199498840933,-0.026639702395048523,-0.011317545402750812,0.016666347445179083,-0.025749036473408104,0.02138639862975015,-0.055113102041289684,0.009122206014016244,-0.05503209184097053,0.027489677041055,-0.004722893046082834
circ_chr1_113829592_113834439_PTPN22,0.03643237587446034,-0.0033216367103517707,0.07647029750772275,0.18822587315194766,0.008556301584682817,0.005380110462823757,-0.04375534374996441,-0.032227766719145186,-0.8550038503276617,0.012042314881362832,0.028165801981579256,-0.015490364742228042,-0.0022202261265327856
circ_chr1_113834910_113855049_PTPN22,0.11440520296797514,0.002741201331661083,0.01171730199286476,0.23627007239555742,-0.06241366872606335,0.0014231102461069588,0.037391534752483246,-0.02347945030069256,-0.5229810207816656,-0.0015759012771157633,-0.01985633063398097,0.008228441159189194,0.0007460716859120189
circ_chr1_113848540_113855049_PTPN22,0.05867329018442514,0.002993425148058337,0.015744074793547547,0.241740909887053,-0.0020208178002234373,0.010564863590068144,0.016101179177982605,-0.006052362714886902,-0.33958931816786686,0.0074874211480741954,-0.009103391063043306,0.045843178842416614,0.003305776830720989
circ_chr1_114463104_114464388_TRIM33,0.10289800794801349,0.05141987321662939,0.01374653547057366,-0.05380020428953488,0.00851814316910631,0.03472958345667859,0.033846450247794355,0.03494195675900027,-0.5518167172508248,-0.0026647315927899313,0.05208840596739188,0.0188782976049364,0.041514199022950046
circ_chr1_114719579_114720717_CSDE1,0.02176406603851956,0.0054097029384403295,6.881490679906523e-05,0.02904466977808344,0.056694925678730725,0.012289624826545165,0.01734431142493481,-0.0052065787902777945,-0.009608210222143695,-0.011750915622825302,0.0004770621242136798,-0.0071817119798024,-0.01930433881826479
circ_chr1_117402186_117405645_MAN1A2,0.17201748593867777,-0.012410130473624773,-0.016294072289644832,0.0038678475098994,-0.06618231487374762,-0.01644620718248165,0.04235039852156637,-0.010337073138079573,-0.5148674514238865,0.013055849746968273,0.021098084055164692,-0.05505359533192621,0.032611784522536096
circ_chr1_117402186_117414831_MAN1A2,0.17994513017403332,-0.004427017826168503,-0.1883965943109966,-0.004451962676741233,0.012995846645962528,-0.023102420216809246,-0.0164385746811755,-0.044059116590358674,-0.7585229454383449,-0.05649086356374555,0.011487879657926466,0.09658431299666967,-0.10561989232361425
circ_chr1_117402186_117420649_MAN1A2,0.06227399963729341,-0.024927432286316314,-0.05809800916416127,0.004757678769488684,0.1607895364895793,0.009012546803439112,0.05130774940867625,-0.03388589373360498,-0.5984580082393739,0.014907718118006709,0.013139658682074474,0.07206275236691471,0.011874444225352205
circ_chr1_117402186_117442325_MAN1A2,0.07380774858499553,-0.036990035268353046,-0.10641880442410231,-0.0323130203779633,-0.026620327588803092,-0.010737664415017768,0.017372688324869833,-0.05511636744434071,-0.2448786517536327,0.022053207275275988,-0.008786922107049334,-0.12814559371764273,0.010154541113193314
circ_chr1_117402186_117466427_MAN1A2,0.007314591521242991,-0.008239631068427497,0.008062690232654879,-0.0071224830321031975,0.013731735795554869,-0.03496502029295314,-0.005374194631926811,-0.0055367434149736754,0.051154882883989776,-0.03359526965587557,0.014503022368058614,-0.0577629312829588,0.009229554153887277
circ_chr1_117460489_117502970_MAN1A2,-0.005092346424288694,0.003316167903205996,-0.12962333521354338,0.005505594645310208,0.021615583202351428,-0.00762626290311828,0.0036843857720609626,0.01907818891039899,0.03960437968139803,-0.027343701670153674,-0.012818145184102635,-0.03533539273758308,0.01856536589331851
circ_chr1_117911994_117918736_GDAP2,-0.0005167826688446439,0.00380770908993925,-0.0018581851279546894,0.0014735947457654866,-0.012044790643501028,0.012067085192517066,0.010783770500059716,0.018916995228292807,-0.009541970761745644,0.024026307334736745,0.014246353228497086,0.007221995509064314,0.01823015756553183
circ_chr1_12001401_12002103_MFN2,0.020645378504454408,-0.004440804858231978,-0.03632550212821932,0.03369345308066727,0.15067246010772697,-0.02135380369910918,-0.014199765869816128,-0.039378243505702744,-0.12868352089840862,0.01659635665526314,-0.002005468419002019,-0.06215152091080669,-0.004432036220416344
circ_chr1_1223244_1223968_SDF4,0.08184361228852746,-0.012693428995349925,-0.0009453005680772747,-0.021470272455009837,0.11783925739369222,0.0013943387203411972,-0.02159997547205282,0.009807101322525751,-0.5353117189115726,0.03764066897150675,0.01897427086763951,0.08425543248254914,-0.05339194895851071
circ_chr1_12275825_12278038_VPS13D,0.07678666861031407,-0.06747265572454854,0.0471175117323747,-0.017723752690543496,-0.0007349784513202538,0.014689142476720965,-0.0018494953853089862,-0.003983046763872961,-0.4155912008763681,-0.006945391814197566,-0.010793250012498756,0.03897799052903999,-0.02567310779704353
circ_chr1_12578718_12579412_DHRS3,0.000679079045146071,0.015521605673881589,-0.039051836095056115,0.006089779859190509,0.014522822946697878,0.0008293492934168543,-0.006263065007416856,0.002336115913239629,-0.2351835418045455,-0.013422263773820938,-0.02655986552157301,0.016713858021570684,0.0014776484899148236
circ_chr1_13731000_13742157_PRDM2,0.03977084792999952,0.02043562769492713,-0.010575676142972959,0.21754540670283667,0.017851956524847383,-0.023549635410995053,0.009724353306116587,-0.005421041105367783,-0.04142100847324301,-0.0005465783495965332,0.012327840876610742,0.06514043021291233,0.011697165318061824
circ_chr1_13731000_13749487_PRDM2,0.000369637622261258,-0.008713128221634094,-0.1137067511453933,0.2412244357682242,0.09126320748453416,-0.0622603018825929,-0.012560834185559373,-0.0732139464395764,-0.04641413802851207,0.020624457535370698,-0.0041786424543438045,-0.08310935922084249,0.017808276468645363
circ_chr1_13773078_13782831_PRDM2,0.00034413793119861865,-0.024335530768369543,-0.06923686639231927,0.023582971807596782,0.02023012990971565,-0.010327629963192071,-0.005244795022682894,0.09321655692268063,0.01978724812666277,-0.020219287162791536,0.053718481578634174,-0.22911463136486115,0.05495333003225237
circ_chr1_145839890_145841071_POLR3C,0.05255310262278719,-0.005998768236625829,0.0014324174165660927,0.0047460971425783,0.033958384388403935,0.006903660738931774,0.04431671622337513,-0.02702945215321248,-0.035703024151563685,-0.0045935463325624025,-0.0031263015124514456,-0.0024595584357355853,0.0046590953086084064
circ_chr1_145839890_145842477_POLR3C,0.028054957830516983,-0.01715464580761752,-0.02033980288539786,0.008783723412582996,0.0014013839976747646,0.027805498150484068,0.03355125709773086,-0.012466052716267903,-0.33357264200093073,0.005236199325797624,0.007036949506811623,0.01608135174354446,0.00493219027995885
circ_chr1_147252623_147259918_CHD1L,-0.01811092540471204,0.01366276203717008,-0.07133750332443226,0.012356962201679977,0.08142888540839224,-0.001843972150672286,0.0012497728995030921,-0.02352690257135104,-0.043028176026138794,0.04162880723637674,-0.05487516542341621,-0.09932036647517042,0.01683673573522147
circ_chr1_147275354_147285487_CHD1L,-0.0032488169499239137,-0.007982555432215491,-0.009599533635456816,-0.006913878575408912,0.09567569816280286,0.031271731036972755,-0.0025627618871398882,0.0005995798584728708,-0.14450521715736028,-0.025495425833690046,-0.003871362340883077,0.02195188708161098,-0.003471688673869746
circ_chr1_147648246_147659775_ACP6,0.012773036540365814,-3.7137803751063474e-05,-0.0034989877829900346,0.02282065673173109,0.04238288099625907,-0.007603498757321959,-0.009232414207440153,-0.010774404904803808,0.0689094359418364,0.003226526970905089,-0.001978345511525947,0.01628112859915231,0.014549000706035275
circ_chr1_150492411_150496908_TARS2,0.039644700632639425,-0.0027988314283169872,0.0056231827873885224,0.019160626382660834,0.047458997735602755,0.010021601252269058,0.007359678344567864,-0.008450509341161011,-0.00802319535791825,-0.0057348407876935195,8.23004019502841e-05,-0.009647436720290257,-0.021129732411769273
circ_chr1_151024611_151025673_PRUNE1,0.018677618414088652,-0.002328380983880386,0.00567263740295966,0.01826572342117032,0.027360127656735667,0.018182407147702827,0.022947909996499958,-0.017919878828152904,-0.10569729014455566,-0.04355008579472427,-0.003011082682950421,0.012788091425045039,0.015696072463242422
circ_chr1_151088190_151118139_GABPB2,0.031113009106221022,-0.020665824602718,0.009084597797262369,-0.013641606665663952,0.0373995948455597,0.0024600457266946993,0.006997682299587624,-0.004744574382859436,-0.038306217369896645,-0.003672814613214935,-0.002418286821341308,-6.453921014118477e-05,-0.0056754828607510025
circ_chr1_151166934_151167414_TNFAIP8L2-SCNM1,0.10060035348093471,0.011773568360927869,0.013236794425022845,0.08902907381833268,0.08096509425333417,0.014106294061950863,0.0053172987983611435,0.005878061345354397,-0.5946901375315058,-0.011487697356260495,0.004999409394533848,0.010244224510378224,0.02842614465896128
circ_chr1_151315573_151316509_PI4KB,0.01804388874795293,-0.011677300780552404,-0.002093227347717408,-0.017071339269238747,0.06239231672089654,0.00815728710447183,-0.010167169666977793,-0.003390308409961141,-0.3214088388562004,-0.035830280620261945,-0.010362705388119174,0.018285243654505956,0.010745254846940054
circ_chr1_151427823_151442205_POGZ,0.02176406603851956,0.0054097029384403295,6.881490679906523e-05,0.02904466977808344,0.056694925678730725,0.012289624826545165,0.01734431142493481,-0.0052065787902777945,-0.009608210222143695,-0.011750915622825302,0.0004770621242136798,-0.0071817119798024,-0.01930433881826479
circ_chr1_151638888_151639119_SNX27,0.02225919555996493,-0.007949751012144044,0.013974748445468477,0.16719886983063192,-0.005886388054844587,0.001262478794684175,0.012200135192566746,0.007866942195178646,-0.1831829130677187,-0.004387502765466482,0.008333431692550016,0.009708142924619823,0.018258137008342036
circ_chr1_151638888_151668635_SNX27,0.019623534061631618,-0.02020129652111292,0.028429077553972126,-0.04193923552848186,0.0065405478384221866,0.003184815764928641,0.012315343994470837,-0.009161311265497768,-0.02714914492113382,-0.00630427987476165,-0.01953756177284793,0.022133984129047272,0.0034863365157029136
circ_chr1_154172908_154173201_TPM3,-0.00860835651248899,-0.0452547562628948,-0.004878913891936876,0.07883174003505622,-0.007772267771896794,-0.02799401481763875,0.0016174337700355537,-0.14511633806647514,-0.3818754487092807,0.032890268702343614,-0.04038525432155168,-0.034951465995459334,0.011067687118696481
circ_chr1_154234591_154235291_UBAP2L,0.04445874167205813,-0.0025504581220949997,-0.015752597521460285,0.2104350539860492,0.04051394198114501,-0.012332354851748273,0.0008364418365181247,-0.00961046294032977,-0.12477023974208941,-0.025153102749339316,-0.016252893335659453,0.016829968965103047,0.023728389789006942
circ_chr1_154251041_154251653_UBAP2L,0.02401150989593104,0.015286669768700903,-0.011109557132435334,-0.011367261087971297,-0.03343177792206287,-0.007711700265731629,0.0035395297549736574,-0.022271276564894606,-0.10955436932712309,-0.055016165154206445,-0.008508895387559468,0.003971185826578407,0.019312918740759258
circ_chr1_154251041_154257434_UBAP2L,-0.008517957427396628,-0.021116055378952277,-0.07724164140929789,0.040127893407732214,0.009561089601400745,-0.019819337219614062,-0.032418337141408085,-0.011226167339877831,-0.15249241689309248,-0.06159340499405688,-0.011401708898915964,-0.022020342619582887,0.0001877986084091246
circ_chr1_15442447_15443555_CTRC,0.0807525993684606,-0.2435451151722879,0.01819900464258329,-0.24228733290227608,0.0027205885881441735,-0.015395085865188748,0.061962393716076404,-0.05623371622757872,0.031824551829379585,0.006648668445325395,-0.01957968027898284,0.01934706122600211,0.02096561612293734
circ_chr1_15465999_15467538_CELA2A,0.03434365838152403,-0.1388782061975899,0.008949978219431052,-0.05946575379108973,-0.017594951187469343,-0.012021511752002985,0.016588571818862377,-0.02572794772812314,0.014637391735980576,-0.013629307246684636,-0.001378366272587446,0.027733944868061074,-0.006357135076609171
circ_chr1_15534237_15536814_DNAJC16,0.04095756872957036,-0.006677809114622807,0.003031022648476683,0.021861407939418653,-0.04665769471569559,-0.0038772407306893507,0.009400202127185332,0.01681756120112773,-0.06416405778492285,0.01756371170928742,0.015450686663370714,0.0030306713109126016,-0.02357026554479249
circ_chr1_155370504_155370983_ASH1L,0.004087174071643792,-0.003255749861153289,-0.020182661230889118,0.002135711801703473,0.017995015318294262,0.008608773532381469,0.011152248123950192,0.0013648999519133432,-0.16845077507212328,-0.016916064818069836,0.0033321853783645668,0.011238762087891287,0.0012269890520372644
circ_chr1_155395459_155459898_ASH1L,0.0074304106964943935,-0.0200566584943318,0.006836191578903633,-0.026811307733069223,0.040088594978084154,0.007848473212142947,-0.0011336857997379247,0.029020973435628795,-0.06638882427098741,-0.016097107214349142,0.012974665358755931,-0.008632678244696827,0.008438176863811963
circ_chr1_155438327_155439068_ASH1L,0.1481665656905492,0.0024508783170636424,-0.11050865489752115,-0.014865238264108623,0.0077751511217803064,-0.04918145354679965,0.015900283083165462,-0.02473822709179519,-0.8331422636832101,0.03183411716072118,0.002938009710151219,0.20304702173718295,0.016206178904350065
circ_chr1_155438327_155459898_ASH1L,0.14025737786877635,0.004465466746153002,-0.16115452425465435,-0.1253308284638094,0.0373999882556217,-0.05167735653734276,-0.043175199677085614,-0.009073228423922863,-0.4774386181977334,0.0074364482095150165,0.00564028993953903,0.0975198372008593,0.026194564011648186
circ_chr1_155521100_155521618_ASH1L,0.011724414281570226,-0.0033952144557413168,0.007751916838045074,0.2966346210036939,-0.03816094313829521,0.00041788864250407386,0.013866226607056002,-0.001279235733274259,-0.11794849400604013,0.0016514243830048519,0.0168880795452399,0.01388289265433075,0.005019806584691143
circ_chr1_155670320_155679512_YY1AP1,0.017677920229878255,0.008477092946330965,-0.02318974402467486,-0.02003621210759649,-0.019205073245324396,-0.0029487089599809827,-0.009361540107329775,-0.006323009764451674,-0.06577342374035722,-0.015189332025535083,0.0059457298107081415,0.01976089894888471,0.02988379295709336
circ_chr1_155675010_155679512_YY1AP1,0.08692512334684405,-0.0009986068187993627,-0.029936498948341054,0.005249131018452389,0.01780073139389549,-0.06758001419158609,0.020166827647794053,-0.07024264748618943,-0.20558172777541942,0.004862186126992392,-0.01043625359336837,0.16944052091497677,-0.011464277952025181
circ_chr1_155675010_155680456_YY1AP1,0.000858729064152917,-0.05579826031170041,0.03797001380910138,-0.029459299878799357,-0.015959128381971326,-0.023956661754306052,-0.030811392461058143,-0.011349909629495409,-0.02833257845427108,-0.013207151161024541,0.004640381022034448,0.015698167331932213,0.012239954797328022
circ_chr1_155676548_155679512_YY1AP1,0.18965303695249836,0.05333073097427735,-0.13543587288055733,0.009429854825547491,0.014240404638060731,-0.11505168470733822,0.07533112761552364,-0.09345430475883586,-0.6327686047055341,-0.02562945525642477,0.016664828664707344,0.13502009842529764,-0.0003771923130719497
circ_chr1_155721517_155726019_DAP3,-0.0005850174937474062,0.14790930551290896,-0.018448757427208636,-0.032335518254044106,0.00539091781593544,-0.012639424489465773,-0.005505421091712502,-0.03436983434267607,-0.1359345482386131,-0.04069780951541855,-0.01063981907739313,0.011353074140472718,0.014920146922837312
circ_chr1_155725382_155726019_DAP3,0.07958940478179564,0.004809458933052485,0.0023407429178584935,0.004418972499654832,0.01641422983749019,0.01589955513243111,0.012004970081462982,-0.0087052114506049,-0.3212521471607814,0.008534931380232669,0.01313212325094138,0.007362377919534245,0.007271193529502252
circ_chr1_155820606_155827028_GON4L,-0.018286281889698122,0.007835276476947192,-0.12836977070846728,-0.004898075842079983,0.0009213163624133535,-0.00887190858102118,0.025436776288908586,-0.06448370323305881,0.025155734915510118,-0.020904090297843105,-0.044075134257638676,0.09955251140064407,0.0036961297300452307
circ_chr1_155853276_155853806_GON4L,0.08780305087946778,0.14858287166208362,-0.04220293463297295,-0.013977547143754893,0.011490056937261869,0.0027190880600569908,0.04014150412845427,-0.004249446358110261,-0.5407950702004621,0.0025892515986517,-0.009707774206163049,0.004801435017569128,-0.006673381310444099
circ_chr1_155904311_155904804_RIT1,-0.030897366868296878,-0.08594906279431117,-0.16719935521220913,0.020011131420287678,0.10828010165614718,-0.02387388872151814,-0.03212148468635089,-0.08562983930444472,-0.2554983600988171,0.014052041794401234,-0.05748131503838943,-0.020586491734351845,-0.007830042557895815
circ_chr1_155926676_155927156_KHDC4,-0.0023366806653355816,0.05492433916020985,-0.02011347925659865,-0.04256380212645693,0.010483550688910487,0.035862326212277994,0.03330319359246914,0.009314123440589872,-0.22104161787149876,-0.006722054685719836,0.0014566045708141713,0.13602132255597246,0.0007191338969055758
circ_chr1_156320839_156334918_CCT3,-0.018286281889698122,0.007835276476947192,-0.12836977070846728,-0.004898075842079983,0.0009213163624133535,-0.00887190858102118,0.025436776288908586,-0.06448370323305881,0.025155734915510118,-0.020904090297843105,-0.044075134257638676,0.09955251140064407,0.0036961297300452307
circ_chr1_156333547_156334918_CCT3,0.043224130388749234,-0.0048841871979659135,-0.03670143484388086,-0.0026106560115894063,0.0075208442464095105,-0.025005882503504603,0.012685597059862315,-0.08107680972833878,-0.4221365524984396,0.03775653744594529,-0.04579445689440941,-0.014812009371857442,0.08037230351927682
circ_chr1_15638307_15643650_DDI2,0.08674736923817253,-0.0051529937916049125,3.555317261364196e-05,0.1640002662186219,0.026863618190183017,-0.012726799574581477,0.013565532908685578,-0.04257568516519083,-0.4693969987585353,0.02524331366716963,-0.02165792832502158,-0.01604543999920408,0.012592324657566004
circ_chr1_15717893_15721388_PLEKHM2,0.2014040827498237,0.12494951546750072,-0.04655123285455453,-0.016860479679764773,0.0918186020270995,0.012374480848418632,0.044867231496092085,-0.006539523228343733,-0.6444762465465104,0.03871493317601601,0.012916433973599307,0.03580267357651107,0.017353826611445206
circ_chr1_160213110_160213265_PEA15,-0.026507927199211065,0.024960095934925493,-0.0066216981299431835,-0.027671325418788844,0.01935714581993383,-0.013351900759171639,0.20997601891544213,-0.0008877622383454404,0.12558587438166768,-0.25118039615167503,0.017579261935142334,-0.32120897257248326,-0.026696821391803655
circ_chr1_160323431_160332557_COPA,0.008275192387267434,-0.004936274938569733,-0.039344310606771425,-0.014299387967217051,-0.0013279443694224772,-0.0022011472564176337,-0.03245195493941083,0.0012627307755937402,-0.2809789332760384,-0.06084641003409652,-0.0027278245006429327,0.05257002467620184,0.04556081707586566
circ_chr1_161846449_161863312_ATF6,-0.0016213377736016517,-0.0005264743098623851,-0.10981386237136047,-0.010694965253918394,-0.02055337071124891,-0.024525964346515355,0.0031050437720754505,-0.024279332924484483,-0.01851125046599555,-0.011397883255764128,-0.019139831750353796,0.05821984850328309,0.003907622584451684
circ_chr1_16201782_16202574_ARHGEF19,-0.04194589684857292,-0.009537573101092853,0.004304273614102095,0.07654236376125848,0.11663770558472264,-0.015415408999461816,0.014968739692944466,-0.042649628021436625,-0.3443033769094072,0.0242284309836365,-0.02941056562300566,-0.16358567838636306,0.030132322948369695
circ_chr1_165890204_165891322_UCK2,0.012815759917387582,-0.01818358061570587,-0.0002622661026417054,-0.019117564482420926,0.027104440524773735,-0.004545297911634409,-0.004716657641885449,-0.00782460761802539,-0.02309222728329497,-0.01218274499149543,-0.007715351680306608,0.00271983296222666,0.019099359463984094
circ_chr1_167765583_167776166_MPZL1,-0.04884257821981038,0.031212427492162603,-0.005888837170644706,-0.017455879055782622,0.0017879721586560524,0.009534465083753106,-0.03415723110410531,0.030471061758529105,-0.04884020828558725,-0.007484210542106928,0.012546832105799443,0.024144903373564158,0.04536263938807021
circ_chr1_167951800_167975015_DCAF6,0.011724414281570226,-0.0033952144557413168,0.007751916838045074,0.2966346210036939,-0.03816094313829521,0.00041788864250407386,0.013866226607056002,-0.001279235733274259,-0.11794849400604013,0.0016514243830048519,0.0168880795452399,0.01388289265433075,0.005019806584691143
circ_chr1_167966629_167975015_DCAF6,0.019972612828223178,-0.015846868247369462,-0.0031500992027313204,0.004539116015395665,0.004491941914899901,0.0070946119622479886,0.02515259199842008,-0.030468488757211462,-0.08738512823901357,0.005020680239430467,-0.07288835288598619,0.008773230526336506,0.016458855247902093
circ_chr1_168231514_168231919_SFT2D2,0.0034903941844568543,0.02669096009459721,-0.010251666151758565,0.009532461470172103,0.017957126557994283,0.013553767546134715,0.003534809837860167,0.010431180847944869,-0.006054832036095301,0.02749828949368945,0.006504950583565917,0.013895848580017635,0.018274904257649542
circ_chr1_169477155_169477757_SLC19A2,0.007107087189885433,0.007776221513285187,0.03291754692717131,0.0038736734994617725,-0.009061121108380643,0.002797526323616014,-0.012619668644796902,-0.010576290285408399,-0.007177884503139697,-0.006507367252999243,0.0005967326955618469,0.016062739523986305,-0.019482215319466555
circ_chr1_169978085_170031975_KIFAP3,0.08010698008008238,0.035186005336087754,-0.006405140846053847,-0.003303093237471242,0.009336931040290172,0.03406195517577493,-0.0016990579774577412,0.05716126475644953,-0.29795581481501826,0.0005663318113325325,0.017084213811484592,0.0840160658508536,0.00024553190885226597
circ_chr1_171024395_171025420_MROH9,-0.00579120287961304,0.10024556490562664,-0.013518403459383177,-0.032267734849604615,-0.004087709986430276,0.012409073359522235,0.05752597066725092,0.0005673843972769518,0.026369562728971466,0.03401173208207288,0.006668518028496687,-0.031027296374235052,0.009560395836756429
circ_chr1_171523221_171527844_PRRC2C,-0.0009059319163340875,0.0020130150779415538,-0.015881100881081495,-0.009856218611700258,0.01362956315759641,-0.0007454993484217708,-0.001875751391767764,0.003837976381718462,-0.04173795403406365,-0.018983663822908274,0.0043800599412949755,0.019615859458788625,0.015906805067007635
circ_chr1_171568247_171575128_PRRC2C,0.0021668012131757543,-0.0458596761020156,-0.053155100518303015,0.0382849824611979,0.03031692331164151,-0.11662901517070522,-0.05534692034059388,-0.05537909175053563,-0.28210903187815134,0.0227044947155702,0.0007617341868991923,-0.12001092045343946,0.021662110911776698
circ_chr1_172140480_172144437_DNM3OS,0.09639302234140701,0.018276708644489364,-0.04249180215135135,-0.04710691651976291,-0.031474640608400564,-0.00842736808463658,-0.0031225282145401307,-0.013543622727009659,-0.08710754965012646,0.0038205163411723303,-0.002588092020670473,0.052616238357175354,-0.006455034495543482
circ_chr1_172551512_172557794_SUCO,0.1559727441643535,-0.03291779724255154,-0.002987770321924854,-0.021223067324820512,0.018382631080439825,0.009929042636119977,0.02583956730815642,-0.002903276448129466,-0.2741647757562054,0.004775648953575485,-0.015294113208799729,0.10808234026177405,0.02438028576467107
circ_chr1_172551512_172570730_SUCO,-0.046281796116125914,0.019464140107410575,-0.03051136731954094,-0.027646191343959837,0.004848066175438566,-0.015465084971194247,0.1334020994874757,0.0039180050695072546,0.01541620136798775,-0.2129790873069913,0.014118547946812563,-0.15898959551487118,-0.00029566868403746867
circ_chr1_172551512_172591071_SUCO,0.004246176905138712,0.008529642412347722,0.010882073240225094,-0.002558614416011146,-0.0015429983272029807,0.008312275717443196,-0.008808821182736983,0.0001909422681654227,0.0015688443820789885,0.019484026391768477,-0.018547404693160494,0.014028275465979555,-0.007194255687550103
circ_chr1_172555869_172557794_SUCO,0.008383900095021074,0.004818513718347263,0.019770116702875273,0.003687874315685296,0.007725724832692728,0.004846135397152315,-0.010378112866545358,-0.02755402542151229,-0.03668841020129158,0.001522064279667592,-0.002996379510305701,-0.015537567927615846,0.005860813870188406
circ_chr1_172555869_172570730_SUCO,-0.043663334821743255,0.012859546272559709,-0.13089430630783683,-0.01996125798294835,-5.5738719139831064e-06,-0.012317934869674517,0.011510658961076229,-0.03577929484594786,-0.021277162358608267,-0.038956923942964905,-0.02808998231337114,0.07848047518415174,0.026521369360110607
circ_chr1_176081152_176136547_COP1,0.008007185683754983,0.06275685257111738,-0.017123900378866394,0.0050708164789216486,0.0016865238611556094,0.0022300319096239703,0.0013459041787192926,0.006801744574194827,-0.06597460321235567,0.033613746023787756,0.010110533123982503,0.04689914131762044,0.0022156895365901025
circ_chr1_176116624_176136547_COP1,0.008973245180430401,0.008721761173872158,-0.007790706565369182,-0.022839832977894187,0.0004715927376132256,0.002857935466982588,-0.00537256033647754,0.015257265202998499,-0.10749681311929704,-0.002640132909557341,0.009910315962658737,-0.02422917645213864,0.0005841340721764678
circ_chr1_176149006_176176007_COP1,-0.002092207028075754,-0.04643601202248634,-0.06957973598661601,0.008819318615304689,0.05670404003856647,-0.10663488850420687,-0.01119578523393624,-0.1359809040704566,-0.09904621153939377,0.08191187660291373,-0.02291613379789193,-0.24450941595967698,0.0003738591544018916
circ_chr1_176149006_176184692_COP1,-0.0018577285849835602,0.013523599324826347,-0.11678186911380356,-0.0018051851479137149,0.005162016884066807,-0.020853824520827364,0.004662459440409044,-0.04561012176843607,0.0499420605619785,0.00428674097253662,-0.022203797220222837,0.17527421730004336,-0.0007415757323182222
circ_chr1_179043715_179054638_FAM20B,-0.011029782234720934,-0.007953988219572843,-0.1670630487573269,0.011817987546025269,0.01414430950129917,-0.014827437683506615,0.013162550646047549,0.006293108479582573,0.03494632884420477,-0.03225557278459049,0.0006916147179761698,-0.027325321361442813,0.038774636117697624
circ_chr1_179120190_179121867_ABL2,0.014010281760088306,0.016517355089990908,0.009622724113046193,-0.04670341192057773,0.0073782422135365185,-1.7938276072121774e-05,0.010493441562611071,-0.01558727547187354,-0.0021999294212285466,0.00011504935326198716,0.008588039302774271,0.018827654601768083,-0.010130783793645154
circ_chr1_179131311_179133374_ABL2,0.035059900100052506,0.006740331249196073,-0.008909246488960099,0.0004386740450890468,0.05883768028243828,-0.011998374017818184,0.028560940402005023,0.03025236317518535,-0.434777640995815,0.001025609419703653,0.0059842170979665845,0.016276824625436632,0.005953922265129735
circ_chr1_179347600_179348942_SOAT1,0.01244207668142611,-0.008580985595433655,-0.018186290226256563,-0.010205203437956872,-0.030859932450309963,-0.023738298602371546,-0.017948119684960046,0.013263088149167013,-0.06790400060182611,0.0033389955348089276,0.007589667535300802,0.0001557590120779122,0.0017784414356709624
circ_chr1_179900126_179908673_TOR1AIP1,0.01244207668142611,-0.008580985595433655,-0.018186290226256563,-0.010205203437956872,-0.030859932450309963,-0.023738298602371546,-0.017948119684960046,0.013263088149167013,-0.06790400060182611,0.0033389955348089276,0.007589667535300802,0.0001557590120779122,0.0017784414356709624
circ_chr1_180003174_180006567_CEP350,0.17160302097816738,0.023035324274154636,-0.0679277313632415,-0.02146786459859106,-0.010571575335373437,-0.04777118136857451,0.032532156674682185,-0.058587445794895936,-0.582249283349324,0.11300971411955713,-0.005794094574562983,0.26248577481885055,0.015262757205998859
circ_chr1_180075022_180084178_CEP350,-0.018286281889698122,0.007835276476947192,-0.12836977070846728,-0.004898075842079983,0.0009213163624133535,-0.00887190858102118,0.025436776288908586,-0.06448370323305881,0.025155734915510118,-0.020904090297843105,-0.044075134257638676,0.09955251140064407,0.0036961297300452307
circ_chr1_180397516_180413471_ACBD6,-0.017044460340697207,0.018244418807915396,-0.0005875376903099932,-0.02078996977470394,-0.014683753298026063,-0.0015894387685842493,0.0033611980997597934,0.0028828507538936573,-0.09707490166271465,-0.008551891357916976,-0.03843608200294339,0.04462391521583413,-0.020585956839908583
circ_chr1_180397516_180430262_ACBD6,0.004246176905138712,0.008529642412347722,0.010882073240225094,-0.002558614416011146,-0.0015429983272029807,0.008312275717443196,-0.008808821182736983,0.0001909422681654227,0.0015688443820789885,0.019484026391768477,-0.018547404693160494,0.014028275465979555,-0.007194255687550103
circ_chr1_1804419_1806538_GNB1,-0.020125352302966037,0.018929493727815078,-0.012168580817594324,-0.013685504697514103,0.006180114880878538,-0.013485023864957086,0.2426975875130109,0.00023612689617276842,0.17293277942327082,-0.27154457044951485,0.019574531692475795,-0.3392318792067035,-0.045285146866629045
circ_chr1_1804419_1817875_GNB1,0.009206211371767185,-0.0033569707666174396,-0.00028692764421929366,0.00706704426102688,0.17445345462694065,0.05601026895285488,0.007188315988301743,0.021044192681457945,-0.103621649631719,-0.0038493710892423087,-0.0025944510869647694,0.022364928415243568,0.005259032700247048
circ_chr1_180984677_180993425_STX6,0.0005156472875620675,0.026022816716657963,0.022575388349195456,-0.025125956726777397,0.09693222887910448,-0.014987113558618707,0.031030938644077626,0.0031603068167021385,-0.7656185442853596,0.03592593972170724,0.027669964757459205,0.07788731796249625,0.0027184909127118745
circ_chr1_180984677_181005463_STX6,-0.02773054992171545,-0.014820167523170506,-0.01080509665740411,-0.04410439257637397,0.08551518854093892,-0.0063927695561394075,-0.009055632055619356,-0.025842492565959274,-0.3491267887224624,0.037431646431612176,-0.017405030813389046,-0.13722643660252953,0.08093571042172948
circ_chr1_1815756_1825499_GNB1,-0.04538422618473156,-0.0005722967495435182,-0.013284973952583679,-0.03390937144112267,-0.014765543171046877,0.00967634322049602,0.03542439268965162,-0.027056541672231742,-0.11683543384811668,0.002348629296232299,0.06515558599550252,0.009444739044907115,0.0460481940007393
circ_chr1_1815756_1839238_GNB1,0.005772098583258793,0.0015988842394929008,-0.07686030945404496,0.027116964404178368,0.0174763452617745,-0.03777200808948788,-0.006082558243491208,0.02244506180307385,-0.12774601933916127,0.012955831000146622,-0.0015145628333851008,-0.23172711839967156,0.031811220769364386
circ_chr1_184694044_184749592_EDEM3,0.00034413793119861865,-0.024335530768369543,-0.06923686639231927,0.023582971807596782,0.02023012990971565,-0.010327629963192071,-0.005244795022682894,0.09321655692268063,0.01978724812666277,-0.020219287162791536,0.053718481578634174,-0.22911463136486115,0.05495333003225237
circ_chr1_185214507_185231708_SWT1,0.08850364561981555,-0.0016508601174270374,-0.12596724907939394,-0.017429340768532992,-0.11998347905559796,-0.03398797781156687,-0.006537245266648232,-0.033710536742054986,-0.3269825723393547,0.0418511407667316,0.01947866359541119,0.0017149099344830388,0.03352718242524018
circ_chr1_186390711_186391791_ODR4,0.007499307297703459,-0.007911155346067013,-0.008931249543970007,-0.005758653288553228,-0.027964581352675544,-0.003589990319719354,-0.009012813698697034,-0.030544907207225757,-0.023545549300611746,0.002325041922463172,-0.01891208015096284,-0.012241960775293593,0.01820292978008265
circ_chr1_197583152_197611976_DENND1B,0.007504523233338777,-0.028807565487248103,-0.0106072070507927,-0.0019065738908981746,-0.016091790360303636,0.010306265408766764,0.008663643431984365,0.0033734278768794397,-0.14593772765315935,0.009079123818615736,0.004329501572198123,0.022229168938038862,-0.006502696129692309
circ_chr1_197583152_197617759_DENND1B,-0.018286281889698122,0.007835276476947192,-0.12836977070846728,-0.004898075842079983,0.0009213163624133535,-0.00887190858102118,0.025436776288908586,-0.06448370323305881,0.025155734915510118,-0.020904090297843105,-0.044075134257638676,0.09955251140064407,0.0036961297300452307
circ_chr1_197642711_197658369_DENND1B,0.06092707372198023,-0.0213178306971941,-0.05846436314952774,0.017367947296651993,-0.004925271563062893,-0.03756848472808806,-0.00225475966859469,-0.01486158944238888,-0.5075945974086292,0.0020076065422587612,-0.01630825153993173,-0.04993206170563073,0.05818580311950059
circ_chr1_197642711_197715074_DENND1B,-0.008357991321792015,-0.010624139475351261,-0.010217543568383104,-0.02181740393199493,0.0012910238410320256,0.05420419625176614,0.017099906262562192,-0.0011086589243604454,-0.06990814877668905,-0.013111654167131264,-0.04539247524127185,0.04167579461899335,-0.015247411172827954
circ_chr1_200043774_200120955_NR5A2,0.16514925720279786,-0.2837164257326033,0.03784956555973054,-0.292811522329063,-0.02588688448831731,-0.008339258317460019,0.046584137202933355,-0.0348308776191762,-0.06966891386185983,-0.015131912181926391,-0.02329943849031604,0.03622301595600958,0.02058835019648134
circ_chr1_200111202_200120955_NR5A2,0.05809994744461608,-0.19469722313807836,-0.0014576832921060396,-0.15366935506530857,-0.06164925719603084,-0.0044043353128356425,0.053891315558553525,-0.02894183714734472,-0.008652045810131348,-0.006045098239500559,-0.011638098035647028,0.032040461262591254,0.012150358824683198
circ_chr1_200760839_200761098_CAMSAP2,-0.01994668489890071,0.004209465500406575,0.04771560323763425,0.16082636230681852,0.03634667401363076,0.04663419276479896,0.05052559635428543,0.004852096957989772,-0.22381305563742696,0.002438820049407146,-0.06883009680504436,-0.02638073662847573,0.04420004174828209
circ_chr1_200760839_200815644_CAMSAP2,0.024794464353808894,0.011362055803508301,-0.027087247976677387,-0.006751031281597271,0.02848595954634028,0.01751675798724624,0.11007951950596367,-0.018298189861763334,-0.043550822534774436,-0.06225704784132257,-0.004467025410150405,-0.025619552624866544,-0.024337614762903678
circ_chr1_200937180_200948872_MROH3P,0.0018459332483118183,-0.004965072299419013,-0.012427094334875282,-0.010513597589746102,0.014123132559460731,-0.05125112440973804,-0.006965976146164146,-0.008954026301170526,-0.03748543070318275,0.022832662377788245,0.014246909085771321,-0.031497703730569475,0.007107740562331902
circ_chr1_202760415_202773288_KDM5B,-0.018286281889698122,0.007835276476947192,-0.12836977070846728,-0.004898075842079983,0.0009213163624133535,-0.00887190858102118,0.025436776288908586,-0.06448370323305881,0.025155734915510118,-0.020904090297843105,-0.044075134257638676,0.09955251140064407,0.0036961297300452307
circ_chr1_203707009_203708104_ATP2B4,0.022024110003792143,0.024013006537313395,-0.01116604824723837,0.038967381184098225,0.01990672888073874,-0.0006024761272667052,0.048681169911440426,-0.025850405161961576,-0.3495235288683801,-0.023554856057000646,0.002064676952890191,0.03415248466511262,0.009686858463067794
circ_chr1_204112915_204114605_SOX13,0.040650992264209165,-0.02782494532345705,0.015972518086818408,-0.027225847344924985,0.03356870189704365,-0.0013731186266931917,0.014085608220939036,-0.005836495702885798,-0.01991608189020065,-0.0043280690642843395,-0.006214297698412879,-0.001290316050631634,0.0031946879555510145
circ_chr1_204241375_204245726_PLEKHA6,0.00034413793119861865,-0.024335530768369543,-0.06923686639231927,0.023582971807596782,0.02023012990971565,-0.010327629963192071,-0.005244795022682894,0.09321655692268063,0.01978724812666277,-0.020219287162791536,0.053718481578634174,-0.22911463136486115,0.05495333003225237
circ_chr1_205616478_205623891_ELK4,0.012895243597884916,-0.05527798641895276,-0.18802557716223708,0.00148681829303411,0.10863572335030575,-0.041888108873967905,-0.014958230118309294,-0.024099473635704246,-0.1357545846519341,-0.015492697554223304,0.053809566587154016,-0.024738621151589934,0.04601626296796764
circ_chr1_205723926_205729621_NUCKS1,-0.024554386384306754,0.014406349867178276,-0.015362685085480403,-0.018875496523953428,-0.0036625647139342265,-0.015238315452722874,-0.03185156373001824,0.004564770833445986,-0.22830190410957696,-0.02867150039357099,0.0009269267775808039,-0.008621097284682331,0.010934414905514818
circ_chr1_207027494_207027679_C1orf116,-0.01287260749236675,-0.1952317715081504,-0.15089169731776203,-0.0631090163152841,0.2814415284046835,-0.053868899705298186,-0.035001636708732936,0.0316424122604882,-0.2085001142674916,0.0024278021059533274,0.016912115233471293,0.15857905087153096,0.026037052223615277
circ_chr1_20749723_20773610_HP1BP3,0.004571823348146748,0.030764627618512005,-0.00820265501441633,0.06330736100894212,-0.015339823906802616,0.018983398934355696,0.006885285976789933,0.008347250396413756,-0.06999733205196733,0.01968464622220928,0.007121022044499021,0.005112125938421879,0.0486787202199393
circ_chr1_20757166_20773610_HP1BP3,0.12574335083847277,0.09760967371622441,-0.027410601680736047,-0.0008342920670063237,0.01165722801028602,0.005686393850977047,0.04614774371759563,-0.0032798354918567646,-0.6598686767237927,0.012252412322113477,-0.006849144591248822,0.13176973965938749,-0.021314435494015228
circ_chr1_20765377_20773610_HP1BP3,0.007107087189885433,0.007776221513285187,0.03291754692717131,0.0038736734994617725,-0.009061121108380643,0.002797526323616014,-0.012619668644796902,-0.010576290285408399,-0.007177884503139697,-0.006507367252999243,0.0005967326955618469,0.016062739523986305,-0.019482215319466555
circ_chr1_20770930_20773610_HP1BP3,0.15455852433490755,0.027418149958769573,-0.021438080911847908,-0.020567568516605687,0.11891319515825627,-0.006237966851009674,0.009505298763047884,-0.039892264253445275,-0.6939391748886965,0.06333044991855606,0.021945879469774332,0.17688007718136808,-0.0029959811560028933
circ_chr1_207815929_207817414_MIR29B2CHG,0.0031213084530363963,0.014518782029764936,-0.027052897182337526,-0.01684429323333351,-0.020892911452582305,-0.01593984078275525,-0.009235961536069884,-0.001882409948813448,-0.00020836762893140036,0.030398531788013838,0.005845223378340794,0.10376731553801989,-0.01958589431523575
circ_chr1_208210280_208218002_PLXNA2,-0.022069976975793153,-0.05890010122311984,-0.03781154011563917,-0.00984431857549518,-0.02308221428977013,0.018528219003373165,-0.061297941310959704,0.0011999944529101111,-0.019743938657558694,-0.009034016626003194,0.008397383443709758,0.006509953677866817,0.008239151557065344
circ_chr1_20969474_20981227_EIF4G3,0.027894326570596775,-0.006344504587171041,-0.004627493897710042,-0.023291357956548558,0.028698984791941388,0.02347818671369079,-0.0024663377592395435,0.017739928716769434,-0.30811318510746766,-0.015575068841572707,-0.0018077276611890528,-0.0204175933422835,-0.00787944944936586
circ_chr1_21002713_21111383_EIF4G3,-0.008539441409044876,-0.011809239887093603,-0.15965151314505285,0.015415070020461597,0.016624872731080678,-0.014940757617642882,0.009294523566924315,0.020081795470869346,0.033741874131852805,-0.031807274996000535,0.009527071819267234,-0.057079011084815716,0.04589125526978697
circ_chr1_21050866_21111383_EIF4G3,-0.004767875221029481,0.03508713077065842,0.0017120465633495223,0.059289096536791,0.002668328466976246,0.03380183205392967,0.04063928416742959,0.025907971704609067,-0.3402487537595665,0.03490315998884347,0.023821586075625,-0.0038839292053811187,0.017610998907605036
circ_chr1_21089138_21111383_EIF4G3,-0.014074912033320685,0.02613956759334624,-0.025010254873961333,-0.022196790682015705,-0.007506002306277629,-0.0075730695761369,0.004368823315789167,-0.03329115404794337,-0.0011318651768400113,-0.0016131083378931855,-0.020404003283470144,0.05297215874381648,-0.011226896648790292
circ_chr1_211353239_211354467_TRAF5,0.12995047707216734,-0.040253126430308046,-0.01308840138629646,0.08005839347863908,0.07637617346948802,0.014559767382101706,0.017528279461461495,-0.05099849635762788,-0.5624701900098027,0.009116150815939942,-0.02450557739216388,0.03778798931359058,0.03128995811145438
circ_chr1_211778918_211793190_LPGAT1,0.14740907991488747,-0.011031683000852254,-0.015500159669697167,-0.12273541235049301,0.0333463031528628,0.0036364739731873865,0.02517092613211653,-0.05381639749343855,-0.34957696237889846,0.0017592852949724683,0.045668935463773784,0.015339870693617941,0.0268677253423908
circ_chr1_213071006_213117410_RPS6KC1,0.007107087189885427,0.007776221513285182,0.03291754692717132,0.0038736734994617695,-0.009061121108380638,0.0027975263236160136,-0.012619668644796906,-0.010576290285408393,-0.007177884503139698,-0.006507367252999241,0.0005967326955618486,0.0160627395239863,-0.019482215319466565
circ_chr1_213077696_213117410_RPS6KC1,0.006181293723119733,0.1530949881160596,-0.011621323475716342,-0.012998963331850081,0.021791827521390934,-0.19109011621021904,0.022962090776389475,-0.011981442271945532,-0.023338640079576617,-0.02517305792982364,-0.056069687194669135,-0.045962346993227106,0.02384139259655221
circ_chr1_213117317_213129889_RPS6KC1,0.0045820804123299615,-0.005054619482343061,-0.054782202084442407,-0.008445976917685888,0.0011222428137242077,-0.023789619078415796,-0.022662513284261283,-0.010043166014000019,-0.05462254540167908,-0.004455400160947212,-0.00406926844299455,0.056539588457194145,-0.0053090373715270625
circ_chr1_213129527_213176492_RPS6KC1,-0.027444456820186015,0.008985209632974103,-0.026271338218027306,-0.02550525055928732,-0.0011873995697816132,-0.00827357389088408,-0.00789050961025594,0.0054242773500877825,-0.09299382664387827,-0.026381466482586446,0.0017635755977336708,0.010125429337205668,0.033845237327614894
circ_chr1_213167858_213176492_RPS6KC1,-0.008517957427396628,-0.021116055378952277,-0.07724164140929789,0.040127893407732214,0.009561089601400745,-0.019819337219614062,-0.032418337141408085,-0.011226167339877831,-0.15249241689309248,-0.06159340499405688,-0.011401708898915964,-0.022020342619582887,0.0001877986084091246
circ_chr1_213996469_214011715_PROX1,0.004859890486070395,-0.026825239117165715,0.007263114345412465,-0.04750289924251031,-0.0013690282280847939,0.008910013805887013,0.01392836583918927,-0.02454601762390125,0.0074672260274009136,-0.00625461719642019,-0.0021610603474324346,0.06560331247610551,0.007644528063408875
circ_chr1_215169199_215172183_KCNK2,0.0017920109648170476,0.04999319432558532,0.012400870880513634,-0.004957257643283587,0.03007385196904535,0.0006658775812204873,-0.008250274330184054,-0.002632954200119543,-0.02494326475836415,0.004452168768440812,-0.0035708633157229453,-0.047936633352286526,-0.010541356828705117
circ_chr1_21715389_21721764_USP48,0.07160695202442836,-0.013566234481335638,-0.009130329181762124,0.018084837749596825,0.043964762277940515,0.015420265359569548,-0.01757505564691951,0.010276533268757175,-0.38939060548904825,-0.015007765707389153,-0.007194018538653251,-0.012094665200801435,-0.0018727567262257876
circ_chr1_21715389_21724095_USP48,0.01244207668142611,-0.008580985595433655,-0.018186290226256563,-0.010205203437956872,-0.030859932450309963,-0.023738298602371546,-0.017948119684960046,0.013263088149167013,-0.06790400060182611,0.0033389955348089276,0.007589667535300802,0.0001557590120779122,0.0017784414356709624
circ_chr1_21721036_21721764_USP48,0.005501446286346857,-0.023401886816535745,-0.0018959610974282608,-0.010912516346575992,0.017650135967367652,0.054652881583337996,0.010957899617830133,0.023184767515857286,-0.02447084149217961,-0.0066777698982345216,0.029824291321582777,0.008632372701901382,-0.00903991310417192
circ_chr1_220006106_220007338_EPRS,0.034463641026860246,0.0040608262546621456,-4.249768667658866e-05,0.2868689138287392,0.03868827484320643,0.0052073328240508105,0.022118870122103916,-0.0004387876093708426,0.07770129503034691,-0.009579948205749214,0.005611089066392769,0.03217644462713802,0.005964539561237874
circ_chr1_22005447_22009857_CELA3A,0.007605343900214157,-0.044483365969028694,0.0025860919130641607,-0.06319595078007481,0.01578127582968352,4.424431842591399e-05,0.02839449043396452,0.013153288513229848,0.09994980267871985,0.00896475945185926,0.005115155132258184,-0.03247303143155549,0.0060329061641904045
circ_chr1_220212887_220213979_RAB3GAP2,0.004425912994031719,-0.014787023247039817,0.010190071333816306,0.0024446737433130397,-0.02726390881899376,0.006303213692905651,0.002114163428903439,-0.0009517740908558488,-0.061626528406780574,0.012324910017172681,-0.021031155017093243,0.032781194681874154,-0.00017364983268542333
circ_chr1_22078429_22086866_CDC42,0.01965252435986642,-0.08473852899582471,-0.012721077478836865,0.00522919432420825,0.000996708545791692,0.005404510308522584,-0.0003782496827703098,0.013875761217028179,-0.2007796840563706,-0.0029894385294045563,0.015605894684693967,0.04216211217420847,-0.0247777505750725
circ_chr1_22078429_22091501_CDC42,-0.026040964916946515,-0.034649458903154295,-0.12115506468704974,0.01071371292281284,0.07376741940488665,-0.2201189823770053,-0.0273069236832922,-0.2685425278886138,-0.13796780217717716,0.15664049770108887,-0.01184152488837649,-0.4209713105978359,0.003636801867175085
circ_chr1_221913762_221918712_LINC02257,-0.005519592737264403,0.1054473726922508,-0.0032391595968204465,-0.04115009261860465,-0.01731308826569254,-0.026640881850869644,-0.017646207492114846,-0.018145670949509307,0.0035567766835691264,-0.035869382807484515,0.00061724313229724,-0.039705275889735804,0.02429301181041209
circ_chr1_222724092_222725555_BROX,-0.000559081414271414,0.009129571096267258,-0.016054975259363675,0.09412177325675206,0.018965378961831876,-0.0026609548754067945,0.007383237709934526,0.0031955317741042643,-0.00886560249974897,-0.02731213230129748,0.003521892754516009,0.024024325913821802,0.02830760949555098
circ_chr1_223804174_223806947_TP53BP2,-0.018286281889698122,0.007835276476947192,-0.12836977070846728,-0.004898075842079983,0.0009213163624133535,-0.00887190858102118,0.025436776288908586,-0.06448370323305881,0.025155734915510118,-0.020904090297843105,-0.044075134257638676,0.09955251140064407,0.0036961297300452307
circ_chr1_224365879_224371423_CNIH4,-0.0010813432892956604,0.03959345829743114,-0.007351985133776722,-0.05724746174410554,-0.005699056796391611,0.015030830127420715,0.0032113282752396144,-0.0007017979974639084,-0.004890058433930162,-0.01858701954882086,0.00017247383535846556,0.013709629970941783,-0.002122131582106477
circ_chr1_224730462_224734706_CNIH3,-0.025788767769585667,0.09206246414301993,-0.01466810877757286,-0.10022321034653896,0.003149563004588385,0.01069855363313803,-0.02197081728193186,0.032460637373035325,0.08806658649940514,-0.03603431189848787,0.036209176111898715,0.12731495697252687,-0.004459746059230276
circ_chr1_224952670_224974153_DNAH14,0.017971946425871868,-0.02283884927599163,-0.07678425820359078,-0.20252562414052155,-0.08457743007882317,-0.04858187162229527,0.027375834455085433,-0.15568619338813613,-0.028759479357449227,-0.023407495870703406,-0.021934658533594793,0.03160055580997392,0.11671255591773318
circ_chr1_224952670_225007544_DNAH14,0.007774359483643896,-0.004043263910999797,-0.08504651957445397,-0.009125488165314595,-0.04055795218467579,-0.07877087580769664,0.0015858456139500015,-0.0037158326815864423,-0.139629844373259,-0.04364807926262698,0.007502703096720312,-0.16075331181400723,0.01220707611782093
circ_chr1_224952670_225023865_DNAH14,-0.008978767320196528,0.0044438309816491285,0.00013750343455898838,-0.011020845042765072,-0.052882667788925114,-0.0283316358949265,-0.0010099797445340714,0.02581812841147487,-0.028465444885883345,-0.14013496413332716,0.01487491954214747,-0.22747137691068736,0.027635881493087076
circ_chr1_225412454_225415332_LBR,-0.018286281889698122,0.007835276476947192,-0.12836977070846728,-0.004898075842079983,0.0009213163624133535,-0.00887190858102118,0.025436776288908586,-0.06448370323305881,0.025155734915510118,-0.020904090297843105,-0.044075134257638676,0.09955251140064407,0.0036961297300452307
circ_chr1_227004994_227017050_CDC42BPA,-0.008517957427396628,-0.021116055378952277,-0.07724164140929789,0.040127893407732214,0.009561089601400745,-0.019819337219614062,-0.032418337141408085,-0.011226167339877831,-0.15249241689309248,-0.06159340499405688,-0.011401708898915964,-0.022020342619582887,0.0001877986084091246
circ_chr1_227139576_227147559_CDC42BPA,-0.02915504184408116,0.010909304860393178,-0.018651556819433465,-0.017259272162231686,-0.0076352983150693,0.089931226303588,0.05140412676032794,0.10052492385378878,-0.008190836590044959,-0.037044191496437576,0.12706417337967316,0.5246105193982237,0.031063570047928715
circ_chr1_227193786_227213219_CDC42BPA,0.011303557264427777,-0.010170080973260139,0.010479622586729388,0.0016015321466260023,-0.018369825249102186,0.00905965029245485,-0.0027511159485986737,-0.004814905200524692,-0.08845024997024431,0.0015073289970629076,0.003340574106360884,0.027719951396246813,-0.0187557552432266
circ_chr1_23030469_23044486_KDM1A,-0.0025404827515942206,0.0010584767029574566,-0.012562486547830515,-0.01744816774310476,0.010362223798337246,0.0202427613548619,0.0014043771748408027,-0.0008461712312086783,-0.12435803049820542,0.004053890991693213,-0.04722485477296532,0.09356251454190498,-0.034226967832999174
circ_chr1_23030469_23050520_KDM1A,0.06084451024480095,0.04131380339857607,-0.0951824232191252,-0.02842972660741035,0.010500031212293372,-0.02866898905523712,0.017156494521756955,-0.011156505538797157,-0.4595362345513636,-0.01619926330464715,0.016405662900484307,0.108217413696408,0.007073124517620766
circ_chr1_23030469_23059167_KDM1A,0.0006235617266727339,0.011586166173530369,-0.08440466943820539,-0.1540478480177468,0.034844185743411346,0.04691264886397153,0.03871320389839448,-0.03968939438839553,-0.1653117400463745,0.041604796344585776,0.010631956731568831,0.09441549004247039,-0.019689506176479674
circ_chr1_230663141_230671640_COG2,0.012773036540365814,-3.7137803751063474e-05,-0.0034989877829900346,0.02282065673173109,0.04238288099625907,-0.007603498757321959,-0.009232414207440153,-0.010774404904803808,0.0689094359418364,0.003226526970905089,-0.001978345511525947,0.01628112859915231,0.014549000706035275
circ_chr1_230663141_230675124_COG2,-0.008978767320196528,0.0044438309816491285,0.00013750343455898838,-0.011020845042765072,-0.052882667788925114,-0.0283316358949265,-0.0010099797445340714,0.02581812841147487,-0.028465444885883345,-0.14013496413332716,0.01487491954214747,-0.22747137691068736,0.027635881493087076
circ_chr1_23071225_23072197_KDM1A,0.016650297871353567,0.015256798804662616,-0.002579009716753588,-0.027725084425029863,-0.021578144415920774,0.002449383622862946,-0.004419635945495168,-0.024696365215342915,-0.0893583983219533,-0.018108667939573168,0.021733826475570088,0.0697205547962759,0.009177615108302289
circ_chr1_230954333_230961303_TTC13,0.06514351729366885,-0.10070929039569777,-0.04427086020789004,-0.000273313995310301,0.01040531206956939,0.02468704197075217,-0.02297071120133636,0.010612249454121129,-0.6727898284854307,0.003931251622046063,-0.011364933712513368,-0.004508397716107281,0.0441279970438679
circ_chr1_231370562_231374099_EGLN1,0.004837045703830026,0.024022930482710984,-0.009742435226388159,-0.0638550980401847,0.05236911929709703,0.07469877653495523,0.02652482105311377,0.019759630872913252,-0.1084082556507837,0.005797411587568581,0.05127709142705231,0.2556358660743406,0.007672729059897533
circ_chr1_231537213_231542611_TSNAX-DISC1,0.05852625104490694,0.0023718594310163164,-0.005564580869671483,0.041274683191213156,0.023046391535619958,0.017396434323695885,0.02542969156779932,0.0029468226235592333,-0.1848056970538198,0.0029020591647820793,0.01968383702702205,0.009781972926501745,0.004215451784920224
circ_chr1_231795242_231818517_DISC1,0.06555833052761927,0.07489221228768435,-0.10624639136886754,-0.011185750717480219,0.03722682713805608,0.04817022342799634,0.032782112384871206,0.014010401733236037,-0.43061266506071416,-0.0022604448854073203,0.01986582459904562,0.01763683333379524,0.019313677877551155
circ_chr1_232460887_232471528_SIPA1L2,0.002447819124651305,0.021861947572285555,-0.005821493917182712,-0.008637218279182544,0.012590225180856675,0.0017970634741692635,-0.013377298831867222,0.027291858380544598,0.0029986516665376634,-0.00023835620887486134,0.024118346343337798,-0.028564138260540734,0.008293954945936838
circ_chr1_233090061_233095863_PCNX2,0.033312402427398406,0.020077471681981922,-0.01610033725141248,-0.0022416605964546005,0.008359432236772416,0.016832573207469625,0.005270282556249273,0.023674332782370557,-0.12295954532625124,-0.010089163087060654,0.016715308698225934,0.046964653605452836,-0.004718387463960362
circ_chr1_233135013_233161363_PCNX2,-0.01073683977123254,0.007439833430096694,-0.03730349526454602,-0.02782849897861836,-0.02149831677838028,0.0016368862536829086,0.0032521458084381998,-0.012330289829104675,-0.0919650878130061,-0.02555566624937513,-0.012139280727441547,0.014177417425522065,0.02453534266576994
circ_chr1_233177802_233208689_PCNX2,-0.006602313785147964,-0.01266693791267957,-0.15233765793472562,-0.01517840596933599,0.045862616933162216,0.042490663285111134,-0.020447972759489615,0.021541412331007363,-0.012494874556547068,0.06952776997278297,0.006005482128646572,0.0011214062325779497,0.0011564854717058036
circ_chr1_233198939_233208689_PCNX2,0.007107087189885426,0.007776221513285182,0.03291754692717132,0.003873673499461768,-0.009061121108380638,0.002797526323616013,-0.0126196686447969,-0.010576290285408393,-0.007177884503139693,-0.006507367252999241,0.0005967326955618486,0.016062739523986295,-0.019482215319466558
circ_chr1_233198939_233236980_PCNX2,-0.005884902007963976,-0.014241417173235757,-0.07212880557309075,-0.040954521772870144,0.010916062071036521,-0.006193833936469723,0.04269205148926846,-0.03023929464823326,0.09469541178123925,-0.007431985729034812,-0.023397791273536434,0.03393485354448216,0.005652791083962825
circ_chr1_233217899_233227371_PCNX2,0.09515539853909215,-0.018133245546627867,-0.06273821886000697,0.007888043885025495,0.05025466978293261,0.02522008112203502,0.007700527379094588,0.0007687147514605202,-0.49449575895814846,0.0206716325104313,-0.00509325292640972,0.0028359316407044833,0.014539115613170865
circ_chr1_233217899_233236980_PCNX2,0.028691290970980426,-0.01226319085825773,0.004866233524679143,0.23214828574085042,-0.016098742595247722,0.004710359891225523,0.017157605938445758,0.002156282646838248,-0.1113985551295624,0.0026252897612319605,0.001088977906765203,0.01099091720590535,0.0011044469080221326
circ_chr1_235465636_235470960_B3GALNT2,-0.008517957427396628,-0.021116055378952277,-0.07724164140929789,0.040127893407732214,0.009561089601400745,-0.019819337219614062,-0.032418337141408085,-0.011226167339877831,-0.15249241689309248,-0.06159340499405688,-0.011401708898915964,-0.022020342619582887,0.0001877986084091246
circ_chr1_235830226_235833667_LYST,0.02232776307011445,-0.01805761522376665,0.02264039236819149,-0.027499857237626848,0.039587920653504964,-0.00212095996307002,-0.005365179316301566,-0.007472513988601241,-0.0016277369458536672,-0.005424808293871005,-0.0037249797862893134,0.010327134094631494,-0.00933274747416275
circ_chr1_236806144_236816543_MTR,0.11746739583960716,0.0957754199159711,-0.0920336570461639,-0.09760274614716741,-0.06741095989920136,-0.07609936852011581,0.04684136224686554,0.06439412584681044,-0.4607760190492522,-0.009519838990495123,0.005366263331264143,0.07232149040504443,0.024545104475738194
circ_chr1_23814190_23820593_HMGCL,0.007690730515274208,0.01640184080317977,0.004342607140081002,-0.007203012938613128,-0.021190893606671406,-0.007883127762674818,-0.016042769826228886,-0.009210399750670777,-0.00570793636340047,0.0131024140438177,0.00412657434776656,0.07630825799630625,-0.02905239240397444
circ_chr1_245002121_245017326_EFCAB2,0.0034937824414282294,-0.05939694730202736,-0.05948964362544878,0.012751271742382242,0.09290774747192639,-0.10536285567245228,-0.01624709506955014,-0.14909337207916326,-0.08710399954381376,0.07783701935312379,-0.0069914443130206765,-0.15667393681678263,0.007020147146952203
circ_chr1_24514314_24514567_RCAN3,0.2623568472722471,-0.12368265869616744,-0.06544891652974402,0.10103505158352007,0.08133993617409103,0.02573198577788197,0.008574696041171805,0.01153040531070214,-0.5170380720942788,0.05485355616207019,-0.001633834537064288,-0.015718281938096202,0.03149151575344073
circ_chr1_24531218_24533254_RCAN3,0.012773036540365814,-3.7137803751063474e-05,-0.0034989877829900346,0.02282065673173109,0.04238288099625907,-0.007603498757321959,-0.009232414207440153,-0.010774404904803808,0.0689094359418364,0.003226526970905089,-0.001978345511525947,0.01628112859915231,0.014549000706035275
circ_chr1_245915530_245929937_SMYD3,0.0428330934309528,-0.015689690515899857,0.016616307504487362,-0.009619029098525531,0.03028158396161968,0.014707405406742511,0.011706297563523973,0.0049167167063152595,-0.040861491865996656,-0.00037026221014845826,-0.011935874021277763,0.0015954527949431567,-0.014560644537405912
circ_chr1_246327201_246335474_SMYD3,-0.006986783986737952,0.025617744633999906,-0.01818110284277158,-0.029267300723519105,-0.027556379964828764,-0.012946436467486618,-0.004603770774204609,0.0007249766150310092,-0.049754706795931476,0.015169103885921726,-0.017653677536223735,0.12410505984422791,-0.03026905492847793
circ_chr1_246591512_246591941_CNST,0.03246750842442195,0.02505713033770755,0.0038599281456024037,0.24560913019519073,0.031017543816023434,0.008300917474927748,0.022549622228747637,0.0022579845680377303,-0.009995566252657368,-0.009166661541595258,0.007910777410034703,0.013856555914305022,0.009110977341396029
circ_chr1_246621429_246634587_CNST,0.02685864449208326,-0.008806218976135205,0.006199030023544602,0.012033755895077693,-0.00038544823492538523,-0.003469427945284289,0.018673645232377415,-0.009943205831759533,-0.021232153342105684,0.0016463528873469691,-0.007251472822211041,-0.009097864227628883,0.01677150795567004
circ_chr1_246726892_246740301_SCCPDH,-0.027444456820186015,0.008985209632974103,-0.026271338218027306,-0.02550525055928732,-0.0011873995697816132,-0.00827357389088408,-0.00789050961025594,0.0054242773500877825,-0.09299382664387827,-0.026381466482586446,0.0017635755977336708,0.010125429337205668,0.033845237327614894
circ_chr1_247138716_247159813_ZNF124,0.018492763993593585,-0.004324902937801439,-0.10270494030260492,-0.022928492563800303,-0.0660470206418849,-0.000623164566559831,0.012606810705904064,-0.036348926486969454,-0.5066891747364222,0.04163263023768935,0.07517979647816636,0.0505379658348683,0.010822389583138074
circ_chr1_247155566_247159813_ZNF124,0.009692132448816808,0.006056924217830439,0.0034948072675746837,-0.022297643330027164,-0.054769663247060826,-0.06925759514991932,0.012071122041369134,0.04076767711655243,0.10256428523378484,0.0011673894063505001,-0.0014228683704436377,0.12247481638405534,0.016858388693509457
circ_chr1_247156406_247159813_ZNF124,0.020636923514312077,0.0031332671748659814,0.00344259970899808,-0.12005228172273262,-0.012138577661486847,0.10643562603398392,-0.003577092099234452,-0.04494835334493847,-0.20612222808145478,0.026920625049111,0.04769058177708467,-0.0872075138981288,-0.03920540406348452
circ_chr1_247157000_247159813_ZNF124,0.018131728029778922,-0.0029443439763313078,0.0025978871469604725,0.027490555474892795,0.008874558103668082,0.05356449799566131,0.022486423871442313,0.02323351972692509,-0.06456733850372269,0.0032230192512174953,0.03304389034114243,0.10680180847657253,0.006837519102014562
circ_chr1_247159006_247159813_ZNF124,0.007875356207731273,0.01476427205190013,-0.0008640499873633102,-0.007709245319245928,-0.014243074497454272,0.008206899828366285,-0.004294000491618092,-0.010520411253219812,-0.47689494360236023,0.01630124621214087,0.01967135062671195,-0.0622977468019915,0.05649509577306706
circ_chr1_25340474_25343073_TMEM50A,0.010567634452052417,0.031408758923238515,-0.0145291966035877,0.008863020603184252,-0.06554003556854195,0.0053793908018627285,-0.000526282120005329,-0.01740945441919376,-0.05228677060601475,-0.027299963981745896,-0.0001542770854462454,0.004787697853830498,0.013541263600680205
circ_chr1_25340474_25351693_TMEM50A,0.010737319878621372,3.709758898817491e-05,0.012815764021494125,0.0003738700198571491,0.016503829421720146,0.019383471529704818,-0.0007113849341639137,0.006716349026887786,-0.021394808166951416,0.004311088155958297,0.0034077340338679258,-0.005561065664208727,-0.021788793543951183
circ_chr1_26446316_26447660_DHDDS,0.17880472205458994,0.06562145844544665,-0.031240114900544073,-0.029326325378737347,0.03768555774668039,0.034588549903729525,0.06486562801676861,-0.040254554610883626,-0.4972383438700605,-0.0021012843438906596,0.0833542499381961,0.035685235567572623,0.007408292359187957
circ_chr1_26729651_26732792_ARID1A,0.007107087189885427,0.007776221513285182,0.03291754692717132,0.0038736734994617695,-0.009061121108380638,0.0027975263236160136,-0.012619668644796906,-0.010576290285408393,-0.007177884503139698,-0.006507367252999241,0.0005967326955618486,0.0160627395239863,-0.019482215319466565
circ_chr1_26941457_26941818_NUDC,-0.010356668067028561,-0.036032711877322314,-0.0004698201891074497,-0.01937437445085683,0.014963443228459236,0.04963219400059562,-0.004130306519160732,0.0024218063954136626,-0.10573449625497754,-0.0026160665086335717,-0.0629581564842177,0.028628222890482516,-0.005767479488328761
circ_chr1_26942660_26943065_NUDC,0.14212435124898887,-0.001601570753854469,-0.010558079536234192,-0.045132207876659704,0.07017280529218567,0.034232536675898165,0.016779135424816773,-0.037649482623743055,-0.43965820611471074,0.008444795122950897,0.03460995086721734,-0.011811458538153543,0.004522219145095969
circ_chr1_27789562_27793632_STX12,0.025149632045833082,0.026609912046982643,0.04013088194146863,-0.05247926294936779,-8.160406748537517e-05,0.002074381380459782,-0.033855506879965525,-0.0031939234620866537,-0.04145030544440978,0.0005040846977896835,0.0038904177591853576,0.006034622150786791,-0.01807750351072825
circ_chr1_28035544_28058094_EYA3,-0.006144744702827647,0.02335022148020761,0.0023097931285357707,0.004280619582769075,0.02050181658355262,0.01930539355748221,-0.008062073657628595,0.008727601438560226,-0.26312014016356056,0.009948285660711284,-0.014172062037048894,0.04078730526657257,-0.020493461287695608
circ_chr1_28459085_28466535_PHACTR4,-0.0006044907796576338,0.013783295521075642,0.011206002754268475,-0.03968080818390426,0.004813285449346088,0.008317172677789402,0.03571031533561504,0.008773260914882654,-0.007453692239863423,0.008183206844339545,0.016134275620507676,-0.022987896020431404,0.009741120181999297
circ_chr1_28476107_28480604_PHACTR4,-0.008517957427396633,-0.021116055378952284,-0.07724164140929789,0.040127893407732214,0.00956108960140075,-0.019819337219614062,-0.032418337141408085,-0.011226167339877835,-0.1524924168930925,-0.061593404994056904,-0.011401708898915971,-0.022020342619582887,0.00018779860840912232
circ_chr1_28605372_28622165_TAF12,0.004246176905138712,0.008529642412347722,0.010882073240225094,-0.002558614416011146,-0.0015429983272029807,0.008312275717443196,-0.008808821182736983,0.0001909422681654227,0.0015688443820789885,0.019484026391768477,-0.018547404693160494,0.014028275465979555,-0.007194255687550103
circ_chr1_28742403_28743986_YTHDF2,0.005648703444396867,0.015302198753359055,0.00839145842260156,0.0015369635173217593,0.030617996492631222,0.027060803677925818,0.010138024701620356,-0.010498439437624267,-0.1290325899241408,0.01257798316454136,0.005798712764437724,0.03704544004144275,-0.004769262054508679
circ_chr1_29035826_29039426_EPB41,0.043080924725205166,0.013408437890050584,0.02404301708054866,0.3147864787360703,-0.010341093919695215,-0.007029190658254532,-0.004166697020712415,-0.01061863476859411,-0.04517801213329039,-0.010208844900316764,0.007141148617834935,0.014064559979768456,-0.0031021220925408037
circ_chr1_29154696_29154910_SRSF4,0.17597202541329396,0.06060010534425928,-0.041192863434883036,0.0032642379383740236,0.017286761091499344,-0.0265939714124941,0.019707428334582996,-0.020254680856679145,-0.5082295705100845,0.06314424308481814,0.0006667238386357412,0.038694610591129025,0.013937554608788148
circ_chr1_30992390_30995220_PUM1,0.012715782371150106,0.014398687762809016,0.0063312658201658744,-0.003922582516296443,0.03725304513018423,-0.01894116804397302,0.09957626675772056,-0.03836265144930841,-0.5327405953549001,0.011051629875645404,-0.022275928434663854,0.037472427954326454,0.005106443316863828
circ_chr1_30992390_31007102_PUM1,0.003688711407795266,0.0015663744670794519,-0.059472402026582195,-0.005903939401255822,-0.02752037315491811,0.0272631444135595,-0.027662464926722863,0.02449365393323122,-0.15447299516747726,-0.0030437933433609308,-0.006486861362116626,0.05955398865032175,0.009854637075907108
circ_chr1_31337175_31339048_ZCCHC17,0.007107087189885433,0.007776221513285187,0.03291754692717131,0.0038736734994617725,-0.009061121108380643,0.002797526323616014,-0.012619668644796902,-0.010576290285408399,-0.007177884503139697,-0.006507367252999243,0.0005967326955618469,0.016062739523986305,-0.019482215319466555
circ_chr1_31337175_31348974_ZCCHC17,0.0031213084530363963,0.014518782029764936,-0.027052897182337526,-0.01684429323333351,-0.020892911452582305,-0.01593984078275525,-0.009235961536069884,-0.001882409948813448,-0.00020836762893140036,0.030398531788013838,0.005845223378340794,0.10376731553801989,-0.01958589431523575
circ_chr1_31915895_31919658_PTP4A2,0.08432405129789715,0.03668464922023142,-0.002604123183303413,-0.053916721151152015,-0.010735986847068965,0.025189093288138203,0.0185318106042707,-0.13121965821459403,-0.6058386347899148,0.01641344883880651,0.011056396479772421,0.03910101824339694,0.009055484467175095
circ_chr1_32030298_32033334_KHDRBS1,0.0075045232333387805,-0.028807565487248107,-0.0106072070507927,-0.0019065738908981768,-0.016091790360303643,0.010306265408766765,0.008663643431984367,0.0033734278768794406,-0.14593772765315943,0.009079123818615734,0.004329501572198119,0.022229168938038855,-0.0065026961296923095
circ_chr1_32030298_32045390_KHDRBS1,-0.004724603802294678,0.0021543542216222143,-0.031441355508429567,-0.021635242852774017,-0.02862109969595516,0.022435262061669292,0.013721983798366215,0.07377864301583784,-0.052712415608116535,-0.01978697097521244,0.079947931804603,0.3437714115544606,0.020307305807569856
circ_chr1_32279671_32280210_LCK,0.02662905058105163,-0.015807515292738033,0.027462935907972632,0.12236467069750889,-0.0192625230235027,0.0023361595837564112,0.020317542738959832,-0.007899697744043753,-0.1178785380380647,-0.0033142360047516734,-0.0024974412597279297,0.021306486019222894,0.005674237985207271
circ_chr1_32631827_32634792_ZBTB8OS,0.034463641026860246,0.0040608262546621456,-4.249768667658866e-05,0.2868689138287392,0.03868827484320643,0.0052073328240508105,0.022118870122103916,-0.0004387876093708426,0.07770129503034691,-0.009579948205749214,0.005611089066392769,0.03217644462713802,0.005964539561237874
circ_chr1_32948222_32949774_RNF19B,0.04880594302473193,0.12022957318492843,0.07935487706128602,-0.1592912805717571,0.10093081340916936,-0.030739054111617373,0.009573317866836876,-0.03956836159702973,-0.9333583777850185,0.060165875392245535,-0.013149358591345608,0.03564081540097788,0.030191072907772558
circ_chr1_33294937_33295305_ZNF362,0.09541641532958116,0.012597383208800354,-0.014502207824244849,-0.06503243750478009,0.2160121367621705,-0.004564048596728434,-0.001876514770271837,0.03377536317581089,-0.6042078717830369,-0.01118751127064918,-0.0014936440595914526,-0.004233225885530331,0.04324289868743497
circ_chr1_35104295_35104769_ZMYM1,0.007107087189885426,0.007776221513285182,0.03291754692717132,0.003873673499461768,-0.009061121108380638,0.002797526323616013,-0.0126196686447969,-0.010576290285408393,-0.007177884503139693,-0.006507367252999241,0.0005967326955618486,0.016062739523986295,-0.019482215319466558
circ_chr1_35358925_35361789_ZMYM4,0.06384262703866216,0.020730276603711077,-0.14300425501077405,-0.05274844272428235,0.0017566371382029605,0.003037699597831869,0.010965349954694085,-0.021816523640887132,-0.551410847508211,0.027915700395657796,0.015424320254963254,0.03772193138969329,0.038366064044291236
circ_chr1_35381259_35389082_ZMYM4,-0.013222773855206225,-0.015449465028670357,-0.11497233901744766,0.00016719271941724757,0.01188692700242105,-0.021059354436366303,-0.024305324615981293,0.000357713200275179,-0.2933126860854051,-0.05172628215127358,0.04783697359807154,0.00554551514755802,0.029564260670908955
circ_chr1_35413972_35415714_ZMYM4,0.0008352315362735553,-0.01584992606491683,0.008000002957344722,-0.003998380298984191,-0.01721076252587578,0.01652642369949628,0.091502865349853,-0.05019091719092922,-0.046195571182882686,0.029842882977068795,0.06780673152012233,-0.0050116447369944524,0.03045288551159447
circ_chr1_35470863_35479212_KIAA0319L,-0.0020528687289788484,-0.0007683868321792642,-0.11731894079627032,-0.012318910582074342,-0.021913283387449918,-0.009044170142746825,0.013005003605800302,-0.028839530977276647,-0.02837222561160735,0.009297406697589588,-0.014824797546095881,0.17464935731771797,-0.012065073676494507
circ_chr1_35478966_35479212_KIAA0319L,-0.0016875845322767606,0.010053443240879107,-0.03745045439501936,-0.0005980758881055561,0.004534430198093734,-0.00719949052355238,-0.0030472664719808683,0.037386558748935074,0.02580868453558054,-0.009770202091365183,0.05578681116933355,-0.08746248660886793,0.02080169294293578
circ_chr1_39853970_39857417_TRIT1,0.009093916100520672,0.027100013321125088,0.007874609497687488,-0.01891851305307865,-0.005387577462272433,0.010718636465998592,0.0026420335913964242,-0.009611281102562019,-0.07245541680314585,-0.04175041532539678,0.0001565429032208335,0.07388894597845257,-0.0031887302952371896
circ_chr1_39957087_39958825_MFSD2A,-0.02985206912237146,0.014653623916546106,0.00443408383188007,-0.05401388106400006,0.00948479260815254,-0.0017490014750129053,-0.0021586733617683625,0.027593444882980853,-0.02187781315762938,0.009207687276877272,-0.026725024901124918,0.010488828246250954,-0.024435291563776464
circ_chr1_40064227_40064559_CAP1,-0.05631218404235209,-0.0044046272270965746,-0.012771280695111265,0.003099963455062564,0.017314068479736516,-0.29561257248573625,0.09940089408555924,0.12877063012776235,-0.07332303176316747,-0.009149578006832722,-0.03442169772015651,0.1366369670537302,-0.0037827478284043737
circ_chr1_40189055_40202614_RLF,-0.0033517170552323726,0.1137987103039101,-0.08804350498747099,-0.2433264541777041,-0.01258637600087265,-0.03678563447969701,0.014386780303271176,-0.01604554578489197,-0.05050768914073842,-0.0033259433175601505,-0.005536955196097692,-0.0006672148276207329,-0.013247293169696233
circ_chr1_41008794_41009589_CTPS1,-0.018286281889698122,0.007835276476947192,-0.12836977070846728,-0.004898075842079983,0.0009213163624133535,-0.00887190858102118,0.025436776288908586,-0.06448370323305881,0.025155734915510118,-0.020904090297843105,-0.044075134257638676,0.09955251140064407,0.0036961297300452307
circ_chr1_41070595_41075451_SCMH1,0.1803334657805903,-0.015278518837191644,-0.16439502605222478,-0.10603987098869977,0.21233559111944633,-0.029601851599721413,-0.0019515545173963843,-0.02646486561852425,-0.6025131338032534,-0.0018121726897303452,0.039941231849394826,0.07420708382246452,-0.0012527509703510883
circ_chr1_42265115_42278672_FOXJ3,0.035239424517907944,-0.02474085603313571,-0.010032521138552516,0.09566973504451119,-0.01168889762287498,0.021425909930836717,0.022420508227565663,-0.002148496367107516,-0.40650429886481465,-0.01114794982177164,0.001056529358524756,0.11604916369622433,-0.009355603520729715
circ_chr1_42265115_42311110_FOXJ3,-0.0021880263430547335,-0.042367751713687875,-0.0615363423339609,-0.004754082921413494,0.04683298669161627,-0.05580713323004984,-0.014487299254746754,-0.08626914528963901,-0.2002363029376546,0.026895484972667718,-0.020697909600438474,-0.05894190473145494,0.03008719113299822
circ_chr1_44284835_44339322_ERI3,-0.018286281889698122,0.007835276476947192,-0.12836977070846728,-0.004898075842079983,0.0009213163624133535,-0.00887190858102118,0.025436776288908586,-0.06448370323305881,0.025155734915510118,-0.020904090297843105,-0.044075134257638676,0.09955251140064407,0.0036961297300452307
circ_chr1_44308310_44319744_ERI3,-0.049201850920794495,-0.017566047498465253,-0.0332814458026095,0.00604560517450347,0.05030137418862295,0.0426893588378908,-0.026602737149994206,-0.008337468729037357,-0.11387606171454795,0.010633419848851137,-0.016044723834991576,-0.06332896339538177,0.010440823870052887
circ_chr1_44308310_44339322_ERI3,-0.03939158390165465,0.058816026254213706,-0.013091497966328861,-0.0506188954167867,0.017248960329812366,-0.0017587311004213105,-0.011570534111976753,0.02794951029761952,0.011038468326808527,0.02143894047268814,0.0219488551870054,0.03189156070838179,0.008149252350195988
circ_chr1_44411981_44412722_RNF220,-0.008517957427396628,-0.021116055378952277,-0.07724164140929789,0.040127893407732214,0.009561089601400745,-0.019819337219614062,-0.032418337141408085,-0.011226167339877831,-0.15249241689309248,-0.06159340499405688,-0.011401708898915964,-0.022020342619582887,0.0001877986084091246
circ_chr1_44757556_44758140_KIF2C,-0.01994668489890071,0.004209465500406575,0.04771560323763425,0.16082636230681852,0.03634667401363076,0.04663419276479896,0.05052559635428543,0.004852096957989772,-0.22381305563742696,0.002438820049407146,-0.06883009680504436,-0.02638073662847573,0.04420004174828209
circ_chr1_45566569_45567020_AKR1A1,0.00557487899008833,0.027115306295723878,0.10333408314326205,0.040102630373347846,0.1697558476515224,0.027671691039288543,0.011845996388026647,-0.0011389729060231437,-0.33985250143889084,-0.015472277278756559,-0.009301226821377444,-0.019035284713237902,0.016123142745696886
circ_chr1_45640210_45642499_GPBP1L1,0.12982464721569825,-0.06288444657046367,-0.008651561352878817,-0.10911938292962377,0.2071743227367236,0.022366537736160833,-0.03338127591856183,-0.11759025611742217,-0.5089855567366025,0.021266587232999058,0.052453748594523994,0.018506963728853187,-0.01853985517143169
circ_chr1_46055795_46080750_PIK3R3,0.02562518579671646,0.012002329513401777,0.004076984971084204,0.06187231190428113,-0.018571782824990054,-0.008210263940019957,0.02832384122669428,-0.008359978366784964,-0.10876054569370573,-0.004178073411447226,-0.003468117407512497,0.01590239777895971,0.0072368070319934474
circ_chr1_47368469_47375293_CMPK1,-0.02221593880033285,-0.011039981315674645,-0.02824927152805821,-0.06299033563255613,-0.008984140247047816,-0.017225580827858827,-0.06193761793886078,0.030858634592264688,-0.08831853719828055,-0.012160648726739196,-0.0014618623296708212,-0.0074750815126243195,0.03380309964543566
circ_chr1_48355670_48359770_SPATA6,0.15056783411694596,0.011332881084803709,-0.1511197766090322,-0.026302434411198568,-0.00644480621852943,0.05582203968281355,0.026976357832659323,0.05521059350465,-0.5863911223898202,-0.013491286925718162,0.014262516891269785,0.18283413258016146,0.004202631169251373
circ_chr1_50490588_50535457_FAF1,0.02329511216870852,-0.00552014517294995,0.00020890118336456517,0.007923136804698338,0.02197624556604451,0.007075874381414019,0.005179294050728675,-0.0001309348249736539,0.006509685606194767,-0.0020921908811886948,0.004079751672963321,0.01661497655099751,-0.007273218595857703
circ_chr1_51394381_51448135_EPS15,0.031113009106221022,-0.020665824602718,0.009084597797262369,-0.013641606665663952,0.0373995948455597,0.0024600457266946993,0.006997682299587624,-0.004744574382859436,-0.038306217369896645,-0.003672814613214935,-0.002418286821341308,-6.453921014118477e-05,-0.0056754828607510025
circ_chr1_51402435_51408332_EPS15,0.06871549995785531,0.020283692757905817,-0.03157457486572676,0.0018712169180380462,0.05209884346906616,-0.019069046489436144,0.025609512484440888,0.008261902546822705,-0.944092754098621,0.06410115727371812,-0.03983861587297276,-0.13337038000109255,-0.0028431444855528936
circ_chr1_51405905_51408332_EPS15,0.0027438252847069725,-0.03929323033836705,-0.13843267957813393,0.03792257185284554,0.03625431275162584,-0.06185404984093077,0.0013004376304417118,-0.12589422807010162,-0.16157083659742397,-0.013297534760629994,-0.061833571317134656,-0.034429907579422055,0.0048384585669600825
circ_chr1_51461091_51465326_EPS15,0.09818839501723156,0.032350702631678746,0.02413473199787795,0.15514857244288155,0.042486366979811896,0.007359064449666983,0.03155040167536367,-0.013557295194986994,-0.044054654894810516,0.021656972503846808,0.005970999548781886,0.02430273598031395,0.007183591410443469
circ_chr1_51827796_51834170_NRDC,0.17349140810721558,0.037012489254629494,0.005474671165968616,0.014534456649191592,0.060054110683489995,0.026725937594867192,0.09716119379387515,0.0027047838204455575,-0.5735633347584707,0.04322463912484235,0.015462602632285579,-0.07115790670261904,0.0014512787432564738
circ_chr1_52477708_52481923_TUT4,0.03549150769383129,-0.0237354162133599,-0.00163658672240834,0.04659916682132154,0.07012338575304332,5.24285781457396e-05,-0.002515997130087713,0.0059486466897062775,-0.030217960260112895,-0.008298854183663386,0.00467079704447455,0.015622285639006016,0.019610518162839586
circ_chr1_52477708_52493662_TUT4,-0.018286281889698122,0.007835276476947192,-0.12836977070846728,-0.004898075842079983,0.0009213163624133535,-0.00887190858102118,0.025436776288908586,-0.06448370323305881,0.025155734915510118,-0.020904090297843105,-0.044075134257638676,0.09955251140064407,0.0036961297300452307
circ_chr1_52493611_52509712_TUT4,0.12673446650736162,-0.023140066581292036,-0.06369095755745174,-0.009299648864157331,-0.10643406604913568,0.002689219999884867,0.012772308411749676,0.011171502905368688,-0.25639485384040217,0.052340529440538734,-0.005646082670145043,-0.016875306134693093,-0.015774573021962175
circ_chr1_52509596_52526373_TUT4,0.00866129940807381,-0.0101371049401804,0.00022637708072784402,-0.003120925432501957,-0.012339398928389471,0.013414269353343264,-0.00020556451430887716,0.002772877811138077,-0.07196505702723668,0.020782450223230883,-0.009133070907996064,0.02647642536527393,-0.010047542975543493
circ_chr1_52515891_52526373_TUT4,0.03940866225154016,0.13176883415744106,-0.10765301064915747,0.15126879733855314,-0.038385068422374984,0.019609258739595,0.09683781493989593,-0.002542654388448617,-0.05879221369344642,0.01821908262510577,0.013696692247124078,0.06359734138844474,0.017078838248425012
circ_chr1_54040756_54043525_TMEM59,0.02329511216870852,-0.00552014517294995,0.00020890118336456517,0.007923136804698338,0.02197624556604451,0.007075874381414019,0.005179294050728675,-0.0001309348249736539,0.006509685606194767,-0.0020921908811886948,0.004079751672963321,0.01661497655099751,-0.007273218595857703
circ_chr1_54040756_54047372_TMEM59,0.007107087189885427,0.007776221513285182,0.03291754692717132,0.0038736734994617695,-0.009061121108380638,0.0027975263236160136,-0.012619668644796906,-0.010576290285408393,-0.007177884503139698,-0.006507367252999241,0.0005967326955618486,0.0160627395239863,-0.019482215319466565
circ_chr1_54651949_54673186_MROH7-TTC4,-0.041457840799098894,-0.03118117807090229,-0.10774188744371233,0.03550807609227339,0.0435054185500319,0.008628228507296722,-0.04958893058959236,-0.015054575696508875,-0.2876047971779684,-0.03500126140078621,-0.023037355938525517,-0.06543646590065962,0.008904002979197868
circ_chr1_58506060_58534331_OMA1,0.0036669577310647775,0.018535944524527732,0.02234758818744912,-0.01587431607258089,0.0215675913016076,0.006143334272296298,-0.013182490260458594,0.0007861846642897998,-0.04023355719285085,-0.0052486333330701435,0.001056913246171943,0.03551557528624602,-0.006541672526240501
circ_chr1_58506060_58536741_OMA1,0.13549278829897285,-0.05690087552752038,-0.034826025805191986,0.10682123542357533,0.03898653892675937,0.014903115175140754,9.785319377682804e-05,-0.008044470243962478,-0.6419832803852323,0.008911316235825788,-0.034365360446118515,-0.024462758880635562,-0.0014715489312920455
circ_chr1_58527261_58536741_OMA1,0.008642919215749056,-0.010188175067411114,-0.042224356338881025,0.26305090526959346,0.0358358574304162,-0.008924348286577639,-0.006102444964700962,-0.00817524286145534,-0.013351083758595233,-0.05020391843510816,-0.0026928456891648087,0.008051746325726432,0.003955585552463519
circ_chr1_59321536_59346398_FGGY,0.08565449228635742,-0.012174240907242171,-0.016707433071269363,-0.2622883697181251,-0.0028697785865873715,0.04816457919627963,0.035598505731322255,-0.01437571066958425,-0.3504474138180661,-0.08248159184991206,0.015220783612191558,0.29025646391631094,-0.0015997891613873103
circ_chr1_59321536_59378837_FGGY,0.019975028821283988,-0.0408979829059268,-0.02802966899919579,-0.07419737246301335,0.0015667832296971623,0.06183889027018665,0.06403155212397556,-0.03155562623041664,-0.4514137764266822,-0.009445265653186343,0.03144668831231315,0.15149564633786286,-0.009768251127195053
circ_chr1_59339958_59346398_FGGY,0.007981627592174485,-0.0024399434543373325,-0.0256042092577521,0.13072446536928053,0.024327005703156757,-0.06298809019471048,0.007620901848206652,-0.07384475218494396,-0.22619361644026797,0.013012780975391458,-0.054558600475909,-0.005774197583632178,0.04321614891711903
circ_chr1_59339958_59378837_FGGY,0.09536388516391002,-0.0017891941197903433,-0.06576782026340816,-0.02490076531902072,-0.01821685627129549,0.08935032234641256,-0.006393716852511367,-0.0009908983666942661,-0.6525272076856933,0.06585965675942898,0.015598045762827724,0.09905100224625016,0.0005631370014624038
circ_chr1_61899583_61901459_PATJ,0.022993599260299435,-0.01620436648472317,-0.001782312135761681,0.0009854663342769175,0.0142233898142542,0.007431781939083958,0.008772133738061707,0.00522242081244925,-0.01858658341627424,0.0014807151664648634,-0.01877348759098192,0.000874098544040593,-0.004368659255749602
circ_chr1_61990168_62051058_PATJ,0.0031213084530363963,0.014518782029764936,-0.027052897182337526,-0.01684429323333351,-0.020892911452582305,-0.01593984078275525,-0.009235961536069884,-0.001882409948813448,-0.00020836762893140036,0.030398531788013838,0.005845223378340794,0.10376731553801989,-0.01958589431523575
circ_chr1_61990168_62084648_PATJ,-0.018286281889698122,0.007835276476947192,-0.12836977070846728,-0.004898075842079983,0.0009213163624133535,-0.00887190858102118,0.025436776288908586,-0.06448370323305881,0.025155734915510118,-0.020904090297843105,-0.044075134257638676,0.09955251140064407,0.0036961297300452307
circ_chr1_62577262_62586624_DOCK7,0.022993599260299424,-0.016204366484723173,-0.0017823121357616798,0.000985466334276918,0.0142233898142542,0.007431781939083957,0.0087721337380617,0.005222420812449249,-0.01858658341627424,0.0014807151664648606,-0.018773487590981915,0.0008740985440405941,-0.004368659255749602
circ_chr1_64009305_64050716_ROR1,0.04876936241272956,-0.029228194733238566,0.0011369245132430133,-0.029601411540009098,0.0048611848988845295,-0.01573868259619798,0.00018702755021904408,0.003743518660815892,-0.06227814933415833,-0.0007722336245088354,-0.0002682876158866794,-0.000992774347351826,0.0035295831224025492
circ_chr1_65364635_65366196_DNAJC6,0.07905928907829282,0.006676237737472628,-0.01487366628177858,0.03283622511226609,0.029499558304040344,-0.019460250349347508,-0.011781638640630391,-0.021784808472543354,-0.044809952438479315,-0.010335743093106777,-0.00714869762554372,0.031997103967672635,0.02556204252226114
circ_chr1_65913245_65918835_PDE4B,0.008416885591366776,-0.003252839609099398,0.18380936842869058,-0.005422970165451563,0.058702169094999125,-0.03518909484173147,0.024442079861657275,-0.023217094928676792,-0.5103171469605765,0.007387650827902636,0.03615577039120855,-0.02359799670686565,-0.019801375720906733
circ_chr1_66891154_66905375_WDR78,0.07950955420478115,0.10304594790477413,-0.0887931596001034,-0.2560313740378179,0.08419578805209722,-0.01729680649158654,0.0023124910663132204,-0.042790396158727796,-0.708601987936606,-0.003812341608709238,0.004431621318844269,0.12453254721884312,-0.024923002080801115
circ_chr1_66946150_66959743_MIER1,-0.006697154459921758,-0.00667415065442942,-0.09601689308393008,0.026318331186358127,0.04156984645721964,0.004213222946365465,-0.02456041625326442,-0.013291947563980026,-0.16521647544583573,-0.010688100416731306,-0.011605868242262181,-0.0034622095644217857,-0.013606966377664686
circ_chr1_66958059_66963160_MIER1,0.05757720136079366,0.025562024933339287,0.007979666463093013,0.022295643399913516,0.04087014634462034,0.06844656403176223,0.04520918047706355,0.010609367065135149,-0.7007324632406033,-0.0006331363269082534,0.007939778468524028,0.06286885958670456,0.031427471269611
circ_chr1_70292388_70315566_ANKRD13C,0.0364238026946443,0.001476540913969749,-0.10011791677446662,-0.0167036666983664,-0.06239680093139204,-0.01596909884273057,0.022654253218409307,-0.06452833899039698,-0.56581235150993,-0.016399724614808178,-0.008875617632545388,0.024393929745883162,0.06222492436560709
circ_chr1_77631850_77641655_ZZZ3,0.04395371019301404,-0.05060955712442214,-0.01996130194058105,-0.05270576973444784,0.017670177505026856,0.010734639923553845,0.005442370518889411,0.005681481505041545,-0.4627553318152305,-0.01801903924485213,-0.03520925645016178,0.009763104419448545,0.0026270875149566396
circ_chr1_77711747_77715868_USP33,0.048934374272163746,0.0032870964715774375,0.017583411575150715,0.016286689342467273,-0.035224814873845524,-0.015528048574022608,-0.0009574395770804681,-0.021234008073687635,-0.22933381335594852,-0.0564797948525943,0.0016785343437946546,-0.006112199333877064,0.03815011118294298
circ_chr1_77717867_77725762_USP33,0.039193168981703316,-0.004189700958657043,-0.02560194247561914,0.008655999461479708,0.04992347505585635,0.010204518850146579,0.02786287442362762,-0.0018426211227107634,-0.21533212086776296,0.00028708014353194734,-0.01378590497636391,0.0032744594011668957,0.006722484904601918
circ_chr1_77739265_77741748_USP33,0.012773036540365814,-3.7137803751063474e-05,-0.0034989877829900346,0.02282065673173109,0.04238288099625907,-0.007603498757321959,-0.009232414207440153,-0.010774404904803808,0.0689094359418364,0.003226526970905089,-0.001978345511525947,0.01628112859915231,0.014549000706035275
circ_chr1_7777160_7778169_VAMP3,0.16488956925499104,0.0004634976829817356,0.03780146105910799,-0.009147019694863492,0.020751812234027823,-0.004115285055591116,0.0058574856763159155,-0.009642757663950471,-0.3496673925658054,0.0627910169509435,0.0011196416241874522,-0.007350664385660927,0.011604046795050988
circ_chr1_77801331_77807101_MIGA1,0.01244207668142611,-0.008580985595433655,-0.018186290226256563,-0.010205203437956872,-0.030859932450309963,-0.023738298602371546,-0.017948119684960046,0.013263088149167013,-0.06790400060182611,0.0033389955348089276,0.007589667535300802,0.0001557590120779122,0.0017784414356709624
circ_chr1_77801331_77815231_MIGA1,0.048230372960777236,-0.004450624708726114,-0.011770857981378623,-0.025006876324122917,-0.005367990698012986,0.00424383276986149,0.04697979763670621,-0.008672601030448956,-0.3392025859335951,0.0030330878514437803,-0.011938246846316173,0.030651197024048372,-0.0014135301638528545
circ_chr1_77843307_77866391_MIGA1,-0.004242378894305589,0.0007322562663087565,0.0207851111854232,-0.007939220947046445,0.039728794451349775,0.010848875702048061,0.004224552685548863,0.033793388828541084,-0.046663489866494004,-0.030473319890296478,0.019350544867623175,0.016733858811457527,-0.0006906199558032249
circ_chr1_77858938_77866391_MIGA1,0.022993599260299435,-0.01620436648472317,-0.001782312135761681,0.0009854663342769175,0.0142233898142542,0.007431781939083958,0.008772133738061707,0.00522242081244925,-0.01858658341627424,0.0014807151664648634,-0.01877348759098192,0.000874098544040593,-0.004368659255749602
circ_chr1_83911165_83947282_TTLL7,0.13375223330229158,-0.1410945516924144,0.03296165787754343,-0.14533604215653628,0.00827972219969091,0.014954063833898128,0.054356484152910625,0.0029212226013597643,-0.02593104116187562,-0.013141316831606903,-0.003498418448169146,-0.002910279916642402,-0.0031312217504472204
circ_chr1_84865385_84866138_LPAR3,0.00012192872710493562,-0.16551395281825854,0.049337353509413234,-0.16128974498551968,-0.009856562036860353,0.01094391042567272,0.09058237776969276,-0.20716135846526929,-0.03675982574843937,-0.007453832322274961,-0.03636953262709244,0.06580419474404683,0.024250633574142998
circ_chr1_8495063_8557523_RERE,0.024942314058345776,0.006723297404385495,-0.021271243340948823,-0.005034565423586593,-0.004304177837415153,0.02516771948018249,0.03955620595701459,0.01601414873211937,-0.1730421665420062,0.0006904146375494952,-0.010983838377305188,0.21468695250390715,0.004175740438057504
circ_chr1_8495063_8614686_RERE,0.029186016080004498,-0.07483706155377558,0.015971248478303047,-0.052077537449058756,0.008428147440134495,0.0024959857555213218,0.021572506432197314,-0.0013402951890125285,-0.0041201404689443786,-0.00447238446157566,-0.005955499410275576,0.005679173571209036,0.0037631260104873713
circ_chr1_8541214_8557523_RERE,0.07344138618995716,-0.004047270127659354,-0.024515166459742124,-0.19933404175689717,-0.035763108981554485,0.06714010158200855,0.00533580375553184,-0.005744009415866519,-0.47051291125028294,0.03901386492395343,0.0011222482204919593,0.1306593189928407,0.015228310723342624
circ_chr1_8541214_8614686_RERE,0.08955861314026778,-0.15690453271434548,-0.0016684287671714804,-0.15971559348237868,0.07012861032484366,0.030804357076659877,0.044242363927515314,0.00710729615407938,-0.40548738979114907,0.004153866263290603,-0.005898819626942338,0.08952104738943562,-0.0006261097901793674
circ_chr1_8614561_8656441_RERE,0.044994104204724245,-0.07162977102526226,-0.017553848394745542,-0.048625298773200605,-0.015621147778739143,-0.0016448583290312162,-0.0069679312746651935,-0.001439045856837878,-0.15475632270063777,-0.007758192231265727,-0.00020007519607662816,0.05693997301094566,-0.0030026253235486485
circ_chr1_8655973_8656441_RERE,0.02652695132569119,-0.1823158586385136,-0.08682981833324124,-0.059321174748773506,-0.0023000073543936765,-0.0039171127366767235,-0.02598795532224229,0.0034031003642422323,-0.25177481936136564,0.006217830119254468,0.010042456344945053,-0.06752733001905648,0.007691212198403703
circ_chr1_86715724_86719635_SH3GLB1,0.01554874583094274,-0.020226568758779664,-0.010307682579869415,0.011662034993056231,0.008943100189714098,0.0028044159708962026,0.0005386389831051781,-0.003739959944723184,-0.024784166276417333,0.009173507614458211,0.0022424988273564246,0.028787954596454807,0.003736085778556087
circ_chr1_86715724_86724405_SH3GLB1,-0.0028440271277362715,0.020825848119959356,-0.013273011801169262,-0.023475619247884237,-0.00656181290548431,0.02227166761934265,-0.000790294011261704,0.027246667491632136,-0.008327508131188644,0.021476478595340825,0.020199266978409645,-0.05444130988821725,-0.04242717781402497
circ_chr1_88740988_88771879_PKN2,-0.008517957427396628,-0.021116055378952277,-0.07724164140929789,0.040127893407732214,0.009561089601400745,-0.019819337219614062,-0.032418337141408085,-0.011226167339877831,-0.15249241689309248,-0.06159340499405688,-0.011401708898915964,-0.022020342619582887,0.0001877986084091246
circ_chr1_88740988_88786213_PKN2,0.004944665402282918,0.008559714215104737,-0.03446790724893142,-0.019923793255936927,-0.0076524417991553715,-0.013885577501722323,0.05116989785488696,-0.05330220234697422,-0.028742054712332873,-0.009184705340671307,-0.036290097216870286,0.07102434902115938,0.019311017809392712
circ_chr1_88770352_88771879_PKN2,0.025927257977726985,0.01170204264419808,-0.0035780761679659106,-0.004611957062975277,0.05316724346871027,0.007199606599681367,0.0037850424042251696,-0.030715692635716527,-0.01178141421673572,0.02360670625710815,-0.010904751056430085,-0.0032798783436300263,-0.006151927878329849
circ_chr1_90937485_90982370_ZNF644,0.008472385762168636,-0.006956231152017974,-0.008760964329745095,0.04803166930715391,-0.015369444825563476,-0.018991553800685457,-0.00771672215680751,0.04100440111651728,-0.06476858419379963,-0.07215796981429376,0.014251137250618752,-0.27092240007394586,0.04693159212604789
circ_chr1_91861471_91861644_TGFBR3,0.00442591299403172,-0.01478702324703982,0.010190071333816312,0.0024446737433130405,-0.02726390881899376,0.0063032136929056515,0.002114163428903439,-0.0009517740908558495,-0.06162652840678061,0.012324910017172687,-0.021031155017093253,0.03278119468187417,-0.00017364983268542303
circ_chr1_92333391_92380873_RPAP2,0.13507907842396566,0.08814214717672093,-0.016768996107175915,0.023335576119413132,0.03227218246272706,-0.03626312049435554,0.06909908721899541,-0.03982218941827862,-0.6318332666298422,-0.007806700936635753,0.008055505256136368,0.10502375126489126,0.02469726405583949
circ_chr1_92563642_92607727_EVI5,-0.01357745197397175,-0.014790369283103654,-0.05065767619131973,-0.002520862705299864,0.015527929179328959,0.049041838156192,-0.015593764491438337,0.024440477349388604,-0.06220023901428879,0.019995567225174066,-0.006877090782631532,0.12464057150928265,-0.02503225213946542
circ_chr1_92563642_92636336_EVI5,0.06073290443040649,-0.03420921478935822,-0.016511699104784294,-0.08822927786393958,-0.03463145549873137,0.007950091632811634,0.015005090301881546,0.005483389433365709,-0.08607956450418659,0.0004236514913858549,0.009039815664939513,0.10916223527119179,0.013034910482293905
circ_chr1_92563642_92704744_EVI5,0.0018713461285170792,0.01812450409355977,-0.004596770123439578,-0.0055479139030996045,0.020585560997068406,-0.004044154220971471,-0.003980896355900928,-0.005186988739504845,-0.01776881955835556,0.026323876040988587,0.013149810878338065,0.03282434772790284,-0.0065309136711805054
circ_chr1_92605307_92636336_EVI5,0.004295142343585525,0.0029824828961057745,-0.03238849659478378,-0.051481319321124305,0.0072100059585591125,-0.0017328621316484523,0.013192937627239703,0.005589801289573903,-0.14227322420551522,-0.04327709735921716,-0.014079449241329277,0.018134637455665802,-0.013849092485668875
circ_chr1_92663420_92704744_EVI5,0.01036867714907324,-0.0008666037109412933,-0.01797908336023476,0.047918025624089325,0.00922803830257026,-0.00859275103716104,-0.000622632970089531,-0.011955483361989469,-0.2781209169851695,-0.030810731362729982,-0.00789194888234545,-0.029780844876335383,0.014344557065437556
circ_chr1_93324635_93325895_CCDC18-AS1,0.0325895182757154,0.008420728045023407,0.018962967332733983,0.20897090798947535,0.016622806376641895,0.0055676897187055315,0.006015893540213939,-0.007549230213238295,0.03754061697082701,-0.011803320905750458,0.004062532577453793,0.034753839531178665,-0.00885439973077802
circ_chr1_93588977_93642343_BCAR3,-0.0553057255703962,-0.015561377240164636,-0.006161195036589624,-0.013656717887254232,-0.04102437092530747,0.007836783577059414,-0.13164856704306604,0.0550398330464399,0.0008140676429834701,-0.004573146315202557,0.024819726887814093,-0.010979751122902245,0.05318124891535696
circ_chr1_93894614_93901669_GCLM,-0.018218597310905336,0.08955592818260383,-0.002405665729885437,-0.049715323021655426,-0.023795087115306708,-0.017302655537534076,-0.007968660458849409,-0.00894497917979191,-0.05587525166282513,-0.02966092822598998,-0.02722579324592564,0.006750137065501551,-0.0010721096933639803
circ_chr1_93894614_93904588_GCLM,-0.018286281889698122,0.007835276476947192,-0.12836977070846728,-0.004898075842079983,0.0009213163624133535,-0.00887190858102118,0.025436776288908586,-0.06448370323305881,0.025155734915510118,-0.020904090297843105,-0.044075134257638676,0.09955251140064407,0.0036961297300452307
circ_chr1_94487542_94491247_ABCD3,0.010386049854217844,-0.037895298065912096,0.0023810361898291355,-0.026390251719602433,-0.03766036718386467,-0.03718339456612062,-0.03573818614323565,0.003920466900314151,-0.08593638750935756,-0.005312794450870441,0.008762539005429115,0.008918058912714683,0.008841470635873767
circ_chr1_95143891_95151419_TMEM56-RWDD3,0.11092253769760871,-0.28865236631996233,0.01508163327875367,-0.2674192951183495,-0.07167712759921814,0.03604942858730126,0.08527544683026281,0.007312943118503358,-0.4618975873657701,-0.03761084040246419,-0.02309481083206343,0.07439535167266761,0.019682214685190328
circ_chr1_95143891_95173889_TMEM56-RWDD3,0.03506310585512117,-0.0590526032124031,0.0035967330148684597,-0.0423686043520921,0.0057072329042514944,0.04425440283441985,0.013869428209389155,0.021892582508059647,-0.19034391753620025,-0.00594637217371702,0.0018211367622719236,0.1936098590885043,-0.006912166276389986
circ_chr1_96769703_96785254_PTBP2,0.0028280628777664733,0.025211587453027172,0.004912003896216791,-0.024742989993615884,0.010296733584434887,0.01248036355633982,0.001294611871721212,-0.00851630187686026,-0.0309144932580487,-0.01973448656836365,0.002209454942574814,0.04558050587731689,-0.0057439331537731
circ_chr1_97515726_97549744_DPYD,-0.009725011740578354,0.015288983322721099,-0.004037933192156732,-0.014897204889030798,-0.006455365974384683,0.05841487841145835,0.018813374491903245,0.0523824427424426,-0.0060724821891261814,-0.005759605965909765,0.035138399277889226,0.3520019456898864,0.011593746261045841
circ_chr1_97679095_97699547_DPYD,-0.055219750519895375,0.0011213430214134744,-0.006290621588219684,0.0026617074982207205,0.004141300425054615,-0.39274930724837726,0.07655846897692467,0.25632627598849395,-0.008310324744714237,0.046815600798451304,-0.016930075191881,0.3572479082256811,-0.09764325340210536
circ_chr1_9871187_9877989_CTNNBIP1,-0.014811783723298432,-0.014750435147324891,-0.018498877721331557,0.01018694007341423,0.05592226653633588,0.02658608296221877,-0.02366696229469543,0.015721265177041706,-0.009890210031300542,0.016090974727737357,0.013722449226861135,0.08355280452871823,-0.021078006377386136
circ_chr1_9931891_9934860_LZIC,0.1559926042985132,-0.0033301946682185854,-0.07559452999223276,-0.04945284092118839,0.017764966625029213,0.017130680454862303,0.007202354368461425,-0.11132972946193818,-0.5968120077805761,0.002883660374965194,0.05725675096065853,-0.007291456638073697,0.0413789808257627
circ_chr1_9931891_9935627_LZIC,0.011614882872137005,-0.0035393696043994924,-0.07865933393874382,0.036006711546809816,0.045142976204087755,0.0006529406713289274,-0.015071066664952044,0.0006783616661108523,-0.0784537877788119,-0.0016365012519973944,0.005693467688715611,0.054117038481720905,-0.0214921376430732
circ_chr1_9972018_9981170_NMNAT1,-0.017044460340697207,0.018244418807915396,-0.0005875376903099932,-0.02078996977470394,-0.014683753298026063,-0.0015894387685842493,0.0033611980997597934,0.0028828507538936573,-0.09707490166271465,-0.008551891357916976,-0.03843608200294339,0.04462391521583413,-0.020585956839908583
circ_chr20_10556231_10560820_SLX4IP,0.01059849161668838,-0.019459553775470435,-0.0005877936282713154,0.03489323838786471,-0.07772456096622478,0.06486922656805962,0.007550950078780428,0.005394448887614776,-0.41451607464310963,0.03909825322158237,0.020828862225289055,0.1788582243505435,-0.040056446039532706
circ_chr20_13559008_13580981_TASP1,0.007107087189885427,0.007776221513285182,0.03291754692717132,0.0038736734994617695,-0.009061121108380638,0.0027975263236160136,-0.012619668644796906,-0.010576290285408393,-0.007177884503139698,-0.006507367252999241,0.0005967326955618486,0.0160627395239863,-0.019482215319466565
circ_chr20_13559008_13587370_TASP1,0.007415314108481533,0.08221078147929226,-0.07047494141149879,-0.01751335022665046,-0.032643926431593626,-0.0026333038202432896,0.02443450315795681,-0.07012971859578601,0.024271975472559597,0.004184305673756883,-0.01623309047589584,0.09976415916392742,-0.007545448652841614
circ_chr20_16356330_16381747_KIF16B,-0.026040964916946515,-0.034649458903154295,-0.12115506468704974,0.01071371292281284,0.07376741940488665,-0.2201189823770053,-0.0273069236832922,-0.2685425278886138,-0.13796780217717716,0.15664049770108887,-0.01184152488837649,-0.4209713105978359,0.003636801867175085
circ_chr20_16370586_16381747_KIF16B,-0.006170464470091063,0.004912591828159943,-0.13368909219612143,0.005667428618129637,0.0019091570579670126,-0.06689679830985067,-0.00293668055919464,-0.08890897267217485,-0.02345030201909472,0.05151619813969884,-0.026468584077982235,-0.014637851489415047,-0.011678579837637267
circ_chr20_16494291_16528440_KIF16B,0.014194714302185992,-0.013005714662497808,-0.02179267387848579,-0.0072799545644364316,-0.021047087351882442,0.006690161302560708,0.002977635622861873,0.02038383569259909,0.009370626961251726,0.002413458615367361,0.011340849066275546,-0.015929049507930136,-0.015577665229904114
circ_chr20_16526092_16528440_KIF16B,-0.0024124300210436604,-0.005829421763124103,-0.0218279006047406,-0.03302024245142342,-0.01991955136418775,0.010819413918389538,-0.01888015484425513,0.037158710514448245,-0.05490421868852113,0.026376842622540322,0.08711419997075402,0.04480994691724466,-0.019501072859723214
circ_chr20_17952587_17954117_SNX5,-0.008517957427396628,-0.021116055378952277,-0.07724164140929789,0.040127893407732214,0.009561089601400745,-0.019819337219614062,-0.032418337141408085,-0.011226167339877831,-0.15249241689309248,-0.06159340499405688,-0.011401708898915964,-0.022020342619582887,0.0001877986084091246
circ_chr20_18297985_18306393_ZNF133,0.010239993137188564,-0.0782055319504836,-0.023498173735699283,-0.009825802909058249,-0.04939247540441816,0.0028623162810389787,0.023903694991682448,-0.016625223785197655,-0.10783371175209344,-0.029543534672539246,0.007102587158802388,0.09298024391155053,0.011317487804692461
circ_chr20_21326279_21368590_XRN2,-0.0030443458713533553,-0.05902910951694509,-0.02048189548416696,-0.009840151128092911,0.010998771871498633,-0.008313515200103944,-0.001358740294075686,0.02874528346350677,0.03334885308011129,-0.001029802685247005,0.006719882660970606,-0.1553195653926802,0.06856389832249116
circ_chr20_21339044_21344208_XRN2,-0.0015761170855421024,0.010922039873450463,-0.02863946009174527,0.010661767500857193,-0.0002042095240197521,0.024139698653370557,0.09836495888791641,-0.011120933937153778,0.028854889211942767,0.0061499763296510345,0.07702898367822085,-0.0071077050368594154,0.04173279132845834
circ_chr20_21365421_21368590_XRN2,0.05400400139082158,-0.005244766171933692,-0.03673552937025512,0.038823719223251056,0.03654327635247006,0.03976789685471042,0.028785838290434903,-0.02341256424303871,-0.319789536159397,0.0016056947925362761,0.003615507393303444,0.04611705181450585,-0.021563708639764992
circ_chr20_23389946_23403072_NAPB,-0.0022295933886990354,0.03036742383856262,0.011511759737785947,0.028377121235483162,-0.022439617247957646,-0.006270454245012512,0.018388388923252567,-0.001823045711953653,-0.044387554961041416,-0.030609872118471434,0.003368026433919048,0.015896154852727797,-0.04913790688377892
circ_chr20_25467389_25470095_NINL,0.012773036540365814,-3.7137803751063474e-05,-0.0034989877829900346,0.02282065673173109,0.04238288099625907,-0.007603498757321959,-0.009232414207440153,-0.010774404904803808,0.0689094359418364,0.003226526970905089,-0.001978345511525947,0.01628112859915231,0.014549000706035275
circ_chr20_2947982_2965202_PTPRA,0.053417713451730756,0.016281948649546716,-0.10095448132498516,0.06075658414900616,0.014417753680210182,0.04323804239558014,0.011682114914506575,-0.019323771163391523,-0.5501803076591413,0.02383910242286759,0.00788902354848234,0.07834674868215913,-0.01597071393729422
circ_chr20_2964272_2965202_PTPRA,0.13424162537398412,0.03480162391568493,-0.0956762785925437,-0.037893134486238315,0.0689039608538432,-0.02910825020331235,0.007830133624116727,0.008316473779950566,-0.4737955635232644,-0.013219499395267063,0.07212170923451706,0.036864731356687275,-0.0059652812573367546
circ_chr20_2986765_2988474_PTPRA,-0.0006561198348260681,0.009527868324663744,0.016442253075109235,0.008547382413574589,0.07436500570552372,0.0095341845784164,0.003303527159952532,-0.005737073304747669,-0.0265964415032957,0.0071983141949654725,0.012652905874362567,-0.030476885160230498,0.010456528801041916
circ_chr20_32366384_32369123_ASXL1,0.07713848330458828,0.021615931030230576,-0.032272810275952114,-0.0629491143956825,0.02661458141389885,-0.010061896606685931,0.009478757899715511,-0.010868392215176714,-0.3889526570442467,0.003124022030864583,0.004567232138848395,-0.008548991571210437,0.011344312738321103
circ_chr20_32788854_32792770_DNMT3B,0.021902617688085657,-0.08518829761198708,0.024494070554706718,-0.07390497401212064,-0.00806934549872723,-0.005678607450958856,0.008436009593474484,-0.0318992956342736,-0.0466368361925649,-0.018389068060243118,-0.010981765649001312,0.056314571866813025,0.014205192985358281
circ_chr20_3296861_3298175_C20orf194,0.004246176905138712,0.008529642412347722,0.010882073240225094,-0.002558614416011146,-0.0015429983272029807,0.008312275717443196,-0.008808821182736983,0.0001909422681654227,0.0015688443820789885,0.019484026391768477,-0.018547404693160494,0.014028275465979555,-0.007194255687550103
circ_chr20_33619517_33623296_CBFA2T2,0.18340109827579337,0.003422344912120202,-0.0025463785716960874,-0.05827337350079825,0.17274772421063908,0.009235257075565937,0.0801422840778699,0.018213182049347555,-0.6534082613537477,0.07736224649467256,0.04039525932789118,0.05570948102557071,-0.04368822007516841
circ_chr20_34072066_34078553_RALY,0.01161459846578714,-0.010644532942823002,-0.011545562751554803,0.12479764864667736,0.04454648688352646,-0.0018720842274931862,-0.010764001869558266,0.013296374192198524,-0.00649036432799615,-0.008178327764472224,0.009694957959028064,0.02380162723324693,0.03478443694889855
circ_chr20_34408651_34413879_ITCH,-0.018286281889698133,0.007835276476947196,-0.12836977070846733,-0.004898075842079983,0.0009213163624133524,-0.00887190858102118,0.025436776288908596,-0.06448370323305883,0.025155734915510125,-0.020904090297843105,-0.044075134257638676,0.09955251140064408,0.0036961297300452333
circ_chr20_34470048_34481206_ITCH,-0.03619347623442802,0.010143668641379722,-0.03655577740306299,-0.009624344431172244,0.010665025023474134,-0.01742417525826886,-0.025626811844565986,0.006913372716822439,-0.3094835261247231,-0.05199913512654136,-0.02023211249477103,-0.010485094068013071,0.007772734601850502
circ_chr20_34470048_34492597_ITCH,0.016481005099114977,0.020021087515261396,-0.002295231711814462,-0.053850401978774554,0.005026878008315833,0.026265285973518643,0.017291415851126198,-0.013732398577771854,-0.054413833215730296,0.048037609799901994,-0.03712631941452899,0.04356543667105583,-0.007191953240967253
circ_chr20_34477772_34479789_ITCH,-0.0032504619474435954,0.010641036198017356,0.023582621285022774,-0.01396181776271788,0.02107764978193934,0.009272053336634747,-0.03417406231060363,0.008541111761205776,-0.01982663589904119,0.004607876470260502,0.005774073321333952,0.004032628951059905,-0.018328195824230318
circ_chr20_34489266_34492597_ITCH,-0.0158675370984492,0.021201942188076257,-7.33915546261922e-05,0.016340485082828617,0.04306824840435099,0.01676448401809709,0.008366543222268603,0.011438877690260328,0.02161939288179356,0.013776009346220707,0.023837390638476147,0.055687837006921065,0.008674463100018709
circ_chr20_34727259_34736758_NCOA6,0.006631065974918246,0.03644402431863928,0.005998151760512342,0.017683995844292852,0.005172165973265481,0.006551942163216772,0.008375407241005472,0.0030705757594107113,-0.16587701167335822,-0.003411811297105859,0.004547880337671912,-0.016071044622039305,0.007067150361650495
circ_chr20_35713019_35725155_RBM39,0.029546247315474,-0.024569735526014054,-0.020200133900545748,0.0009231280934210383,0.02449015849267494,-0.00875159368628674,-0.007138023016761217,-0.018720304584167617,-0.4153110945194675,-0.006455300639224063,-0.007916208878619204,-0.016818107889855986,0.023146739263810806
circ_chr20_35714185_35725155_RBM39,0.12185352101086915,0.00993743225987338,-0.03230182353451932,-0.06031570409768397,0.07715186471289553,-0.027438754377499656,0.056515454409187475,-0.03431162585711367,-0.4964345898001215,-0.01141855458222599,0.04691254075074086,0.0494567509889337,0.008404029818235282
circ_chr20_35716740_35725155_RBM39,0.09404214985407469,-0.060641701609698215,-0.02561314446555857,-0.027820062702123203,0.012315841668883656,0.03427416160956418,0.028504656408042908,0.014280164784573626,-0.46904404733524085,-0.04674931514252879,-0.027676219665027216,-0.009678191092981807,0.038474052945074444
circ_chr20_35721740_35725155_RBM39,0.04180275105091103,0.010615329021696698,0.010871663845666226,0.014530201620152079,0.002452034978963111,-2.8945886585233713e-05,-0.006899741021193967,0.004409028981679498,-0.3509856402365568,-0.018562512337080873,-0.01256745623966664,0.07126947554454995,0.01289889187993442
circ_chr20_35724570_35725155_RBM39,-0.008517957427396628,-0.021116055378952277,-0.07724164140929789,0.040127893407732214,0.009561089601400745,-0.019819337219614062,-0.032418337141408085,-0.011226167339877831,-0.15249241689309248,-0.06159340499405688,-0.011401708898915964,-0.022020342619582887,0.0001877986084091246
circ_chr20_35729312_35732135_RBM39,0.1754852887177585,0.029439821519679884,-0.047018069281619716,0.008343967769712739,0.047875819074743836,0.05130641502500195,0.0351050168966183,-0.040362278811418344,-0.5062938157777445,0.004963099460609415,0.019876490333756363,0.13289659093462142,0.038869646528086804
circ_chr20_35858302_35871829_PHF20,-0.004434378793231513,0.0043598792055947674,-0.0469381818595801,-0.00881311271741775,-0.00577855413648999,0.019141544344829453,0.008413124636535856,-0.06359117597199052,-0.022975970366103538,0.04395937481193239,-0.03960018526263831,0.05408529248656472,0.0025765908630529894
circ_chr20_36607715_36609730_TGIF2-RAB5IF,-0.010140235242564839,-0.014895101841386212,-0.023546463923114547,0.019084350798089386,0.03333673843242593,-0.007149273016407359,-0.019927221256561507,0.009459418085894566,-0.1873762759492628,-0.07418388560733909,0.0032330814792248218,-0.0077598418191394515,-0.0007038345480564788
circ_chr20_36911218_36912552_SAMHD1,0.005884209398774016,0.008636961281836525,0.006910411005837851,0.003930233711413323,-0.015821756291460435,0.012121194634139807,-0.006949331995783596,0.007229753839785053,-0.007590475938667034,0.0033793506245464646,-0.018473635813248013,0.01779201369300854,-0.01664999055304225
circ_chr20_37184180_37184373_RPN2,0.02346414978161965,-0.04620576609500197,0.031705284033027775,-0.0569238862532914,0.029883659166010733,0.010454915716304657,0.04192656105588041,-0.0346205034485932,-0.031797937687490056,0.010713377481210568,0.0309608578858041,0.006836489378501732,0.007431891785656345
circ_chr20_38057532_38066256_RPRD1B,0.01564792855629863,0.009736331300004475,-0.07907083150886486,0.0067503572066800995,0.01783623631247905,-0.0277170565655022,0.012465032067277029,-0.055263670356480644,-0.34498059031801515,0.07470593309146642,-0.02750868670610126,0.03282143110856967,0.05294403153461776
circ_chr20_3945177_3974400_RNF24,0.0014831223689323728,0.05087741369490174,-0.011571617305688035,-0.05068876460862181,-0.026928853175069087,-0.002105956217431522,-0.00042059019721901064,-0.0033634438642760047,-0.13909674385339021,0.011274525701399142,-0.004591429806302788,0.05021148602565251,0.0012312173082233522
circ_chr20_41092472_41101353_TOP1,0.07732138127636982,0.005839545554972124,-0.03787484954052384,-0.0011671924623423572,0.010978570169008014,0.0049412542908727234,0.13075507499013542,0.04517185963913674,-0.5364790101032705,0.03959130098376786,0.003586457665761542,0.14494743235163043,0.015001644273349707
circ_chr20_41533050_41551360_CHD6,0.10712231138022305,-0.08337259372756767,-0.09374966938441656,0.015309162278269927,-0.025092029611496473,-0.00178103945724728,0.01802290317116567,0.009849487246886965,-0.40756320889574477,-0.023336932752457074,-0.051522937476225855,0.017927855822672496,0.023800059860282465
circ_chr20_45815541_45815913_UBE2C,-0.01994668489890071,0.004209465500406575,0.04771560323763425,0.16082636230681852,0.03634667401363076,0.04663419276479896,0.05052559635428543,0.004852096957989772,-0.22381305563742696,0.002438820049407146,-0.06883009680504436,-0.02638073662847573,0.04420004174828209
circ_chr20_45902267_45902604_PLTP,0.0015017363609117554,0.02054352821975369,0.030785691444275,-0.002071102031696244,0.08327532284916683,0.011664697167983249,-0.004990225956327863,-0.004477465396376067,-0.05230728093572649,0.00297753923608534,0.010886431072554707,-0.00349222124777374,0.004406073596243058
circ_chr20_47246008_47246517_ZMYND8,0.03111300910622103,-0.020665824602718,0.00908459779726237,-0.01364160666566395,0.037399594845559686,0.002460045726694698,0.006997682299587625,-0.0047445743828594365,-0.03830621736989664,-0.0036728146132149375,-0.0024182868213413074,-6.453921014118544e-05,-0.005675482860751004
circ_chr20_47262288_47276795_ZMYND8,-0.019029048946083107,0.014978946188840417,-0.09943815464657807,-0.010214342683421735,0.0038355273775621426,0.02814801513845538,-0.01847056682027422,0.025642085952837065,-0.11825942409039897,-0.0044846178506415865,-0.0010424001649716017,0.016232595679409014,-0.0030655201228853416
circ_chr20_47262288_47283648_ZMYND8,-0.02627590259066398,0.07110716531123291,-0.02108702389204851,-0.05685668044086056,-0.012346011030224516,-0.024110607926194873,-0.018197027219371206,-0.0071913733045048936,-0.051854021815962124,-0.04882326586050339,0.0017796595805693084,-0.015491777231990756,0.0464321507191309
circ_chr20_47276314_47287284_ZMYND8,-0.002196590121599774,0.0004654274329199399,-0.034413206727270364,0.007427401208168622,0.0165753263047968,0.053202675627216145,0.0025304108283178217,0.09679430089782715,-0.060868660175286436,0.0024922681247117723,0.015157378839863562,-0.015280287510346985,-0.009944886380176408
circ_chr20_47623911_47633636_NCOA3,-0.004698821911656926,0.055851043324507216,-0.02057689884424759,-0.03086250750302417,0.006104871708674404,0.015565928751964999,0.016687742316168083,0.009752423262592522,-0.11181882144009475,0.017650002889185043,0.00951866778720274,0.021295714297961545,0.02297377469226125
circ_chr20_47736703_47757463_SULF2,-0.02057286343336283,0.011620952056380196,0.024817814620516968,-0.05458149389704194,0.01086064940849281,-0.0030697383146459914,-0.015570952489663262,0.029246948382714896,0.04522834579869331,0.017133429061565827,0.013462616449763503,-0.09342810724718839,-0.018702491067283063
circ_chr20_48690947_48692790_PREX1,0.0449137168179349,-0.007454606968503872,0.029941466672896676,0.2436215163152003,0.015975839313444727,0.013253248897105973,0.0007402740208196097,-0.008351646484985348,-0.23408696308116808,0.007389440440799435,-0.019239243617106175,0.012009420848517539,0.003183590218887469
circ_chr20_48941199_48953790_ARFGEF2,0.02685864449208326,-0.008806218976135205,0.006199030023544602,0.012033755895077693,-0.00038544823492538523,-0.003469427945284289,0.018673645232377415,-0.009943205831759533,-0.021232153342105684,0.0016463528873469691,-0.007251472822211041,-0.009097864227628883,0.01677150795567004
circ_chr20_48953556_48963898_ARFGEF2,0.0006905309605569654,-0.020974715097551867,-0.09029076832426236,0.024366408861913106,0.03191626858098946,-0.02454767416363776,-0.025630441531788097,-0.04438279221686846,-0.2934783843079615,0.014601705532393589,-0.0008086203499640248,-0.04494999817151354,-0.020573167152175137
circ_chr20_49639678_49640665_B4GALT5,0.007499307297703459,-0.007911155346067013,-0.008931249543970007,-0.005758653288553228,-0.027964581352675544,-0.003589990319719354,-0.009012813698697034,-0.030544907207225757,-0.023545549300611746,0.002325041922463172,-0.01891208015096284,-0.012241960775293593,0.01820292978008265
circ_chr20_51674153_51690819_ATP9A,-0.012568178900582387,-0.03031836296233012,-0.1713733526269073,-0.05272350749682272,0.05368261271004726,0.036554430191815625,-0.0032739431247716046,-0.03361781179198051,-0.571902247220221,0.09362771437928277,-0.0363908509678179,0.013489275347606394,-0.003016859154305218
circ_chr20_51712966_51729978_ATP9A,-0.049201850920794495,-0.017566047498465253,-0.0332814458026095,0.00604560517450347,0.05030137418862295,0.0426893588378908,-0.026602737149994206,-0.008337468729037357,-0.11387606171454795,0.010633419848851137,-0.016044723834991576,-0.06332896339538177,0.010440823870052887
circ_chr20_5176648_5178956_CDS2,0.007107087189885426,0.007776221513285182,0.03291754692717132,0.003873673499461768,-0.009061121108380638,0.002797526323616013,-0.0126196686447969,-0.010576290285408393,-0.007177884503139693,-0.006507367252999241,0.0005967326955618486,0.016062739523986295,-0.019482215319466558
circ_chr20_53253499_53256444_TSHZ2,0.007858117607541891,0.03882356768805562,-0.007381665359381477,-0.01646881766419799,0.0007932890005768272,-0.00466589678680875,-0.006910039416781141,-0.006061593311552035,-0.12310916914505594,-0.015932929638727868,-7.207478390762985e-05,-0.0013746914123944855,0.005551432949013043
circ_chr20_53253499_53256571_TSHZ2,0.0423217589954907,0.014748695935006186,-0.16547872123313703,-0.0038323461305679162,0.029310526219927777,0.008116474324799356,0.01037056215129084,0.014804458546270485,0.0037838502379738863,-0.029445226889389924,-0.01241913450180292,-0.00796790796102468,-0.008757030197271235
circ_chr20_54157169_54171670_CYP24A1,-0.05652083460176219,0.06419879081345123,0.02270061910523508,-0.0029611402477268526,0.024328476023858094,0.07602758367210748,0.1259808352973499,0.027998192581610563,-0.0021556311042778345,0.04580106431607799,-0.022765960360774603,-0.018195097114369375,0.10448445675942267
circ_chr20_56365087_56365262_FAM210B,0.000858729064152917,-0.05579826031170041,0.03797001380910138,-0.029459299878799357,-0.015959128381971326,-0.023956661754306052,-0.030811392461058143,-0.011349909629495409,-0.02833257845427108,-0.013207151161024541,0.004640381022034448,0.015698167331932213,0.012239954797328022
circ_chr20_58438945_58441083_VAPB,0.03795899139332366,0.03717529965884204,-0.011497774669028862,-0.08803483366275117,0.0038192964974015785,0.02343930163746,0.1048556631883217,-0.014379297736904523,-0.3786249188757403,0.027705650343930164,0.011099736647442687,-0.029949160771856758,0.0171402636580419
circ_chr20_62139075_62140944_PSMA7,0.020575317367951908,0.008822308469137978,0.05332399839483203,-0.04017024962181625,0.10838101128881537,-0.015543671400665924,0.03157242524416657,-0.06826074091609038,-0.686964836342964,-0.009588951696018075,-0.03418343328841055,0.028670976413079193,-0.0027102994619810994
circ_chr20_62660412_62661175_SLCO4A1,-0.13162062382292383,-0.0047297183072333845,0.051506620177027805,0.1481189511169419,0.11611917195663107,-0.4556650264429652,0.25155017945134056,0.40168132650495897,-0.17799855297113287,0.01943709802732079,-0.1503911082192534,0.22831382531995642,-0.04663797464746842
circ_chr20_63775678_63790790_ZBTB46,0.037592065256397904,-0.013170671192538676,-0.024599687324853545,-0.005875802089187276,0.21573239493245192,-0.0010598215583913898,0.048586379818064775,0.021100635498156484,-0.3167512971658356,0.003297545876424288,0.04084521369811891,0.02190560937713695,-0.019563896209844965
circ_chr21_15014344_15043574_NRIP1,0.061341795331437854,0.004362822683927344,-0.11907066524389248,-0.05748790301708808,0.0868372864474982,-0.008982651031287219,0.08335439455450677,0.0017664300569533084,-0.4047047471525323,-0.004809236906490961,0.03587104799768957,0.05337413626074405,-0.00968073448557946
circ_chr21_15762891_15766141_USP25,0.1723563199711789,0.004165934274261378,-0.015779933648159827,0.026630114919901776,0.03755839631205069,-0.07576485607402735,-0.0030445016111672577,-0.008652222351040892,-0.5491284747737271,-0.004307220743904889,0.02273398885912801,0.052525131056370404,-0.015071204872445843
circ_chr21_15833348_15842540_USP25,0.0035320272455151543,0.013050396862680566,-0.04774262177563572,-0.0119200380068795,-0.030303980697691912,-0.00639039253277062,0.012617230814939413,-0.039502018727757916,-0.008521810752539249,0.04447955428121728,-0.02984265416442252,0.03770493227389061,0.03795833941039422
circ_chr21_29321221_29329693_BACH1,0.04304398690930393,0.006753282958869146,-0.0112166099901233,-0.36033972124054625,0.04553815376585465,-0.03294567448028233,0.075165642327737,0.0034663755693569694,-0.3497439126054505,-0.041914216590232,0.01718439222762189,0.03952977149911698,-0.009001252611096
circ_chr21_29326059_29329693_BACH1,0.003820054773886832,0.047411392478473625,-0.05271185055923927,-0.018761955490794013,-0.056876275477620995,0.0019301384608046783,0.05713318796882045,-0.07386404509627346,-0.07468076780580997,0.029642600686568172,-0.03508860873819388,0.0315081368020077,0.0053554056342252675
circ_chr21_33765875_33767828_ITSN1,-0.018286281889698122,0.007835276476947192,-0.12836977070846728,-0.004898075842079983,0.0009213163624133535,-0.00887190858102118,0.025436776288908586,-0.06448370323305881,0.025155734915510118,-0.020904090297843105,-0.044075134257638676,0.09955251140064407,0.0036961297300452307
circ_chr21_34834410_34859578_RUNX1,-0.015587916085278198,0.22499294607890447,0.006944618445232035,-0.01574293750977955,0.008140278850812982,0.03543858734162653,0.052825196222628726,-0.009971147227067472,-0.02922708330574038,0.0011453440041429858,0.012431098552211571,0.10294369100863912,0.02667450407189332
circ_chr21_36247517_36248568_DOP1B,0.011209582265753389,0.004164389384934031,-0.00321163139302348,0.024971643869077544,-0.009873966605098487,-0.03578599436328291,-0.07396581291444897,-0.05794994464741972,-0.783967512256413,0.036443785153531055,0.03373758660786198,0.17907842917158462,0.008309693124245772
circ_chr21_36247517_36251284_DOP1B,0.04139278065483302,0.012812741322153685,-0.01694515110545609,0.03281422464433722,-0.017908262429262065,0.00558090688150531,0.012193818299532375,0.004514477711278594,0.010491184837222365,-0.0015316321665058495,0.00558500174763242,-0.014650877796301316,-0.022978795303436904
circ_chr21_36338779_36344707_MORC3,0.1674198077615865,0.039859073506552434,0.006576440954914861,0.023885775873356798,0.20005216921243626,-0.013162745670965923,-0.01966177956388005,-0.07481038663248095,-0.5071710445628186,0.03880860271636886,-0.015462508455053668,0.09080294436390257,-0.033604362699034704
circ_chr21_36338779_36364259_MORC3,0.0024388089109999914,0.012161622471899997,0.0028102818886831336,0.15596650768235573,-0.03915429100450717,0.018067225807346123,0.015116087096563993,0.023278979838119343,-0.05857083287485907,0.04380206299138821,0.018680169090644388,-0.052990816285138666,0.011367007347501075
circ_chr21_36362183_36364259_MORC3,0.016602274234022718,0.03198721475585522,-0.019196275816928777,0.2649142113282378,-0.0675509767032851,0.016576817085457548,0.0423098621837682,0.021611550502902775,-0.10651204923482943,0.004339994296649415,0.01760654246618312,-0.030085246332940945,0.0031955468204296687
circ_chr21_37108392_37129063_TTC3,0.007504523233338777,-0.028807565487248103,-0.0106072070507927,-0.0019065738908981746,-0.016091790360303636,0.010306265408766764,0.008663643431984365,0.0033734278768794397,-0.14593772765315935,0.009079123818615736,0.004329501572198123,0.022229168938038862,-0.006502696129692309
circ_chr21_37108392_37147603_TTC3,-0.0036524112686078885,0.0002901688529199418,-0.009919511267804146,-0.015983187959755875,-0.016925015590933252,-0.017932984333354548,0.0215302476843265,-0.003012581445874616,0.020658775294261664,0.005834922231860247,0.00827373074468134,0.06868552489801767,-0.009362676951052041
circ_chr21_37420299_37472880_DYRK1A,0.11033947752292121,-0.0017503754125984133,0.00038186994176665735,0.02103681995228473,0.029267443566818818,0.01889614168069802,0.04485320615790084,-0.004105878631461663,-0.39177899937875904,-0.01455811486427262,0.0097447208090866,0.10216236512568669,0.01904333977391448
circ_chr21_39206108_39212707_BRWD1,0.1464122830787264,0.013307931677279778,-0.15043246210959457,-0.012365842130718,0.006335167569814712,0.038095713112371865,0.03851774828021183,-0.04527581678354005,-0.4371297719670347,0.04136912922552277,-0.022506476198177288,0.17241843265881093,-0.006227505926028478
circ_chr21_39206108_39229436_BRWD1,-0.018286281889698122,0.007835276476947192,-0.12836977070846728,-0.004898075842079983,0.0009213163624133535,-0.00887190858102118,0.025436776288908586,-0.06448370323305881,0.025155734915510118,-0.020904090297843105,-0.044075134257638676,0.09955251140064407,0.0036961297300452307
circ_chr21_39218152_39218660_BRWD1,0.02685864449208326,-0.008806218976135205,0.006199030023544602,0.012033755895077693,-0.00038544823492538523,-0.003469427945284289,0.018673645232377415,-0.009943205831759533,-0.021232153342105684,0.0016463528873469691,-0.007251472822211041,-0.009097864227628883,0.01677150795567004
circ_chr21_39224408_39229436_BRWD1,0.02176406603851956,0.0054097029384403295,6.881490679906523e-05,0.02904466977808344,0.056694925678730725,0.012289624826545165,0.01734431142493481,-0.0052065787902777945,-0.009608210222143695,-0.011750915622825302,0.0004770621242136798,-0.0071817119798024,-0.01930433881826479
circ_chr21_39228500_39229436_BRWD1,0.08870510030482481,8.430961803837582e-05,-0.041575821719204875,0.028177467319965233,-0.033671042561242474,0.014065725936588521,0.018131066087222304,0.0007806603057997709,-0.20301484189548719,0.026625126808177142,0.013993534528136068,0.004420777820627599,0.000608430825340714
circ_chr21_41226266_41257326_BACE2,-0.018616560940615624,-0.052344428369985464,-0.030754435316100334,-0.039561743412685924,0.04543088828159313,0.03442998808694874,-0.016203680222693823,-0.0015942612739386804,-0.12963133924509238,-0.013658767251708932,-0.009225779714395225,0.06671869807543465,0.011827018981564269
circ_chr21_41237513_41257326_BACE2,-0.051465984746758224,-0.021672259155981394,-0.09813578274700625,-0.0009012103664112609,-0.017273189638593752,0.03415065241879371,-0.008796596422783416,0.012511088202016662,-0.04858460563638764,-0.002158964193855648,-0.06404054934858759,0.03873228705858715,-0.02538424778485725
circ_chr21_43746079_43749080_PDXK,-0.0038859209643408435,-0.00511308511787907,-0.014061170763950954,-0.020322095759470908,0.024874015424643965,0.0071515770010690035,0.00926460646862922,0.007847152177658271,-0.23589383348704085,-0.0032623061723408143,-0.007626803540672868,0.01661010962043654,0.019903992356429197
circ_chr21_44855210_44861271_PTTG1IP,0.008502043336706368,0.059658891067592916,-0.03751914465476905,-0.03850173101358382,0.05148145467484459,-0.0399160916498243,0.018701983316572347,-0.03249716842587231,-0.5904451046186321,0.03507580770811989,0.004789579323334177,-0.01460848974653715,-0.011189961441617956
circ_chr21_45128402_45134832_ADARB1,0.10958245231442375,0.002068893132902658,0.029471554688092146,0.26441045573344374,0.04414821746703649,0.007189122135981302,0.02753762064356447,-0.004911675258265909,-0.26424372846181354,-0.032119802017710725,-0.0014524139216687605,0.043269846226297384,0.026217802884796575
circ_chr21_46349012_46349820_PCNT,0.0644297234744116,-0.0007629833928625838,-0.02915780802470994,-0.007197642582584822,-0.0562818931869598,-0.01445200678470314,-0.006156692698449609,-0.002308316680885391,-0.3172149063028894,-0.005826802140882135,-0.03144706456342988,0.015224971214731632,0.015327359164359542
circ_chr21_46643535_46644488_PRMT2,0.0031213084530363963,0.014518782029764936,-0.027052897182337526,-0.01684429323333351,-0.020892911452582305,-0.01593984078275525,-0.009235961536069884,-0.001882409948813448,-0.00020836762893140036,0.030398531788013838,0.005845223378340794,0.10376731553801989,-0.01958589431523575
circ_chr22_16637040_16638740_TPTEP1,0.013526320286801917,0.04167785348062798,-0.08969949231248776,-0.07287024708707525,-0.09279195082157579,-0.002955738851785293,0.025959323036739135,-0.03162542332161148,-0.04723071671570512,0.0017548166379820907,-0.004874636875410799,0.024953653979477575,0.0052839630013967465
circ_chr22_20933779_20934244_CRKL,0.009722672026759156,-0.0023623028609006747,-0.016967596023244914,-0.04408077371444217,0.12936379629382505,0.010745624243863737,-0.0030273200940283502,0.0039550912699961955,-0.7320197112329428,0.057244474790121146,0.01635754708458085,0.03301636424022022,0.005635463444724767
circ_chr22_21799012_21807846_MAPK1,0.006631065974918253,0.03644402431863927,0.005998151760512344,0.017683995844292862,0.0051721659732654815,0.006551942163216771,0.008375407241005472,0.0030705757594107117,-0.16587701167335828,-0.003411811297105856,0.004547880337671913,-0.0160710446220393,0.007067150361650492
circ_chr22_21805850_21807846_MAPK1,0.0038446521843826654,0.005164120868902121,0.011705046027946713,0.052598278882010616,0.0057281114964910385,0.011093436793722017,-0.009364080693174102,0.0005027433888341724,-0.3593897791339485,-0.01312713449822383,-0.09851897948994286,-0.013804265899009615,0.013020627796556954
circ_chr22_24302195_24313466_SPECC1L-ADORA2A,0.08660697659831831,0.039301175538070436,0.0010129232704905373,0.002912645445208093,0.027679000912804178,-0.002783926806311948,0.0016103480049786492,0.02611904878542528,-0.2612977200872171,-0.015383832285604413,0.02918548889734897,-0.019254232892412414,0.018660003753168522
circ_chr22_24365476_24369320_SPECC1L-ADORA2A,0.007107087189885427,0.007776221513285182,0.03291754692717132,0.0038736734994617695,-0.009061121108380638,0.0027975263236160136,-0.012619668644796906,-0.010576290285408393,-0.007177884503139698,-0.006507367252999241,0.0005967326955618486,0.0160627395239863,-0.019482215319466565
circ_chr22_25663630_25674528_GRK3,0.011527532386328056,-0.030586951182297623,-0.04711029645031847,0.0036946494860923746,0.039135421992832174,-0.017852137042238973,-0.009016350541521495,-0.036979002448063,-0.17928425479733293,0.012715217761079452,-0.030140799648303546,-0.000754924467615791,0.0037142286101926924
circ_chr22_27873738_27897892_PITPNB,0.007107087189885427,0.007776221513285182,0.03291754692717132,0.0038736734994617695,-0.009061121108380638,0.0027975263236160136,-0.012619668644796906,-0.010576290285408393,-0.007177884503139698,-0.006507367252999241,0.0005967326955618486,0.0160627395239863,-0.019482215319466565
circ_chr22_27873738_27914347_PITPNB,0.10145262057040438,-0.0282083785044216,-0.028930358805779766,-0.010173713807141002,-0.0004107963941832394,0.0021696863952461723,0.011013476551036558,0.006549740730629964,-0.0743727143366467,0.011488752304140112,-0.0036501636446531257,0.027992051014931407,-0.021306044138926925
circ_chr22_27894555_27914347_PITPNB,0.18137414673808136,0.012776932058151783,0.008922373829558995,-0.02126225668989013,0.07908884059110705,0.04651672121178228,0.018690767458545244,0.010896633267205032,-0.6670898368611831,0.02420439557732512,0.027824597759657295,-0.001931208161485016,0.042230767176638415
circ_chr22_27910964_27914347_PITPNB,0.0819056301532134,-0.03322068203907226,-0.017190046428713555,0.036782021105264254,-0.012641287334076982,0.008130672651931757,0.02840836091379019,0.008086598489337687,-0.44291095831514926,0.007560486886059133,0.007169352567402669,0.17986187456130595,0.05780522313055078
circ_chr22_28296198_28297852_TTC28,0.051634064479020525,-0.004153766321860726,0.007703648986070269,0.001614971833800073,0.03575680656106618,0.0087199911860728,0.01500522347984245,0.0016213516079500267,-0.16060929357154502,-0.0025495483778119406,-0.009064719319080951,-0.009067639010711,-0.0019146481162095649
circ_chr22_31447426_31450360_EIF4ENIF1,0.007107087189885427,0.007776221513285182,0.03291754692717132,0.0038736734994617695,-0.009061121108380638,0.0027975263236160136,-0.012619668644796906,-0.010576290285408393,-0.007177884503139698,-0.006507367252999241,0.0005967326955618486,0.0160627395239863,-0.019482215319466565
circ_chr22_31758546_31768863_DEPDC5,0.006755180926814409,0.07517318452327866,0.011393664020722227,0.011759606757052458,0.02060695023902685,0.006008918053158687,0.003047946894923203,0.001109866295709024,-0.1776470361032057,-0.0005027432877399181,0.0017345261349433346,-0.0426722385499023,0.00037669272289383716
circ_chr22_32478981_32479275_FBXO7,0.24630944587653258,0.14020656602429762,-0.06543464790593514,-0.08953240631045191,-0.006606746816613815,-0.02182617404395846,-0.010809562243665962,-0.10905465449373605,-0.6682197722769487,0.06488238196967941,0.05594213975219506,0.03430934457192556,0.053601741078171866
circ_chr22_32478981_32485209_FBXO7,0.022504629179856114,0.024485387369500955,-0.007129748494055427,0.003034674705308742,0.03903860062312146,0.019780486642581783,0.04968569110517391,-0.0005541164239950237,-0.0021978409696172528,0.008208726326130974,-0.005027269102081714,-0.017694695027008094,-0.00966900837406512
circ_chr22_36341370_36349255_MYH9,0.0066310659749182505,0.03644402431863928,0.005998151760512347,0.017683995844292855,0.005172165973265481,0.006551942163216771,0.008375407241005469,0.0030705757594107126,-0.1658770116733582,-0.0034118112971058584,0.004547880337671915,-0.0160710446220393,0.007067150361650495
circ_chr22_36932765_36933994_CSF2RB,0.007107087189885427,0.007776221513285182,0.03291754692717132,0.0038736734994617695,-0.009061121108380638,0.0027975263236160136,-0.012619668644796906,-0.010576290285408393,-0.007177884503139698,-0.006507367252999241,0.0005967326955618486,0.0160627395239863,-0.019482215319466565
circ_chr22_37687910_37688992_NOL12,-0.01994668489890071,0.004209465500406575,0.04771560323763425,0.16082636230681852,0.03634667401363076,0.04663419276479896,0.05052559635428543,0.004852096957989772,-0.22381305563742696,0.002438820049407146,-0.06883009680504436,-0.02638073662847573,0.04420004174828209
circ_chr22_37812887_37813609_GCAT,0.09318016633690797,-0.20919867136944487,0.050584311727402555,-0.15181997757191906,-0.0036392602247047145,-0.014833789219658134,0.017152910373853157,-0.022425430085759368,-0.0347533600595599,-0.013554503936529,-0.004705481578886756,0.035491347573642515,0.002298105975343249
circ_chr22_38245935_38248019_TMEM184B,0.007107087189885427,0.007776221513285182,0.03291754692717132,0.0038736734994617695,-0.009061121108380638,0.0027975263236160136,-0.012619668644796906,-0.010576290285408393,-0.007177884503139698,-0.006507367252999241,0.0005967326955618486,0.0160627395239863,-0.019482215319466565
circ_chr22_38494630_38501280_DDX17,0.07015209101877945,0.04537109998416883,-0.03948253893885698,-0.05561758800723801,0.014492790438667493,-0.0014286687444443626,0.00945882981087796,-0.019829537791984625,-0.028601536674336635,0.010302266941530877,0.007956063730256925,0.06605556289351606,0.02203944049852181
circ_chr22_38498085_38501280_DDX17,0.007504523233338777,-0.028807565487248103,-0.0106072070507927,-0.0019065738908981746,-0.016091790360303636,0.010306265408766764,0.008663643431984365,0.0033734278768794397,-0.14593772765315935,0.009079123818615736,0.004329501572198123,0.022229168938038862,-0.006502696129692309
circ_chr22_40117055_40125862_TNRC6B,0.007107087189885433,0.007776221513285187,0.03291754692717131,0.0038736734994617725,-0.009061121108380643,0.002797526323616014,-0.012619668644796902,-0.010576290285408399,-0.007177884503139697,-0.006507367252999243,0.0005967326955618469,0.016062739523986305,-0.019482215319466555
circ_chr22_40429606_40435554_MRTFA,0.0031213084530363963,0.014518782029764936,-0.027052897182337526,-0.01684429323333351,-0.020892911452582305,-0.01593984078275525,-0.009235961536069884,-0.001882409948813448,-0.00020836762893140036,0.030398531788013838,0.005845223378340794,0.10376731553801989,-0.01958589431523575
circ_chr22_40552106_40594735_MRTFA,-0.012290721202808353,-0.00021318714796816,-0.044886694927557425,-0.056160004094879576,0.03934352335867547,0.0025703325746984323,-0.012232095578974358,0.011362419194878424,-0.07293796131164955,-0.014029179373578868,-0.02200980417157362,0.17506177338701748,-0.01475731628783056
circ_chr22_40881770_40882177_XPNPEP3,0.011694604061938748,-0.003450462938029386,-0.032741216040805106,-0.025057942213327175,-0.05796989957084454,-0.0021287980581642103,0.00480844931435051,-0.002298891596755049,-0.16473912425487883,0.08122501307429732,0.008829778823361289,0.05051136412284383,-0.008612923729046712
circ_chr22_40953555_40967884_RBX1,-0.006901369098473907,0.03631357692384135,-0.0233174839520608,0.0038545969657190213,0.008509950314616745,-0.021412902027323644,-0.02229804862217331,0.0007828084202742016,-0.03683833049465526,-0.044323088617653626,0.006691465286263225,-0.0001807539272961245,0.06485041420298383
circ_chr22_41125864_41140257_EP300,0.005041298767697007,1.5077926910169626e-05,-0.047523667071133785,0.02571381940761608,-0.004627009940661523,-0.021089103118155136,-0.02286012464572893,0.000886563693029282,-0.3717540173800014,-0.03262246423764493,-0.0005906591703408344,-0.026332256421333897,0.0061735155480339005
circ_chr22_41338313_41339191_ZC3H7B,-0.009547712076273073,0.011557215081512653,0.008824022120720358,-0.031023020872557837,0.029971673849690426,-0.0031486334349864814,-0.003768400009098957,-0.0016802178924160561,-0.005784979939343662,-0.012587612983134568,0.0015153125989281902,-0.022115015774014368,0.016591597023401856
circ_chr22_41342529_41343576_ZC3H7B,0.09175697872020083,-0.006682561796418336,0.004002253725918098,-0.014266011304589491,0.06927613353359201,0.010194926725921075,0.025645119747655216,0.013711395169714695,-0.5787984055816948,0.0008826703317396583,-0.013672141116616817,0.04590549544398348,0.029839504954039652
circ_chr22_41808875_41810291_CCDC134,0.0008063668980099784,-0.019454663577889202,-0.01388647534090127,0.13767114394288205,0.06564281889598972,-0.04748274517256502,0.02509411873166221,0.02925068428760446,-0.4689760569103529,0.09061496471766294,-0.002586405551165138,-0.01716355913923644,-0.009528723474798835
circ_chr22_41808875_41813822_CCDC134,0.0015943985181797195,0.00035418450586173874,-0.08275673702332918,0.013056545216024425,0.04078015585203542,-0.04451993588923325,0.006001040711440103,-0.09386156461046449,-0.13870840788654767,0.08369986087097331,-0.026925461369865678,-0.058342320459346,0.008089282880508818
circ_chr22_43039780_43046573_TTLL1,0.034463641026860246,0.0040608262546621456,-4.249768667658866e-05,0.2868689138287392,0.03868827484320643,0.0052073328240508105,0.022118870122103916,-0.0004387876093708426,0.07770129503034691,-0.009579948205749214,0.005611089066392769,0.03217644462713802,0.005964539561237874
circ_chr22_45178238_45178900_NUP50,0.10096299034093423,-0.017578287470736077,-0.02288595939509192,0.1915122376051811,0.0701790557262591,-0.0013603194067259826,0.03220122850972018,-0.022088869796525773,-0.07031331747683157,0.005837321322564765,0.017160141572375817,0.07000713999497142,-0.005261933364219346
circ_chr22_45689712_45702847_ATXN10,0.013308043301296268,-0.030064905058445487,0.01140492429494205,-0.046319155655054116,-0.022472807389321836,-0.0007506882256151543,0.01841777786993881,-0.012129974005117368,-0.09026030063214381,0.012428954428335805,-0.0031896484228802506,0.1024275723478396,-0.008600061853112182
circ_chr22_45689712_45718493_ATXN10,-0.008975282835161906,0.04795765905988798,-0.010140497331307967,-0.030572814057551804,-0.023066564275130305,0.009215232234791615,0.018300397007745505,-0.037372316067593794,-0.37180272712212387,-0.020086624627599074,0.005436252385251101,0.1989294613084285,-0.009422113417158774
circ_chr22_45689712_45740538_ATXN10,0.007550482310864948,0.024078528193806573,-0.04142563938208641,0.004145686057787784,-0.011110222698877402,0.027359793734933413,0.03918930272348214,-0.019965924644683775,-0.016020445287268478,0.017589790558591858,0.0035498977914747622,0.0427659185002192,-0.010014849667049998
circ_chr22_45700282_45740538_ATXN10,0.06090654509768083,0.027031592283075397,-0.10522661777355281,-0.14751018825372492,0.06376202790593208,0.004816672563890596,0.005182758015812097,-0.019592838948218144,-0.4570111779036537,0.03316404177105689,-0.012939297555416776,0.12413899496345683,0.02156395719964794
circ_chr22_45729425_45740538_ATXN10,0.14240838353519913,0.008377279607290096,0.004589097357184057,-0.09351707375211633,0.031008264376774574,-0.06212701504022723,0.09281820194783132,0.08604405767623194,-0.5857669729538388,0.024517493684546515,0.028644614747728007,-0.01881980846987445,-0.0012142461886370287
circ_chr22_46384543_46389499_CELSR1,-0.043193819048653874,0.012803862241599554,-0.13313225958539016,-0.019395669675075538,4.209583032360492e-05,-0.012327056462781967,0.01222640928986021,-0.03742468506833904,-0.019179999892498193,-0.03874337161760883,-0.029228859768582225,0.0808666265718348,0.025767140412717007
circ_chr22_46626751_46637960_GRAMD4,-0.009349789253846158,0.002072541703606271,0.007354753717703498,0.01914425063289787,0.005732057447020383,0.0182575794846507,-0.03149184807732894,-0.011047102102666403,-0.0884127141823154,-0.007545220991277611,-0.0007468630997367698,0.0037970910028717548,-0.000327984715919235
circ_chr22_46974290_46997709_TBC1D22A,0.0013650865661333671,0.023002797384440096,-0.028100398623377473,0.061268255911630924,0.0004925598097138252,-0.0018656706189621917,0.005573555872173908,0.009522004800422016,0.0719059608114569,0.023700039851951776,0.017000603647775128,0.2177079665109277,-0.009020889611315574
circ_chr22_46974290_47037198_TBC1D22A,-0.0030544659603870977,-0.0006700676139478126,-0.0003534067594882991,0.003277419496209935,0.022541366632727714,0.02171436760696455,-0.020799252238026776,0.008834732573024908,-0.004080896289227958,0.026236220946867513,-0.007124406554873601,0.05458003821533378,-0.017997483126485296
circ_chr22_46997634_47111603_TBC1D22A,-0.02915504184408116,0.010909304860393178,-0.018651556819433465,-0.017259272162231686,-0.0076352983150693,0.089931226303588,0.05140412676032794,0.10052492385378878,-0.008190836590044959,-0.037044191496437576,0.12706417337967316,0.5246105193982237,0.031063570047928715
circ_chr22_50125392_50128507_MOV10L1,-0.02057286343336283,0.011620952056380196,0.024817814620516968,-0.05458149389704194,0.01086064940849281,-0.0030697383146459914,-0.015570952489663262,0.029246948382714896,0.04522834579869331,0.017133429061565827,0.013462616449763503,-0.09342810724718839,-0.018702491067283063
circ_chr22_50372020_50394135_PPP6R2,0.12302881953154486,-0.011688721886394067,-0.08710115846318507,0.0015442079482732407,0.007626322283294326,0.014413525679531069,0.00724666164037508,-0.04295275605146375,-0.6437046312051219,-0.02787675058355028,0.00845586511013974,0.06497421538593559,0.1185341507864982
circ_chr2_101281859_101295181_RNF149,0.005818256085841495,0.04641246458610416,0.01189072989412502,-0.09288749468490004,0.1102041541940986,-0.000443588605116387,0.006663847656402487,-0.03835353773875259,-0.14774883604064823,0.03251294853850799,0.015887799897823733,0.0004882113917074765,0.0025429077288342374
circ_chr2_106122970_106166083_UXS1,0.011531504899861237,0.0021995352139799976,0.008829773951188754,-0.022900875576632684,0.009035412773831308,0.0158999305920052,0.007217546326183693,-0.006204296562748161,-0.005084164179734213,-0.00108654760997512,-0.017772984071413027,0.031573203312119796,-0.01875989314831426
circ_chr2_106145190_106166083_UXS1,0.0943037319833146,0.06342410699300716,-0.07203799750714619,0.0863165995254,0.0208231718399138,0.015212540950887242,0.02228091199368129,-0.008979057198787025,-0.42975114717488755,0.09382131780581637,-0.006755959545322783,0.015947910467849675,0.0022712811162179086
circ_chr2_106158058_106166083_UXS1,0.11910631717496847,0.030393111388817357,-0.023111890330889014,0.11119658418490626,-0.10351366754988779,0.018358509028186334,-0.003109675320581453,-0.0037098976275635413,-0.2024645993013186,0.0742950791068168,0.035756458360841854,0.02903379888837277,0.006426433863571087
circ_chr2_10644320_10668723_NOL10,-0.018286281889698122,0.007835276476947192,-0.12836977070846728,-0.004898075842079983,0.0009213163624133535,-0.00887190858102118,0.025436776288908586,-0.06448370323305881,0.025155734915510118,-0.020904090297843105,-0.044075134257638676,0.09955251140064407,0.0036961297300452307
circ_chr2_10788697_10790833_PDIA6,0.007107087189885427,0.007776221513285182,0.03291754692717132,0.0038736734994617695,-0.009061121108380638,0.0027975263236160136,-0.012619668644796906,-0.010576290285408393,-0.007177884503139698,-0.006507367252999241,0.0005967326955618486,0.0160627395239863,-0.019482215319466565
circ_chr2_108451028_108452466_GCC2,0.004246176905138712,0.008529642412347722,0.010882073240225094,-0.002558614416011146,-0.0015429983272029807,0.008312275717443196,-0.008808821182736983,0.0001909422681654227,0.0015688443820789885,0.019484026391768477,-0.018547404693160494,0.014028275465979555,-0.007194255687550103
circ_chr2_108771701_108773046_RANBP2,0.11619012466333416,0.00012565483529452523,-0.10566147352845366,0.014195691722568564,-0.026734854863411213,0.006958619582089441,0.025622462074934443,0.010109738644955452,-0.4640648412491875,-0.01550381502174161,-0.01422583153892755,0.03571437888911404,0.011155201013054967
circ_chr2_109564366_109593119_SEPT10,-0.021082035958089575,0.07553737422337074,-0.1168285472759691,-0.044675105911679266,0.029006539877229166,0.034074481615526474,0.010514095303519133,0.016393274346117398,-0.533532713675957,0.035191702070777514,-0.011438561278456796,-0.003954007793177924,0.0010216812885195004
circ_chr2_109585126_109585838_SEPT10,-0.018286281889698122,0.007835276476947192,-0.12836977070846728,-0.004898075842079983,0.0009213163624133535,-0.00887190858102118,0.025436776288908586,-0.06448370323305881,0.025155734915510118,-0.020904090297843105,-0.044075134257638676,0.09955251140064407,0.0036961297300452307
circ_chr2_110161603_110163135_NPHP1,0.0346966150455653,0.0010026681837443964,-0.0036140636311149184,-0.02362678441620989,0.01260509772594231,-0.008818092418820547,-0.009111212053879244,-0.02051847735917342,0.006948832345360924,-0.029806171495106733,-0.01462581059305022,0.025103274150107203,0.03075362622185216
circ_chr2_111944960_111947567_MERTK,0.03586904861930397,0.004551172201514907,0.016410804044244744,0.01516301054903027,0.048191341485070475,-0.0021570729030156916,-0.009273525633822284,-0.004820129984507945,0.02444751367071825,-0.003993980767958767,-0.005666741554261242,0.004135832491437198,-0.01018547401191152
circ_chr2_112299849_112300029_ZC3H6,0.06637986423377676,-0.004164861675257816,-0.003239056292817497,0.11524899673106731,-0.05834311896501783,0.012296732771468666,-0.07618783330958237,-0.019392830436291163,0.026299801819124006,0.00199309144986972,-0.011387514975618821,0.3262849656003331,0.021383349416060408
circ_chr2_112299849_112325197_ZC3H6,-0.010674867345522632,-0.008504934465780191,-0.16637062667391453,0.012350355511797861,0.014526898575401147,-0.014878815670898726,0.012609222827773763,0.008182169673546166,0.03486156175762699,-0.03226595081801253,0.0019369289899096732,-0.03112635004260445,0.03986738396178433
circ_chr2_112299849_112332282_ZC3H6,-0.011614393886330374,0.005262114258023319,-0.09696909643705862,0.017323950879052964,0.014458143443962216,-0.009954535801716693,-0.0010521783670683937,0.004385097957084761,0.00482799404808541,-0.024069976428201603,-0.012054535607272467,-0.02653004482745592,0.05044198456776954
circ_chr2_112501206_112503181_TTL,-0.018286281889698122,0.007835276476947192,-0.12836977070846728,-0.004898075842079983,0.0009213163624133535,-0.00887190858102118,0.025436776288908586,-0.06448370323305881,0.025155734915510118,-0.020904090297843105,-0.044075134257638676,0.09955251140064407,0.0036961297300452307
circ_chr2_113729401_113743794_SLC35F5,0.002185355037645404,0.10507830937803286,-0.011529596239836053,-0.005680400390720422,0.004443304054635773,0.02164889395197752,0.0162073782134501,0.0003927762304793095,-0.032509870915305425,0.005574679016438597,-0.010567863407334383,0.017141006192546923,-0.009208045958848264
circ_chr2_113750425_113755544_SLC35F5,-0.0035989126402609663,-0.018556229716551784,-0.0030948710731548055,-0.019154618858918167,-0.009887079831281615,-0.01061309927478171,-0.015337809479021004,0.017038724307175998,0.02733975606091404,-0.021695952298914214,0.006048833276790015,-0.036997754121202896,0.004560368701043946
circ_chr2_113939959_113942359_ACTR3,-0.01916208080966515,-0.012233846291731788,0.00580104358569487,-0.015797489736058132,-0.024083113701199612,0.026271449467880518,0.10015413858825133,-0.06139013988022073,-0.035000433896232024,0.041564036804155546,0.13165238793780837,0.002303884725450059,0.023692974941748643
circ_chr2_119926598_119945240_PTPN4,0.02685864449208326,-0.008806218976135205,0.006199030023544602,0.012033755895077693,-0.00038544823492538523,-0.003469427945284289,0.018673645232377415,-0.009943205831759533,-0.021232153342105684,0.0016463528873469691,-0.007251472822211041,-0.009097864227628883,0.01677150795567004
circ_chr2_120073178_120078581_EPB41L5,0.060915246820298995,-0.08914000770554956,-0.07886010652640822,-0.05630944211734285,0.01857102391760597,-0.004852927297371986,0.01040517943946039,-0.03916936106185559,-0.31976057126848223,0.05286092966786785,-0.03484513368912209,-0.017871525072190846,0.0136627763862177
circ_chr2_120127688_120175000_EPB41L5,0.1065315455485271,-0.2777575527127044,0.010960295505197148,-0.31356789898382464,-0.01636249394318946,-0.002409377789159692,0.058927263483794706,-0.029029213713843698,-0.18731601662432254,0.005913718155423391,-0.010794047920827332,0.13077887563012125,0.042599596581422976
circ_chr2_120127688_120175004_EPB41L5,0.11425122581910209,-0.2431898446578018,-0.025104899907847453,-0.32418481259125537,-0.0032372855471229796,-0.006164256408938793,0.010551312549770542,-0.012085571898509465,-0.3283553611707196,-0.01620830513819928,0.009302380072452673,0.005431237520444417,0.006621185968314694
circ_chr2_120285874_120289757_RALB,0.007107087189885427,0.007776221513285182,0.03291754692717132,0.0038736734994617695,-0.009061121108380638,0.0027975263236160136,-0.012619668644796906,-0.010576290285408393,-0.007177884503139698,-0.006507367252999241,0.0005967326955618486,0.0160627395239863,-0.019482215319466565
circ_chr2_121457687_121458975_CLASP1,0.00539518933219613,0.07124000391393627,-0.029814462975880602,-0.06150369576120357,-0.016271851529147178,-0.005368420397507254,-0.007954674661130071,-0.0046383916498542455,-0.044589793010260566,0.0018621281916663553,0.0037370841849503804,0.06851302822623315,-0.012223643376712051
circ_chr2_121605701_121606180_CLASP1,0.007513632523077929,0.03367206182509491,-0.0043216636243928064,-0.010158672965089826,0.026380781753739067,0.010624251694966422,0.040644979732571494,-0.016358787579193148,-0.07913520991023139,0.0101518249277643,0.00588452032736073,-0.0010396460449598247,0.011304865892766238
circ_chr2_121757240_121761524_TSN,0.043479266049153635,0.028071762044257747,-0.027206298629902162,0.005512216656834753,-0.03288129405566212,-0.009019119584489496,-0.0021976051631006606,-0.0011035684825554018,-0.0960792971250772,0.007624750893843472,-0.003458255313324451,-0.014554133387292004,0.030243261300346713
circ_chr2_127335870_127343194_MAP3K2,0.007107087189885427,0.007776221513285182,0.03291754692717132,0.0038736734994617695,-0.009061121108380638,0.0027975263236160136,-0.012619668644796906,-0.010576290285408393,-0.007177884503139698,-0.006507367252999241,0.0005967326955618486,0.0160627395239863,-0.019482215319466565
circ_chr2_131684709_131688303_C2orf27A,0.0031213084530363963,0.014518782029764936,-0.027052897182337526,-0.01684429323333351,-0.020892911452582305,-0.01593984078275525,-0.009235961536069884,-0.001882409948813448,-0.00020836762893140036,0.030398531788013838,0.005845223378340794,0.10376731553801989,-0.01958589431523575
circ_chr2_134317529_134318739_MGAT5,-0.0028763291749489845,0.01593747441051972,-0.026543471386535428,-0.05575137376873566,0.010506971088598443,0.021098307095681827,-0.021350971961394846,0.041218420265163216,-0.009582301241803993,-0.0026092667531580002,0.011413784819267669,0.1550397493656426,-0.0016111806424282116
circ_chr2_135602500_135605016_R3HDM1,0.0386212384866277,-0.03226589255815119,0.005971633492527598,-0.025364146258786566,0.05313996622238678,-0.0018844123379345556,0.0016280130526344393,-0.009140907757015423,-0.04947331413686044,-0.010898413061038361,-0.007455998261800314,0.0022548116322504996,0.009433253100299478
circ_chr2_135631718_135639122_R3HDM1,0.034463641026860246,0.0040608262546621456,-4.249768667658866e-05,0.2868689138287392,0.03868827484320643,0.0052073328240508105,0.022118870122103916,-0.0004387876093708426,0.07770129503034691,-0.009579948205749214,0.005611089066392769,0.03217644462713802,0.005964539561237874
circ_chr2_135675332_135680324_R3HDM1,0.06132141343663974,0.01110438504791462,-0.083272749823435,0.20217786622050277,0.006732702120104872,0.008662074311373929,0.035544430611062126,0.01280417021813015,-0.41065837893117724,0.016660034614544777,0.01853332438693079,-0.010063117554896002,0.002869558409272954
circ_chr2_135748267_135761911_UBXN4,-0.010951621571707273,0.014072140244061431,0.06691824854050635,0.07529493964830726,0.04753574942072519,0.04016788625509024,0.02481541160838039,0.0029762457992079114,-0.23961067053063867,-0.000847153136287333,-0.04801493966224779,-0.0031833991170140195,0.027080333154363628
circ_chr2_135748267_135772547_UBXN4,-0.008517957427396633,-0.021116055378952284,-0.07724164140929789,0.040127893407732214,0.00956108960140075,-0.019819337219614062,-0.032418337141408085,-0.011226167339877835,-0.1524924168930925,-0.061593404994056904,-0.011401708898915971,-0.022020342619582887,0.00018779860840912232
circ_chr2_135862607_135865163_MCM6,0.034463641026860246,0.0040608262546621456,-4.249768667658866e-05,0.2868689138287392,0.03868827484320643,0.0052073328240508105,0.022118870122103916,-0.0004387876093708426,0.07770129503034691,-0.009579948205749214,0.005611089066392769,0.03217644462713802,0.005964539561237874
circ_chr2_143435601_143437042_ARHGAP15,0.011614598465787131,-0.010644532942822993,-0.011545562751554798,0.12479764864667739,0.04454648688352645,-0.0018720842274931864,-0.010764001869558268,0.013296374192198524,-0.006490364327996145,-0.00817832776447222,0.009694957959028066,0.023801627233246934,0.03478443694889857
circ_chr2_144208603_144211579_GTDC1,0.02613072907038704,0.06918268613533585,0.0001762707852098439,-0.05991921718712158,-0.04682779805500592,0.00466839536373589,0.021051195997486734,0.024425329491383388,-0.4202760099231558,0.041831858004125026,0.026433243313207167,0.11815680918950554,0.001721337538023233
circ_chr2_147896301_147899898_ACVR2A,0.20500619353146102,0.027364192066067824,-0.20254408308865682,-0.21019082129343103,0.0018650602345971594,0.07807406157395663,0.00920783836901029,0.09315555319762735,-0.5220017139338343,0.002217860024249751,0.037805545599904775,-0.022709891725329424,-0.0026571148676045432
circ_chr2_147972739_147975975_ORC4,0.07409266089151069,-0.02558582804690452,-0.0018424036931252905,0.003368299098942675,0.018223821955602536,-0.05603925982729922,0.06473867467197308,0.006324948972710188,-0.17980486588769384,-0.014180305678955596,0.008404395220732287,-0.027001752916540216,0.005974152752907145
circ_chr2_147972739_147982081_ORC4,0.042187458254503735,0.0032443046856007875,-0.009864883735507203,-0.07859427334392229,-0.04195842831137214,-0.02351667067945489,0.01418248260713827,-0.04251579350475822,-0.4899595361542453,0.028074584805638257,0.008645990461026324,-0.010691099919258679,0.04117489120411814
circ_chr2_152575136_152581049_FMNL2,-0.002383316018693252,0.011957040051258487,-0.006356694818764903,-0.06437214234187082,-0.013520395723994702,0.013726314788066877,0.010369350125822215,-0.049224843333872205,-0.3820022146892275,0.025547890432483514,0.0279094113105151,0.06229888904987699,-0.0347469178252695
circ_chr2_15461201_15478289_NBAS,0.024501531439433014,-0.06055534171726966,-0.030693612043523395,-0.061613382483845375,-0.04678473196285701,-0.003592362544420788,-0.0003526230722034131,0.007202798409639256,-0.06568882901978805,-0.001932130502980889,0.01367535402226104,0.010325685723063086,0.02705994179477925
circ_chr2_15488894_15511350_NBAS,0.0025984365586744565,0.00502605186232355,-0.02065161279499027,0.06626912744720528,0.01673967069682906,-0.00831127501436366,0.09459514852108201,0.03561552079419753,-0.46173379691601985,-0.0005109219939349902,-0.03717330044941928,0.15160108034951209,0.03129358855077401
circ_chr2_15551493_15558634_NBAS,0.008564634779828759,0.021172905892011963,-0.010014401218969893,-0.08405159805793462,0.02845651418770088,0.0025643019372169856,0.005974441520196629,-0.0005967537377117069,-0.10087072349144098,-0.005956904198650854,0.0020811845443303115,-0.0037706568375306007,-0.01341870664951261
circ_chr2_159136194_159150556_TANC1,-0.004783655287328604,0.02004247408871345,-0.006554210403919279,-0.040234111639001056,0.007745680037554575,-0.012250094540985064,-0.008556109249758055,-0.002647472165149657,-0.004820770608927948,0.007779349900486482,0.004726408438049958,0.02986284795075591,0.0003496505360657339
circ_chr2_159169250_159170805_TANC1,0.014167530743432527,0.010979201891266633,-0.023027599607821747,0.007598252444457902,0.013503214183637592,0.0045800883662077884,-0.005836385965083324,0.012877204242699032,-0.0079127081712502,0.012022807946666367,0.012824239442804398,0.004748384209210137,-0.0035409943073792566
circ_chr2_160123791_160126601_ITGB6,-0.03214605351994463,0.0045714500809032055,-0.07702656045929918,-0.2042456379599156,0.08129060174912324,0.05293047343223497,0.021675410468727743,0.03732067943332165,0.000373771708186546,-0.012484164505738441,-0.01403180082987371,0.12198393193584599,0.04448447886493244
circ_chr2_160169212_160174139_ITGB6,-0.008335002974187829,0.014844277403208128,-0.012697643761763501,-0.0008566006201610114,0.022904302957340618,-0.002263854329157331,-0.00877972203223016,-0.010250406369172833,-0.008784204022980822,-0.016634477025912954,-0.027841679894617315,0.03807092265288132,0.0395837482023873
circ_chr2_160195369_160196420_ITGB6,-0.0006561198348260679,0.009527868324663742,0.01644225307510924,0.008547382413574589,0.07436500570552378,0.009534184578416401,0.0033035271599525327,-0.0057370733047476695,-0.026596441503295695,0.007198314194965475,0.012652905874362573,-0.0304768851602305,0.010456528801041915
circ_chr2_161179614_161204793_TANK,0.00911125128438994,0.0018639252962251072,-0.019565970154985256,0.03705295879779444,-0.029520765389891405,0.015698086651013347,0.010802030213406288,-0.012898705817733778,-0.4191759577083338,-0.01344732527558908,-0.05312585887721058,0.041325678577227874,0.029941968784991953
circ_chr2_164692221_164695836_COBLL1,-0.00229879037490841,-0.03747970625074544,-0.02184106821030434,0.004966204457908744,0.013966163112764596,0.025886089476565732,-0.007433536683985749,0.013227362315065548,-0.10490242035139387,0.017597289184628086,0.01239622110175685,0.0747325381850591,-0.018922235086910766
circ_chr2_166447612_166472445_SCN7A,0.017853532846220908,-0.001354440342089192,0.014302838323931519,-0.001500109103681012,0.006503415224452255,0.007478263710990068,-0.010872607799908729,-0.004921020172872253,8.238369349692812e-05,0.015213929065721951,-0.012257343397271676,0.005007418705801225,-0.01196859716000248
circ_chr2_168012634_168017095_STK39,-0.09535003638652442,-0.017407809394933676,-0.07265614510825515,-0.00158862719275279,0.008275468476210768,0.20333662751883816,0.013746417172547716,0.14949239775914672,-0.027437386005356442,-0.019754037179834975,0.0392860480620319,0.5509711396303129,-0.01190079436916238
circ_chr2_168012634_168129758_STK39,-0.0017853101974122036,9.449275344087835e-05,0.00010846260970328404,-0.04399286037431535,-0.030323075345377336,-0.0215487521030102,-0.003103507832823166,0.003680873863960117,0.05614301291745876,0.03284487270995586,0.017612587322522858,-0.0017069796127640422,0.008047941381442306
circ_chr2_168063500_168075231_STK39,-0.03165053999302448,0.0006071016708670615,-0.034509557913909986,-0.07984937715816358,0.034121117564794794,0.0070916308053391485,0.015592954282732921,-0.0035040760133163372,-0.06212100305996816,-0.016695356584169856,-0.03197351464621443,0.024114756914092067,-0.01297337703047934
circ_chr2_168063500_168129758_STK39,0.017728119736501447,-0.0036786840162693563,-0.15797943825131475,-0.2089076054509465,0.03495330861289381,0.038106512052528255,-0.003133036143380622,-0.014069612708279946,-0.35352715220606745,0.016200113837521853,0.06236592533931725,0.015992798486993615,0.007745190907259216
circ_chr2_168074982_168129758_STK39,-0.00567741317241822,-0.003685235334751969,-0.07873645985242701,-0.003071061462158999,-0.0013642224849235872,0.004157041948337257,-0.002706151587227274,-0.02459966499392495,-0.02491279968173507,0.008735216128365012,-0.007800539103665572,0.22389866142555398,-0.026686767536003755
circ_chr2_168129541_168140758_STK39,0.09079589688163112,-0.009488243709849837,-0.1197792468060037,-0.007431444508553026,-0.016677554299611444,0.04115498505214838,0.04188137113945554,0.006157814567641272,-0.39907407713287574,0.06205491343700469,0.017637887505927353,0.2835545392630231,-0.009580758811916333
circ_chr2_168138088_168167407_STK39,0.0031213084530363963,0.014518782029764936,-0.027052897182337526,-0.01684429323333351,-0.020892911452582305,-0.01593984078275525,-0.009235961536069884,-0.001882409948813448,-0.00020836762893140036,0.030398531788013838,0.005845223378340794,0.10376731553801989,-0.01958589431523575
circ_chr2_168138088_168182090_STK39,0.00034413793119861865,-0.024335530768369543,-0.06923686639231927,0.023582971807596782,0.02023012990971565,-0.010327629963192071,-0.005244795022682894,0.09321655692268063,0.01978724812666277,-0.020219287162791536,0.053718481578634174,-0.22911463136486115,0.05495333003225237
circ_chr2_168161787_168167407_STK39,-0.0029968794926536527,-0.0062530737310482155,-0.061381248057583694,0.01487850375595211,0.042557894830247786,0.018637895532393683,-0.010819388436468437,-0.005551288572194146,-0.07667931389023096,-0.004300721471670915,-0.017955207845864667,0.15690347492458276,0.0029334699305598646
circ_chr2_168161787_168182090_STK39,0.08718606544468366,-0.0035090373312186875,-0.12855730899948553,0.1162298485237655,0.0233525567710498,0.0076470757060505615,0.02788027609850696,-0.006523713758983532,-0.3405402515839564,0.0035996802283419275,-0.017655528778038006,-0.02063819467934138,0.008991460821044503
circ_chr2_168691034_168717978_CERS6,0.05647176711014819,0.04230147585085825,-0.0005806814045110995,-0.028211319749980864,0.006388222501897604,-0.008297686298470693,-0.014143681475577614,0.008225912945363213,-0.10685632714029897,0.009272398245323258,-0.0012677914355670179,0.002807222773302383,-0.030627718620384534
circ_chr2_169603642_169614724_PPIG,0.0031213084530363985,0.014518782029764947,-0.02705289718233755,-0.01684429323333352,-0.020892911452582298,-0.015939840782755246,-0.009235961536069882,-0.0018824099488134465,-0.0002083676289314014,0.03039853178801383,0.005845223378340791,0.10376731553801986,-0.019585894315235754
circ_chr2_169872236_169878574_UBR3,0.0008072484268169919,-0.024356402902411207,-0.08732597193968018,-0.00011404919060175872,0.026458817206650987,-0.01631763357897295,0.00435131501244373,-0.043295731494997866,-0.05188801616012884,-0.049721829800051374,-0.03331690229211647,0.025890904870201514,0.003251197060328064
circ_chr2_171028339_171046362_TLK1,-0.008243122982300509,-0.002318927524834733,-0.05225091774836796,-0.0023950870378058333,0.015217561520078502,0.005108162376845834,0.025766403482593375,-0.013943127370463352,-0.15505395408731046,0.05643977592075455,-0.012935392664727518,0.09242143028607318,-0.0015360643930700335
circ_chr2_171046174_171050174_TLK1,0.009555689692497506,0.026951517441029277,0.017917984046747392,0.006339055581704553,0.002573722182405754,0.013864857832276816,-0.010901026327536104,-0.000898452163174752,-0.007232359415840243,0.020760872835279554,-0.0057121137334949015,0.02626950412494861,-0.006325443453918149
circ_chr2_171337453_171339554_METTL8,0.012129459568132323,-0.01699361888612536,0.005119210311557158,0.01150819403348596,-8.255356745571658e-05,0.035980288645604055,0.022704288319573,0.012911030468683759,-0.28082703792867275,0.012217900373673322,-0.026615590858344584,0.03989388014034763,0.006919714407282368
circ_chr2_171925537_171953001_HAT1,0.0006656358824797367,0.018547197402372494,-0.017805050752061943,0.09965695421400025,-0.010270781396252355,-0.019346034941488958,0.0749236219008859,-0.04209952348692386,-0.32756603871333,-0.015982491206297144,-0.046569414805919127,-0.07129535784573766,0.04412114404424859
circ_chr2_172558708_172566933_PDK1,0.026210738481563817,0.015258657540230609,-0.006197409801661542,0.044712903378045114,0.011752626721904174,0.0022058263706818708,0.004342602519668347,0.008160042773389763,-0.09870663370536994,0.004997393117171339,-0.014956593414748332,0.01826824234252352,0.02198331931732074
circ_chr2_172558708_172596023_PDK1,-0.0006840732340330172,0.009367319771646183,0.009829719802905378,0.007200280898028794,0.03075038389890293,0.01555130124196379,0.009761931818221168,0.008471565964036972,-0.0263658731914506,0.021407537984899517,0.019800947093501522,-0.016638510994690808,0.020415782961965282
circ_chr2_172568741_172596023_PDK1,0.022068964664816254,0.008294624229093057,0.025801593370014406,0.026784064882859445,0.026055094556258186,0.009034785375075493,0.022106832135437293,-0.013374596614531716,-0.050559374033436875,-0.027567398745075494,0.009270325071260384,0.015425995861855096,0.03724565088548949
circ_chr2_172570726_172596023_PDK1,0.02329511216870852,-0.00552014517294995,0.00020890118336456517,0.007923136804698338,0.02197624556604451,0.007075874381414019,0.005179294050728675,-0.0001309348249736539,0.006509685606194767,-0.0020921908811886948,0.004079751672963321,0.01661497655099751,-0.007273218595857703
circ_chr2_172586278_172596023_PDK1,0.02329511216870851,-0.00552014517294995,0.00020890118336456452,0.007923136804698335,0.02197624556604451,0.00707587438141402,0.0051792940507286766,-0.0001309348249736546,0.006509685606194767,-0.0020921908811886965,0.004079751672963323,0.01661497655099751,-0.007273218595857704
circ_chr2_173954873_173956232_SP3,0.007924549219655803,0.02026244383058723,0.015546422877049526,0.002181157178526393,0.01660580376499094,-0.003829272475434764,-0.015996109006281758,-0.00105501273961058,-0.5023535949427604,0.007325787404888937,-0.019701981426133868,-0.023392392504681746,0.007697253088560122
circ_chr2_175111568_175121540_ATF2,0.0319796746204384,-0.0209600451765526,-0.005504006082504838,0.039845554579372465,0.09218123865433003,0.00550988585780476,0.01714203910392283,0.01140290413550126,0.019945302857721704,-0.006666206900103199,0.008414908487812619,-0.007273329225991457,0.01204233939951886
circ_chr2_175970764_175995646_LNPK,-0.018174525134054615,0.07862829200141024,-0.07588619913273618,-0.032639696836208855,-0.011532474974224313,-0.025801369428803508,0.0033536083626607405,-0.06194825121138664,0.019995131569749105,-0.04278949019672085,-0.025196332598666545,0.023464393815214188,0.019323381501104294
circ_chr2_176296860_176328912_MTX2,0.0031213084530363963,0.014518782029764936,-0.027052897182337526,-0.01684429323333351,-0.020892911452582305,-0.01593984078275525,-0.009235961536069884,-0.001882409948813448,-0.00020836762893140036,0.030398531788013838,0.005845223378340794,0.10376731553801989,-0.01958589431523575
circ_chr2_176296860_176337577_MTX2,0.0033495980972275898,-0.02554073842122978,-0.1524368085467892,-0.006725566398938221,-0.004309678484754172,-0.07229735926245032,-0.011135774418606022,-0.08133143590035544,-0.38950560360416303,-0.014862408396915336,-0.041118215715157676,-0.008717297703394682,0.048479208044101975
circ_chr2_177440965_177462018_AGPS,-0.01916208080966514,-0.012233846291731788,0.005801043585694869,-0.015797489736058136,-0.024083113701199605,0.026271449467880525,0.10015413858825131,-0.061390139880220726,-0.035000433896232,0.04156403680415555,0.13165238793780842,0.0023038847254500633,0.023692974941748653
circ_chr2_178535732_178542361_TTN-AS1,0.08095796649008241,0.07053542390021657,-0.010766635211804727,-0.08326220575534958,0.0024593694626044156,-0.005694757515394707,0.03285285819846428,-0.01178609035177318,-0.17130783997886798,-0.02979522868273923,0.016414138217699985,0.09515827256934947,-0.007255099447270094
circ_chr2_181921948_181928278_ITPRID2,0.008089899344658962,-0.0031872569854578593,0.005686833436086545,-0.019338683251062833,-0.03686638501670166,0.0022774223437367447,-0.010362093322459768,-0.007053722737742332,-0.15821864522375406,0.016597688654165534,-0.0033317087048827794,-0.0005889471389798771,-0.0051783547013549485
circ_chr2_182952405_182953331_NCKAP1,0.009496675295404404,0.003981555252131893,-0.0053027293792747825,0.0027637973915800554,-0.0002743077810024872,0.019566700829061357,0.0017916364435774338,0.008304507027245982,-0.05901038261385139,0.03504490871418829,-0.0036681869520312576,0.03096162881423979,0.0019511359464549054
circ_chr2_187484124_187503770_TFPI,-0.04177199589031377,-0.006876873972324482,-0.06023526654028359,-0.005034141427867361,0.01984278666781739,-0.10909667143201575,-0.01467626414176508,-0.12182263679734973,-0.21046626526383633,0.054443164504641546,-0.03818106527191959,-0.131979864065476,-0.010427436359702781
circ_chr2_188998683_188999383_COL3A1,0.0011851899235335295,0.13009401528960027,0.008890994840781773,-0.00526603076848647,-0.019184614606211202,-0.023196477690979538,-0.017100333754385705,-0.02133282281109876,0.025149223300314,-0.04436183921572183,-0.004754895050249466,-0.04063436524431125,0.015179093766386358
circ_chr2_189005350_189006259_COL3A1,-0.0012620892658982141,0.03182079220715397,0.043467078953235636,-0.02659331413368456,-0.012647822915706222,-0.002691285032229603,-0.019328664059953295,0.010276639020914082,-0.03603120035995191,0.017361307277032396,0.0072802997144908515,-0.010296905916366929,-0.02013281861249179
circ_chr2_189006937_189007607_COL3A1,-0.005519592737264403,0.1054473726922508,-0.0032391595968204465,-0.04115009261860465,-0.01731308826569254,-0.026640881850869644,-0.017646207492114846,-0.018145670949509307,0.0035567766835691264,-0.035869382807484515,0.00061724313229724,-0.039705275889735804,0.02429301181041209
circ_chr2_189719572_189720787_ANKAR,0.017976525378288213,0.005609901353426497,0.004794693198087847,0.16683534953087054,-0.025427645299754678,-0.0017942480347505683,0.0013948338513206603,-0.006256680892414605,-0.06670849402300869,-0.013109343422145026,-0.012500860813482529,0.001460904314988342,0.0006146817730074534
circ_chr2_189728660_189744788_ANKAR,0.24430744078277544,-0.04470477711263276,-0.07248672679550157,-0.02466758043893993,0.001967995504895709,-0.0036888575142265153,0.034518235216929094,-0.011783653669964799,-0.6546337618521794,0.11888712519786739,0.038695268003050384,-0.08104784246549045,0.027119844826330425
circ_chr2_189791790_189818180_PMS1,0.05645621861441817,0.07539054278858656,-0.003201991277207387,-0.0047463321803285705,-0.03830749032432643,-0.0022230580022963176,0.049553366239095835,-0.05694367452418888,-0.5105548711664193,0.036662611248319384,0.045945555422251476,-0.011014268740834561,0.048379268763036144
circ_chr2_190655977_190673152_NAB1,-0.006888460737730122,0.04980144248438014,-0.010980025220155154,-0.14221951643396644,0.05786673217908631,0.01959601731966653,-0.004232277944105895,-0.0040226279012188955,-0.06817772336062915,0.04049408881076567,-0.01599342929298921,0.012923369717911939,-0.01823031744952535
circ_chr2_190659158_190673152_NAB1,0.08123215250931048,0.039398012854269686,-0.05582211712030077,0.0018800387083015627,0.08311666606163724,-0.07929947636433843,-0.004802357913567163,-0.01416472289593699,-0.49083703524197125,-0.023591987015131564,-0.012229015518097106,0.055708584715096154,-0.0009373884152337359
circ_chr2_190900564_190924593_GLS,0.11806884392080057,0.08233573110300589,-0.004375757009147287,-0.0678807121984997,0.0012925654117326485,-0.0030448678110833994,0.07583814010986437,-0.018030660031032833,-0.8225415515720701,0.09600581938934502,-0.03311137461606494,0.1256407027918716,-0.01895906931359141
circ_chr2_195680032_195683906_SLC39A10,0.00387719855106119,-0.007024073911019995,-0.006823876115119654,-0.005470782473332696,0.025288482818851498,0.0026346953547261302,-0.014643034104885476,0.04234343318807769,0.033512026128635776,0.007606734780444372,0.011084071293570348,-0.0338157600988159,0.015991514299836272
circ_chr2_196912882_196922186_PGAP1,-0.010166413604364051,0.03499858434988339,-0.006013922488174448,-0.010453826694257576,-0.0023559449106089025,0.005716460841964976,0.004788862620579925,0.008186206949361457,-0.07951969755993576,0.007096922523273965,-0.024844900231727557,0.04589125972504553,-0.0067479410564603845
circ_chr2_199368605_199433514_SATB2,-0.006640224301094592,0.044747570004986796,-0.010992708305576828,-0.008698695535206514,-0.008814700832343642,0.07210898111558964,0.05066091680644507,0.04113358501540372,-0.07557118376164028,-0.021515602336324845,0.03333911575300241,0.28257769211182965,0.006500999378368901
circ_chr2_19997134_20002080_MATN3,0.012773036540365814,-3.713780375106399e-05,-0.003498987782990035,0.022820656731731087,0.04238288099625906,-0.007603498757321959,-0.009232414207440155,-0.01077440490480381,0.06890943594183642,0.0032265269709050902,-0.0019783455115259486,0.01628112859915231,0.014549000706035271
circ_chr2_200329431_200419496_SPATS2L,-0.027444456820186015,0.008985209632974103,-0.026271338218027306,-0.02550525055928732,-0.0011873995697816132,-0.00827357389088408,-0.00789050961025594,0.0054242773500877825,-0.09299382664387827,-0.026381466482586446,0.0017635755977336708,0.010125429337205668,0.033845237327614894
circ_chr2_200329431_200440784_SPATS2L,0.004246176905138712,0.008529642412347722,0.010882073240225094,-0.002558614416011146,-0.0015429983272029807,0.008312275717443196,-0.008808821182736983,0.0001909422681654227,0.0015688443820789885,0.019484026391768477,-0.018547404693160494,0.014028275465979555,-0.007194255687550103
circ_chr2_200419250_200419496_SPATS2L,0.0064188362901273005,0.1058873543709121,-0.06272758486886135,-0.11856871892638246,0.0033919844945478872,-0.014778421679963334,0.010750632961915644,0.008776270404018266,-0.43296416537811583,0.07599940710281837,0.01202984774855973,0.006081114175119164,0.002762396044050197
circ_chr2_200439122_200440784_SPATS2L,-0.018286281889698122,0.007835276476947192,-0.12836977070846728,-0.004898075842079983,0.0009213163624133535,-0.00887190858102118,0.025436776288908586,-0.06448370323305881,0.025155734915510118,-0.020904090297843105,-0.044075134257638676,0.09955251140064407,0.0036961297300452307
circ_chr2_200856682_200856985_CLK1,0.0524686699874165,0.020129347308578016,0.008334534465729381,0.045924998482849665,-0.01785924664757113,-0.017315020373135922,0.07993239535964128,0.04356521095527104,-0.46064825335418375,-0.03766976105914979,0.00239902293340858,0.002922848001958686,0.007312697292760275
circ_chr2_201129729_201149835_CFLAR,0.019773465224838676,0.007587500394817057,0.02331076385097859,-0.008308422004176256,0.00815379627125316,0.00695695290506655,0.014879188381200314,-0.0038367479537717566,-0.15567345355557308,-0.006738685295894395,-0.008773468531441437,0.003240656775104645,0.0078421782765617
circ_chr2_201145378_201149835_CFLAR,0.19754308276200386,-0.021601960095698307,-0.007373823379215808,0.0566308043108156,-0.0475069941133798,0.10332301060851655,-0.04284629905647209,-0.0796766466772182,-0.42358717462465945,-0.038929882619795145,0.015642982127954702,0.012543777022639898,-0.0011406534142609358
circ_chr2_201760881_201761818_ALS2,-0.00631357180030092,-0.08525342065147269,0.021317115533511035,-0.03945097005096099,-0.0005722456545857506,0.012964323792287392,-0.023163046167352628,-0.00627026691086616,-0.11181778858282335,-0.011505858644650079,-0.03487995022219073,0.03552514181148174,0.00458487966502892
circ_chr2_202297379_202297906_NOP58,0.020879097381739497,-0.002257488894032075,0.001825112342293536,0.22653918050884245,0.006767842919162847,-0.005902033453990916,0.0007263308676901024,-0.008802592459835957,-0.002512478899117168,0.004045786273949463,0.008801408291758035,0.023473653309972045,0.014794554010695123
circ_chr2_202464809_202467689_BMPR2,0.12022570295787131,0.08647888837498362,-0.08434780118634536,-0.10284669885903146,0.03926520039133921,-0.0310592041886303,0.012934235568169326,0.029559743371621355,-0.1661038363236226,0.03321296910635503,0.010275718324961148,-0.03416442759567071,-0.054618086041666875
circ_chr2_20254863_20256170_PUM2,0.007107087189885427,0.007776221513285182,0.03291754692717132,0.0038736734994617695,-0.009061121108380638,0.0027975263236160136,-0.012619668644796906,-0.010576290285408393,-0.007177884503139698,-0.006507367252999241,0.0005967326955618486,0.0160627395239863,-0.019482215319466565
circ_chr2_20278583_20327378_PUM2,0.007499307297703459,-0.007911155346067013,-0.008931249543970007,-0.005758653288553228,-0.027964581352675544,-0.003589990319719354,-0.009012813698697034,-0.030544907207225757,-0.023545549300611746,0.002325041922463172,-0.01891208015096284,-0.012241960775293593,0.01820292978008265
circ_chr2_202952559_202955758_CARF,0.04306111690634364,-0.02300569440980737,-0.012627244017203155,0.0396506881870497,0.00928169347770599,0.00010151491034979741,-0.002641141761002327,0.012209668115248736,-0.09328908675172519,0.00037652760352272597,0.011808527363970036,0.011284057938678238,0.0005558431681218525
circ_chr2_202952559_202961426_CARF,0.02176406603851956,0.0054097029384403295,6.881490679906523e-05,0.02904466977808344,0.056694925678730725,0.012289624826545165,0.01734431142493481,-0.0052065787902777945,-0.009608210222143695,-0.011750915622825302,0.0004770621242136798,-0.0071817119798024,-0.01930433881826479
circ_chr2_202954005_202955758_CARF,0.009151303804785791,0.0018589926592917456,0.041123932243165975,0.18347334269658885,-0.009372413862802671,0.007449374614390566,0.004934577928596113,0.008209524992942988,-0.13037880744926364,-0.017167592795246038,0.02218828583019212,0.02585182052318357,-0.007183711922510905
circ_chr2_203056427_203057453_NBEAL1,0.03613609620739416,0.00021718884965736874,0.014228070528674863,-0.007930046571181631,0.025142248526812287,0.0022688357408564065,-0.013622187332036457,-0.002441778086753106,-0.009751067038931704,0.0005510382471775945,0.0050222975362348,0.01787271829984484,-0.018576112626576
circ_chr2_203193795_203197391_NBEAL1,0.0034114624567632814,-0.019895765339356494,0.02825454419006451,-0.019466400193086122,0.011039377715675744,0.0015336100709813824,0.0071971960173903725,0.010527412806856061,-0.032232281128343435,-0.011158269632002072,0.014778370591388654,-0.010328030830729265,0.004295566309312149
circ_chr2_205158722_205193320_PARD3B,0.0037237386179314234,-0.02949307720356138,-0.1353326848077688,0.008672898866876201,0.029295385490376673,-0.04049448770402451,-0.005826911998050392,-0.0593736513340233,-0.20950621690374502,0.03264073555165221,-0.05263716839162737,-0.010627139011552258,0.001996426440370145
circ_chr2_205172211_205193320_PARD3B,0.003376130101847467,-0.025633107568733816,-0.08708576936890366,0.010495263181898463,0.018611549790579184,-0.038514582653878866,-0.009196074411531809,-0.045482723647864313,-0.18507247773930288,0.060804618950810504,0.004084878662227438,-0.07752311062219717,-0.0024734208428378946
circ_chr2_205440370_205440672_PARD3B,0.043376851591950705,-0.029966083991542308,0.0009812075842077653,-0.06672323992322274,0.019073159991748013,-0.01380918624317943,-0.01163439985287244,-0.016124713129276325,-0.35209205725014653,0.025691095521781396,-0.016630017206734782,0.003458376964930656,-0.004717813340344346
circ_chr2_206127797_206130242_NDUFS1,-0.003500316148855374,0.008271767358839647,-0.05657267957084372,0.037069679428501076,-0.019174469485037707,0.011091816416419566,0.0019676884219393454,0.0015677576227145467,-0.5629102655304044,0.0011955800011806165,0.0027877126002426636,-0.011529111248310889,0.014975130242266972
circ_chr2_206279540_206297373_ZDBF2,0.15747909470636942,-0.04074720613367671,0.010817557690915783,-0.1387484007853702,-0.007697405814196491,-0.02528164496575368,0.20481852096104575,0.03599599346230753,-0.3957609142523358,-0.01898958405676448,-0.004059962350821032,0.001845828814647346,-0.0038539855429346624
circ_chr2_207724800_207742342_CCNYL1,0.004425912994031719,-0.014787023247039817,0.010190071333816306,0.0024446737433130397,-0.02726390881899376,0.006303213692905651,0.002114163428903439,-0.0009517740908558488,-0.061626528406780574,0.012324910017172681,-0.021031155017093243,0.032781194681874154,-0.00017364983268542333
circ_chr2_207976651_207977586_PLEKHM3,0.10792484628259173,-0.01683229481522606,-0.15286885240679926,-0.10576215578354145,0.22875914063918645,0.00802171502831856,0.010148736250206434,0.003174433698201566,-0.6540052253741974,0.07542755203061607,0.017028978895192934,0.1051328431223883,-0.005094628849690894
circ_chr2_208285726_208288818_PIKFYVE,0.007858117607541883,0.03882356768805564,-0.007381665359381473,-0.016468817664197985,0.000793289000576828,-0.004665896786808751,-0.006910039416781136,-0.006061593311552034,-0.12310916914505585,-0.015932929638727868,-7.207478390763056e-05,-0.0013746914123944865,0.005551432949013045
circ_chr2_208345111_208348023_PIKFYVE,0.05229074152693911,0.022989605276436707,0.0037619206178148225,0.1249592298563593,0.04200951101026199,0.008390218491529896,0.023703369769644694,-0.01491191769787383,-0.016795672199551005,0.019664557516495068,0.01170375876077945,0.00895670532877097,0.0051627012481871
circ_chr2_210098086_210154611_KANSL1L,0.01657219072857129,-0.032684250964307764,-0.02668519949459827,-0.005457368061514624,0.0582207699565996,-0.03748899956309056,-0.0029799473933593565,0.01965188591640859,-0.09473034581685717,-0.017889786027546404,0.01823081990547065,-0.08363772794686784,0.009028130076239373
circ_chr2_210104104_210154611_KANSL1L,0.00011299725268694656,-0.05063151215667266,-0.07129759211570842,-0.021537296593089575,-0.007408728645213337,-0.11538669426647198,-0.05015209473015597,-0.020522641327060217,-0.11468255668756028,-0.006369112979074762,0.025317168471373226,-0.1143453870480404,0.018161235189046485
circ_chr2_210153495_210154611_KANSL1L,0.14193663435662165,0.02558312837838675,-0.029434586740121997,-0.4084953958000833,-0.04134272561614186,-0.019230783771824547,0.020906747963661616,-0.04799456776462546,-0.4272073388853705,0.08543241603870473,-0.0042944100896925705,0.05581458136759004,0.05033733354647217
circ_chr2_213310059_213350645_SPAG16,0.015842790185597613,0.00486924825495988,-0.037644475007599,-0.03588527978664594,0.02723459386777431,-0.0470448883055217,0.011890682779234859,0.004545555399296711,-0.10002407003507778,-0.03035631011038618,0.009313797205402116,-0.06290476103067852,0.025783955366631903
circ_chr2_213310059_213364145_SPAG16,-0.024320738645042816,0.048950617138908865,-0.12394190226422826,-0.02034684994332008,-0.02189162200222352,-0.03662394192261209,0.00998077946695917,0.07532539586730605,-0.549144045054387,0.003160469824140766,0.036656179156561074,0.058742801270704324,0.060630259353600904
circ_chr2_213310059_213375119_SPAG16,0.06053283324006854,0.028751850623687628,-0.06103480257660284,-0.011819623545710993,-0.006127899248082151,-0.02490747799330323,-0.001568508359621746,0.011720908254319082,-0.16331058662489517,-0.0008509205152439868,0.024807395383309894,-0.1077483126177936,0.04986163250510222
circ_chr2_214767482_214781509_BARD1,0.002846042840557175,-0.0007699542551272612,-0.007259837702882372,0.01676040423114327,-0.03445553189612638,0.028885659053650353,0.01270111205675178,0.05189821217464076,-0.4555490831564926,-0.017887298472342605,-0.01795561940616484,0.04938984085000156,0.012267161218850811
circ_chr2_214767482_214797117_BARD1,0.005531110305112462,0.0033964359997825833,-0.005814800573644038,-0.06734877771444533,0.020582209852310258,-0.00040622305973982164,0.006973732256527649,-0.008371250148189286,-0.06431956038677174,-0.003163142348962722,-0.01517833334906924,0.03572468053541994,0.01708146554323758
circ_chr2_214792297_214797117_BARD1,-0.017044460340697204,0.018244418807915396,-0.0005875376903099913,-0.02078996977470394,-0.01468375329802607,-0.0015894387685842478,0.0033611980997597917,0.0028828507538936577,-0.09707490166271461,-0.008551891357916975,-0.038436082002943406,0.04462391521583413,-0.020585956839908583
circ_chr2_215373322_215391814_FN1,-0.0031739221039436723,0.35551101309486033,-0.01345459101405559,-0.16142776957328528,0.14411416626146864,0.014931023759681234,-0.06141726088186459,-0.05298083857338178,-0.01727471901696742,-0.009864467860136951,-0.03583236739403411,0.1631751895468192,0.07058162840090165
circ_chr2_218228738_218239484_ARPC2,0.0016463874353237493,-0.018611640361510542,-0.0011036572951912626,-0.015851265682901097,0.014857198381653561,0.012743777351604306,0.008565567305850261,-0.0001743214977943274,-0.02740504918681673,0.007390148570290049,0.01598705619362612,0.004624558181728263,0.00573281865987545
circ_chr2_218238664_218245546_ARPC2,0.004246176905138712,0.008529642412347722,0.010882073240225094,-0.002558614416011146,-0.0015429983272029807,0.008312275717443196,-0.008808821182736983,0.0001909422681654227,0.0015688443820789885,0.019484026391768477,-0.018547404693160494,0.014028275465979555,-0.007194255687550103
circ_chr2_218384243_218387955_SLC11A1,0.007107087189885427,0.007776221513285182,0.03291754692717132,0.0038736734994617695,-0.009061121108380638,0.0027975263236160136,-0.012619668644796906,-0.010576290285408393,-0.007177884503139698,-0.006507367252999241,0.0005967326955618486,0.0160627395239863,-0.019482215319466565
circ_chr2_222900674_222909150_ACSL3,0.0031213084530363963,0.014518782029764936,-0.027052897182337526,-0.01684429323333351,-0.020892911452582305,-0.01593984078275525,-0.009235961536069884,-0.001882409948813448,-0.00020836762893140036,0.030398531788013838,0.005845223378340794,0.10376731553801989,-0.01958589431523575
circ_chr2_223894234_223895630_WDFY1,0.015878003091982996,-0.018022295934229535,0.0166621428536889,-0.02546612229664864,0.02126661047473197,0.011579551790031575,-0.0076581487052679465,0.004549904554010429,-0.10906492140397928,0.005312317202726641,0.0030586724300575197,0.01307344180900777,-0.014183188386000896
circ_chr2_223991803_224001922_SERPINE2,-0.018286281889698122,0.007835276476947192,-0.12836977070846728,-0.004898075842079983,0.0009213163624133535,-0.00887190858102118,0.025436776288908586,-0.06448370323305881,0.025155734915510118,-0.020904090297843105,-0.044075134257638676,0.09955251140064407,0.0036961297300452307
circ_chr2_224535528_224557856_CUL3,0.0061822176814996755,-0.00024061380190437548,-0.007185995022727109,-0.02090873740585965,-0.03489206632571207,0.00878906605393061,0.022521741799317693,-0.012030184291956554,-0.2343171323183386,0.026177281530435602,0.014026383799368037,0.24284751429068746,0.01655780398070725
circ_chr2_226864604_226867318_RHBDD1,0.13281678207927297,-0.03571923344576026,-0.07811171873788147,0.013845082385283937,0.02053800706207165,-0.005190505605372787,0.04275689813704153,-0.007042560615328462,-0.6907115063694564,0.06264568776204286,0.0056137663684394015,0.014141913411340815,0.037292646589527065
circ_chr2_226864604_226914351_RHBDD1,0.09944352276694825,-0.01585532162330109,-0.15537296670248246,0.0018265208787355517,0.17918847549520506,0.08097920322133201,0.009860515537828005,0.0642587133113225,-0.4312460001493165,0.07503891368197822,0.0077411865402750215,0.009123586555539768,0.00203324346130212
circ_chr2_226906793_226914351_RHBDD1,0.0031421433507293653,0.030789314992654068,-0.07599780211430632,-0.0015783610640284725,0.0016911694960619135,0.14280372528810287,0.022480159124433182,0.013244634928926817,-0.5944673051411655,0.005886381333466507,-0.0010092997875477923,0.17523357576181722,0.017420285871219146
circ_chr2_229858772_229860531_TRIP12,-0.00037682032912463145,0.007893761306566032,-0.009666230029094459,-0.005783793875335948,-0.013577191044952752,0.019506823712616878,0.008110898523836983,0.011356359489377453,-0.0019497720933662522,0.050688464424716105,0.015542965522271976,-0.015945533189609454,0.012038049265726318
circ_chr2_229858772_229880128_TRIP12,-0.0068069602622569635,-0.025202724032095038,-0.11281807356528327,-0.0007243392932566259,0.005758350617094129,0.0024641306340808045,-0.017858424082863773,0.025764383475823945,-0.20088727199102724,-0.0003331628001611107,0.05583771564863561,-0.08748900961644988,0.008687572412676942
circ_chr2_230255452_230287966_SP140,0.034463641026860246,0.0040608262546621456,-4.249768667658866e-05,0.2868689138287392,0.03868827484320643,0.0052073328240508105,0.022118870122103916,-0.0004387876093708426,0.07770129503034691,-0.009579948205749214,0.005611089066392769,0.03217644462713802,0.005964539561237874
circ_chr2_230357805_230361697_SP140L,0.0015007531216211705,0.007231103507963299,0.0038045817186822847,0.14819756103996906,0.0035730355008590418,0.012787925436877432,-0.0037402537150022603,0.10124212784640388,-0.19203585799032477,0.08622895518245942,0.03137387633810836,-0.10806837196828453,0.015471788001179187
circ_chr2_230357805_230371651_SP140L,-0.014807207375904017,-0.0018860714159714602,0.07090172543362681,0.1104083048446506,-0.02557673205559252,-0.002546826063419231,-0.0002878206167367251,-0.0026527157630154047,-0.002523984832716221,0.023748123317545385,0.001671027538053154,-0.009696100643421867,-0.00481255330996398
circ_chr2_230442937_230450255_SP100,0.005601412621759943,0.010615465079773064,-0.10378082039939918,-0.10349184100635267,0.007920500245516588,-0.013592283618728314,0.06031721996433367,0.00805995486136365,-0.5744461599235768,0.052410737285510496,0.003929188696962962,0.000843434999734548,0.002098946192907997
circ_chr2_231075511_231087181_PSMD1,0.018184579590590878,0.019647535569426958,-0.0031616098248640145,-0.08484097814769319,-0.009023752055585437,0.008239252137255845,0.01584598344662101,0.008598696147111744,-0.23264210117523212,-0.0019316758755382277,0.006107969051436255,-0.024302829642956963,0.028991969586688305
circ_chr2_232747615_232761436_GIGYF2,-0.006128026497208768,0.01828464162832927,0.004695592641792791,-0.004874799558823349,0.0018383186112890216,-0.0051935843664353545,-0.0014389421053436127,-0.014977460377076786,0.0050180473591191445,-0.015097965927287404,0.0183775791272841,0.12159388308489344,0.02249302257190889
circ_chr2_232787150_232796221_GIGYF2,0.1224472576861899,-0.005886896274177842,-0.1598559339701383,-0.0066195904446155,0.029343236272230733,-0.0206258818213387,0.01768765820417166,-0.019132433178390758,-0.4522284210769438,0.02947082062562066,-0.004840612032771879,0.05090150573511815,0.03970736170013841
circ_chr2_232811244_232812491_GIGYF2,-0.018286281889698122,0.007835276476947192,-0.12836977070846728,-0.004898075842079983,0.0009213163624133535,-0.00887190858102118,0.025436776288908586,-0.06448370323305881,0.025155734915510118,-0.020904090297843105,-0.044075134257638676,0.09955251140064407,0.0036961297300452307
circ_chr2_233388257_233390483_DGKD,0.0870616227366631,0.005771086813567173,0.004693229855696488,0.05989511155754766,-0.008448656815066027,0.036451452154624676,0.04291913233946647,0.03261796009077599,-0.30509072111816443,0.02934270517050231,0.06330795514210512,-0.007934978525348128,0.010966855815625155
circ_chr2_233449982_233452060_DGKD,-0.0013079343592378872,0.005353027216649522,-0.003564052865959431,-0.01138494092873829,-0.01313433891060177,-0.018189909056914432,-0.01609536066060501,0.011001824081821349,-0.03998285789445779,0.0001723200081979081,0.00921643793235996,-0.024201338831520647,0.01714532910549886
circ_chr2_235709179_235750488_AGAP1,-0.06907651096996077,-0.07184998242238294,-0.060628240892412956,0.011212556022120982,-0.013997682218617018,0.13040541166304495,-0.010373490707011313,0.04003174665093667,-0.04279113177665574,0.0076787884647495815,-0.10233641517471699,0.04540246857750308,-0.08080080674329852
circ_chr2_235930765_235968623_AGAP1,-0.012950794274658025,-0.031886943754364044,-0.03935636469290719,0.01890898880931396,0.033108254007122195,0.030943904237203314,-0.030450998113274563,0.02102184765058274,-0.02090489115439029,-0.009287237899182713,0.012412234293156528,-0.05352075481639576,-0.06584316095888934
circ_chr2_238182065_238185287_ILKAP,0.15620839511826545,0.003396757369777085,-0.004633011989322029,-0.09699062837124406,-0.014563320520422845,0.03345302147422327,-0.0003049998376544953,-0.0013176049703324706,-0.7660324586330831,0.07534408157884197,-0.00027142957421802584,0.03605944860797895,0.02448417804385424
circ_chr2_23823258_23823569_ATAD2B,-0.020010333629370467,-0.04377695282151339,-0.12230652719998,0.06387462566214558,0.10902398506364683,-0.024685434229412793,-0.03293861413303632,-0.06706279012913313,-0.2912473642007456,0.03552211075945503,-0.02060051000684617,-0.09205350849979564,0.04878522228099024
circ_chr2_23880639_23885829_ATAD2B,0.004246176905138712,0.008529642412347722,0.010882073240225094,-0.002558614416011146,-0.0015429983272029807,0.008312275717443196,-0.008808821182736983,0.0001909422681654227,0.0015688443820789885,0.019484026391768477,-0.018547404693160494,0.014028275465979555,-0.007194255687550103
circ_chr2_23958301_23977075_UBXN2A,-0.0042423788943055886,0.0007322562663087571,0.02078511118542321,-0.007939220947046445,0.03972879445134976,0.010848875702048063,0.004224552685548862,0.03379338882854107,-0.046663489866494004,-0.030473319890296467,0.019350544867623172,0.016733858811457527,-0.000690619955803224
circ_chr2_23958301_23984831_UBXN2A,0.0038774547785893716,0.10106894984232871,-0.028692030310525807,-0.059198974797496924,-0.007273361450708802,0.030620113348899237,0.020792843899638383,0.01635551940091654,-0.4599601022138506,0.04287821051332712,0.03376777969131755,0.0341598733845864,-0.0017870304590775798
circ_chr2_239990074_240007370_NDUFA10,0.03971223716267049,0.05156140696951482,-0.048946146386959655,-0.045950072665709614,0.0016049254326766808,-0.017645933113250377,0.04932250305036799,-0.02881140520744927,-0.6352830171138891,0.016697136831399013,0.029980982948839666,0.13548496028393978,0.015115954432077602
circ_chr2_239990074_240014860_NDUFA10,0.0008534985743986604,0.02723802913705912,-0.004657916860172759,-0.015758585373008734,-0.008824853787344003,0.016680951099870375,0.01082439227429025,0.009247953834729322,0.008331317287619416,0.0023905341122366815,0.004599052835521929,0.0036181393643086586,-0.02177576826760953
circ_chr2_24135119_24139450_FAM228B,0.02514198442551853,0.029720279904513713,-0.013210262573796976,0.12734615770585436,-0.022304629088186794,-0.0012198051583839835,0.03156265543759995,-0.05053481191277925,-0.11923232548647275,0.03257873476331968,0.0007159492872646874,0.014099430922470256,0.018827811779071144
circ_chr2_24135119_24147086_FAM228B,0.21482954414501157,0.06888617253472928,-0.18195756110587308,-0.04221236132975295,0.022022762569694414,-0.05493047863331778,-0.05288493718270281,0.01819245684174183,-0.682930639629841,0.06477402500130973,0.001020791110705348,0.018537535316341006,0.054275583367159166
circ_chr2_241403828_241418109_FARP2,-0.08540241693922385,0.016831755347410885,-0.06883424189570363,-0.04465958300890849,0.04613940462188117,-0.0620899739778232,-0.01622972072315479,-0.04337761276818777,-0.0886240973006654,0.013577633979716886,0.0010664187106126785,-0.2489147347081169,0.021683991248529703
circ_chr2_241407537_241413421_FARP2,0.012916891898824525,0.012680406427307238,-0.0066792000906019606,0.0023632078417685537,0.009193228934076269,-0.007405966342939061,-0.01649635438275001,-0.00742483822721255,0.034458462557962845,0.030559242129787514,-0.008995255553595718,0.06907735224135537,-0.005474343706943016
circ_chr2_241407537_241434321_FARP2,-0.04599755946771965,-0.01299406704439847,-0.19544724225914079,0.005026023383875944,0.038995462594462196,-0.1412466135014579,0.0007453818640177444,-0.2513682733550695,-0.024873971386716414,0.039339489011744166,-0.045122307739188926,-0.07366464871417885,0.007946433948320843
circ_chr2_241407537_241436538_FARP2,-0.026040964916946515,-0.034649458903154295,-0.12115506468704974,0.01071371292281284,0.07376741940488665,-0.2201189823770053,-0.0273069236832922,-0.2685425278886138,-0.13796780217717716,0.15664049770108887,-0.01184152488837649,-0.4209713105978359,0.003636801867175085
circ_chr2_241654546_241668685_ATG4B,-0.018286281889698122,0.007835276476947192,-0.12836977070846728,-0.004898075842079983,0.0009213163624133535,-0.00887190858102118,0.025436776288908586,-0.06448370323305881,0.025155734915510118,-0.020904090297843105,-0.044075134257638676,0.09955251140064407,0.0036961297300452307
circ_chr2_24246129_24328115_ITSN2,0.012773036540365814,-3.7137803751063474e-05,-0.0034989877829900346,0.02282065673173109,0.04238288099625907,-0.007603498757321959,-0.009232414207440153,-0.010774404904803808,0.0689094359418364,0.003226526970905089,-0.001978345511525947,0.01628112859915231,0.014549000706035275
circ_chr2_25799385_25806337_ASXL2,0.0031213084530363963,0.014518782029764936,-0.027052897182337526,-0.01684429323333351,-0.020892911452582305,-0.01593984078275525,-0.009235961536069884,-0.001882409948813448,-0.00020836762893140036,0.030398531788013838,0.005845223378340794,0.10376731553801989,-0.01958589431523575
circ_chr2_26263380_26277160_HADHB,0.05633029928621905,0.01581136847782113,0.0014963580954594406,0.048631706660663854,0.014210565322415013,0.0009269489369223593,-0.008168482058298242,0.025037539164880464,-0.14791911802481789,0.0069667124015872686,-0.0020814182540106084,0.041361328398791856,0.004597051674774634
circ_chr2_26364302_26373629_SELENOI,0.00804384560367813,-0.03063842305324887,-0.019351121506581956,-0.0007717537139407401,0.023788337803594323,0.02202172825142003,0.013006648720857697,7.0857976168333955e-06,-0.008393566155649873,0.01131442602896448,-0.006273183826517319,-0.070806345715056,0.006297269949731393
circ_chr2_27599583_27601442_ZNF512,-0.0028786072109436575,-0.0022326316213111866,-0.025209811945241703,0.0019538120055892505,0.00990203800203239,0.053835440857425525,0.021819595815593475,0.004209051681958768,-0.07072627952432937,0.008420126450397206,-0.014238859453388101,0.01888220493503694,0.0077744202823604594
circ_chr2_28776851_28793997_PPP1CB,-0.00579120287961304,0.10024556490562664,-0.013518403459383177,-0.032267734849604615,-0.004087709986430276,0.012409073359522235,0.05752597066725092,0.0005673843972769518,0.026369562728971466,0.03401173208207288,0.006668518028496687,-0.031027296374235052,0.009560395836756429
circ_chr2_28783907_28788809_PPP1CB,0.005573807735851369,0.00273860600431916,0.010994438892340011,0.00906300197788494,0.016509576711865058,0.010369433494136845,0.0854442676974766,-0.008168044817417897,-0.07486140034627543,-0.05193329209934828,-0.007252209088411809,-0.02941152947770573,-0.02466250783075617
circ_chr2_29133655_29145367_CLIP4,0.0029738945831040203,0.028430877309326433,-0.11802887276089985,0.014477185262289843,0.01776362022860605,-0.00053200380518358,0.03982190439214502,-0.10336154703329212,0.015834562920335825,0.0070927445565762215,-0.02620306561991353,0.06626700578260526,-0.005948487466523848
circ_chr2_30525587_30533314_LCLAT1,0.0027196149765788954,0.008505594320825908,-0.06891900050052811,0.06432403746189229,-0.01184978289830635,0.006465848607981175,0.04281691689634637,9.818713798233258e-05,-0.4968426437448463,0.0713868920654746,0.010478993455744285,0.10831511875764825,0.0057980161921916485
circ_chr2_30552493_30568176_LCLAT1,0.00368141046105271,0.040227001181144126,-0.0848672655600779,-0.009646956828198803,-0.031078189276713956,-0.016771998306583005,0.0023081763877871326,-0.05241521343127399,0.010581869689329408,0.07307623171903395,-0.0013576966829044216,0.12185188973718403,-0.008816384874508183
circ_chr2_32098796_32116212_SPAST,-0.008517957427396625,-0.021116055378952277,-0.07724164140929787,0.04012789340773221,0.009561089601400745,-0.01981933721961406,-0.03241833714140808,-0.01122616733987783,-0.15249241689309248,-0.06159340499405688,-0.01140170889891596,-0.022020342619582876,0.0001877986084091238
circ_chr2_32114638_32116212_SPAST,0.007107087189885426,0.007776221513285182,0.03291754692717132,0.003873673499461768,-0.009061121108380638,0.002797526323616013,-0.0126196686447969,-0.010576290285408393,-0.007177884503139693,-0.006507367252999241,0.0005967326955618486,0.016062739523986295,-0.019482215319466558
circ_chr2_32174063_32184338_SLC30A6,-0.005222111115495044,0.01591790178675458,0.010072371859277018,-0.12715619292160854,0.017087061869051814,0.01794001334692768,0.01147643258177701,0.021448988156775397,-0.10700953164180059,-0.0009204503629030262,0.009899147907381237,-0.012151742066182733,0.0009640192630812759
circ_chr2_32377588_32395593_BIRC6,-0.0026719536066811744,0.0045118025398688515,-0.03621773954591462,-0.0031254716260182467,0.1456950363169529,0.036009921399161884,0.04540316567568021,0.0014711991538027722,-0.18612209052445453,-0.016464743695880187,-0.0015613959088054828,-0.0012410444812396562,0.0013654304987374848
circ_chr2_32377588_32406557_BIRC6,0.011517571899921518,0.003302054010953828,-0.031165243074789722,-0.013364876080096249,0.022403498197115467,-0.04096355418476581,-0.008908934499284418,-0.06272573551467842,-0.03585030053129416,0.05395987432718953,-0.003377409844059549,-0.02700963712223128,-0.0088878393807779
circ_chr2_32377588_32416163_BIRC6,-0.027444456820186015,0.008985209632974103,-0.026271338218027306,-0.02550525055928732,-0.0011873995697816132,-0.00827357389088408,-0.00789050961025594,0.0054242773500877825,-0.09299382664387827,-0.026381466482586446,0.0017635755977336708,0.010125429337205668,0.033845237327614894
circ_chr2_32607455_32611582_BIRC6,0.007107087189885433,0.007776221513285187,0.03291754692717131,0.0038736734994617725,-0.009061121108380643,0.002797526323616014,-0.012619668644796902,-0.010576290285408399,-0.007177884503139697,-0.006507367252999243,0.0005967326955618469,0.016062739523986305,-0.019482215319466555
circ_chr2_32640270_32736816_TTC27,0.0009187471465843698,0.02316448533105598,-0.004797652066915161,0.025230136501651665,-0.008904413930757462,-0.020790911584454886,0.007890640268223921,-0.009808426737313478,-0.003224300527920296,0.009665270371328989,-0.02259361905036378,0.02800351294721957,0.041521816564189254
circ_chr2_33300451_33315269_LTBP1,0.010005544090811148,0.0055752269267969,-0.007494758839404578,0.026621693797921814,-0.010567167138541713,-0.0014542720462057232,0.009499295386143554,0.015229100662643718,-0.019486959685658344,-0.0011465983103611066,0.0062883807085921395,-0.05227194925796493,-0.008072633760458449
circ_chr2_36396614_36442735_CRIM1,-0.01114212860368559,-0.02148220016168426,-0.09886814928814414,-0.0007792248072055599,0.05665295604071315,0.0045876904286726045,-0.03973391252371332,-0.015742311199905296,-0.3859413976756579,0.020675778541625306,-0.02627177485496892,-0.03308318337170297,-0.007258720569476154
circ_chr2_36396614_36479694_CRIM1,-0.0038102584460063585,0.018753157843013145,-0.027830792496483483,-0.009223574895090653,-0.0036467245632572803,0.019469458593715554,0.007627990217317829,0.029255691942236914,-0.032325452481942005,0.011327688531547675,0.01289265070776789,0.010020566793794242,0.025702906346660205
circ_chr2_36441258_36442735_CRIM1,0.00763714969841724,-0.001614647705876969,-0.014211717637230066,-0.05259573032413838,0.0060568867660019945,-0.013960010441815147,-0.0004205337478364972,-0.0025358869868589663,-0.05162369352302867,0.0013050450319477473,0.00026568111644787183,0.0541077890776986,0.005133516101751597
circ_chr2_37199704_37201726_CEBPZOS,0.0075045232333387805,-0.028807565487248107,-0.0106072070507927,-0.0019065738908981768,-0.016091790360303643,0.010306265408766765,0.008663643431984367,0.0033734278768794406,-0.14593772765315943,0.009079123818615734,0.004329501572198119,0.022229168938038855,-0.0065026961296923095
circ_chr2_39331917_39337581_MAP4K3,-0.0023679203826018967,0.03414504743012847,-0.05779372462994734,-0.04346542968196614,-0.00426616225360737,0.008764855727908747,0.015066830651787166,-0.03117361921952788,-0.02926602043739135,0.037390440074846355,-0.03908709089196416,0.043387362511347644,-0.0015424317175011515
circ_chr2_39336920_39337581_MAP4K3,0.06669034936755261,0.004360195265848479,-0.07312985803003741,0.001459196529884798,-0.0811789640192959,0.008313461292450969,0.0050892666749088105,0.015905595471840575,-0.0495652579091557,0.02349671199493219,0.01754939817674304,0.0069056441681256756,-0.006044873762944108
circ_chr2_40428473_40430301_SLC8A1,0.14584637009028725,-0.03785331941197736,0.008177466588682503,0.09765728406592063,0.020210916583998952,0.042103246532600135,0.038341885300866206,-0.020732678461827973,-0.5925125347152196,0.008649007720796693,0.007364138895581826,0.0013096883142819978,0.010324400913824921
circ_chr2_40428473_40430304_SLC8A1,0.01952043917928883,-0.010790864101015738,-0.021447788762767043,-0.007238009926555932,0.039555569003938765,-0.0005343162418810795,0.0017935548333474147,-0.016607203345751366,-0.4653543977701556,-0.0027775540161245264,0.0031253646501517396,-0.05147248591961889,-0.004843963279166022
circ_chr2_42718988_42723035_MTA3,0.0029601905283416193,0.0043147334839537515,-0.12506533897322614,0.012650673745388469,0.02999264826803506,-0.007430327329088277,-0.013986736639674128,-0.022944994440998914,-0.2473820748547916,0.03746549823376353,-0.014413673171050495,0.025949694631943073,0.018116195713547455
circ_chr2_44209210_44218537_PPM1B,0.004428188126973689,0.00769903868362211,-0.06475229105607908,0.1808312574443467,0.02553945334761977,-0.0015312944338984182,0.036845757474019115,-0.03969207878239143,0.0882811226520535,-0.021384449789636613,-0.020405558080416438,0.09714550124778742,0.006230499609873626
circ_chr2_44704283_44715353_CAMKMT,0.0005176213258111483,-0.011439680281581514,-0.05204151606411277,0.037773230047721214,-0.004604464775659741,0.018263275564325217,0.004013279824106803,0.022644342390259403,-0.20733732591552095,-0.004408169632416487,-0.009643076941001685,-0.03650286087570003,0.018561652503482403
circ_chr2_45546732_45553730_SRBD1,0.10288133276377587,-0.03751919114712539,-0.008247174941902418,0.04515695311376616,0.020029076850913954,0.024792920949693292,0.02136234449113802,0.01638642050444277,-0.3442265577150837,0.0020995695501453172,0.019570104472794624,0.042564027332180204,-0.018087778360356743
circ_chr2_45546732_45562756_SRBD1,0.089022821114557,-0.000507880366088328,-0.005151204934481442,0.023830070199070984,0.01733726573952579,-0.005983628550389786,0.020852465229428182,-0.0067162067904965985,-0.5358358107288347,0.04855068821799519,-0.002264741269472628,-0.015449790222889738,0.006584915962244196
circ_chr2_46950363_46978907_TTC7A,0.007107087189885427,0.007776221513285182,0.03291754692717132,0.0038736734994617695,-0.009061121108380638,0.0027975263236160136,-0.012619668644796906,-0.010576290285408393,-0.007177884503139698,-0.006507367252999241,0.0005967326955618486,0.0160627395239863,-0.019482215319466565
circ_chr2_46974973_46978907_TTC7A,-0.006119074519771126,0.11263081998751295,-0.07990185537156483,-0.03619415825960341,-0.000976718687983313,-0.0002527742899041026,0.04076376519089937,-0.03104425831226936,-0.013545074601116442,-0.0013763249585461155,-0.01420343929547498,0.015814437285705803,0.010613547445108227
circ_chr2_47377014_47379969_EPCAM,-0.00339547053093751,-0.01843135035165106,-0.1549949356878286,0.0055449316884210766,0.011086603863874032,-0.034376497321085345,0.005722085106362788,-0.07684835421567714,-0.11252765218416637,0.03033914861177628,-0.014454106909764983,-0.008372652829279433,-0.0008688061114598685
circ_chr2_47822218_47823360_FBXO11,0.010322631683787137,0.006214044973132867,-0.001361285381791909,0.017253485887942024,0.016065031376552144,0.017823442433142597,0.019949749348032914,0.011251679720906509,-0.013478883506020006,0.010217558496879577,0.011305559509312392,0.0009343773600723798,0.0022444797856810417
circ_chr2_48328561_48346751_FOXN2,0.005965083335988123,-0.027230699844876853,0.013843842925979679,0.38714430446417564,0.009593947412983635,-0.0032172192739031596,0.009381521262361454,-0.06599741789190326,-0.013046586107365575,-0.007884682151293601,0.02426915865922704,0.013133141735944896,0.01451974566500187
circ_chr2_48498493_48511468_PPP1R21,-0.018286281889698122,0.007835276476947192,-0.12836977070846728,-0.004898075842079983,0.0009213163624133535,-0.00887190858102118,0.025436776288908586,-0.06448370323305881,0.025155734915510118,-0.020904090297843105,-0.044075134257638676,0.09955251140064407,0.0036961297300452307
circ_chr2_48642402_48671680_GTF2A1L,0.0020462091363766997,0.035264951722183475,7.485223431232003e-05,-0.03872248528026566,-0.012175857623199053,-0.00886602680585967,-0.020194407007628788,0.01622986959209568,-0.01945448956434954,0.01571680124636511,0.014323238248278013,-0.006325750899642886,-0.025216429407751387
circ_chr2_53714384_53716743_GPR75-ASB3,0.007858117607541888,0.03882356768805564,-0.007381665359381477,-0.016468817664198,0.0007932890005768274,-0.004665896786808748,-0.006910039416781138,-0.006061593311552034,-0.12310916914505593,-0.015932929638727868,-7.207478390763156e-05,-0.001374691412394487,0.005551432949013043
circ_chr2_54050958_54057360_ACYP2,0.17882791184430746,-0.13055667931229403,-0.00378502069384161,0.0010883474087142139,0.012118649973457105,-0.014398070087875801,0.03396452019842942,-0.018261411847162214,-0.12098385179520578,0.04008327782065072,0.001622786623739522,0.08700356691752602,0.02479496548492962
circ_chr2_54982515_54987698_RTN4,0.00488549837594196,0.03491727061945135,0.0005825376485185063,-0.17746315901614948,0.17394877171802786,-0.03211895031910045,0.07844767474462691,0.001399860330560634,-0.5495902828967748,0.023609322648826044,0.010560482306609326,0.0038019730378204214,-0.005132572399704186
circ_chr2_55332566_55335164_CCDC88A,0.0076408079783564275,0.004418454734954225,-0.01235014338805181,0.05584328692101207,-0.016371608336126657,-0.024393002530761158,-0.008793902928618825,-0.010381062417801918,0.13030662388867148,4.3661976547896896e-05,-0.033203209246507284,0.04267645576719459,0.00783617187112709
circ_chr2_55558775_55573777_PPP4R3B,0.02685864449208326,-0.008806218976135205,0.006199030023544602,0.012033755895077693,-0.00038544823492538523,-0.003469427945284289,0.018673645232377415,-0.009943205831759533,-0.021232153342105684,0.0016463528873469691,-0.007251472822211041,-0.009097864227628883,0.01677150795567004
circ_chr2_58084089_58089723_VRK2,0.004532388958510008,-0.00966977299635817,0.007875708853332374,0.163322587666481,-0.044681951446140386,0.0012773996839288155,0.0035318603567032546,0.017036514749024352,-0.6055364776571095,0.0024221786711162673,-0.0211448311122555,-0.03441917919867941,0.047638123362355275
circ_chr2_58198579_58232112_FANCL,-0.0013832292600413209,0.026248202076510605,-0.06296696996670917,-0.008898439258544078,-0.015362218568722746,0.009962587734473068,0.033244805064718864,0.05497006563790094,-0.015929579502177764,-0.017706060470527866,0.03285027730896906,-0.002735224498188634,0.08355519199623675
circ_chr2_58198594_58232112_FANCL,0.12315130241734044,-0.003706296468181214,-0.09243700012883327,-0.030665757463939017,0.010306310509505593,0.008081380742107834,0.07663553286425835,-0.02055066143736022,-0.5628895888695661,0.017103185029837095,0.04085509720863509,0.01179362481521668,0.011266064238125614
circ_chr2_58221942_58232112_FANCL,0.15751894364393781,-0.0011679193824945856,-0.032777946806666784,-0.12558330086953298,0.006951496275203946,-0.03529328949777626,0.1340247855448842,-0.006156768621196527,-0.11931607137432881,0.014992977409053549,0.006922700168388994,0.01691453372444334,0.06510270519051599
circ_chr2_61031419_61032113_PEX13,-0.00579120287961304,0.10024556490562664,-0.013518403459383177,-0.032267734849604615,-0.004087709986430276,0.012409073359522235,0.05752597066725092,0.0005673843972769518,0.026369562728971466,0.03401173208207288,0.006668518028496687,-0.031027296374235052,0.009560395836756429
circ_chr2_61115979_61118116_KIAA1841,0.06317225231689548,0.05019737333846505,-0.10170103653890357,-0.007126205397861118,0.04506226847956736,0.003935246149787621,0.09797569975133691,0.05883069665615019,-0.8291398132204585,0.03561344926674173,0.0010948587200735735,0.09807265814490773,-0.019005279826264182
circ_chr2_61162842_61164540_C2orf74,0.02685864449208326,-0.008806218976135205,0.006199030023544602,0.012033755895077693,-0.00038544823492538523,-0.003469427945284289,0.018673645232377415,-0.009943205831759533,-0.021232153342105684,0.0016463528873469691,-0.007251472822211041,-0.009097864227628883,0.01677150795567004
circ_chr2_61178981_61186497_AHSA2P,-0.020125352302966037,0.018929493727815078,-0.012168580817594324,-0.013685504697514103,0.006180114880878538,-0.013485023864957086,0.2426975875130109,0.00023612689617276842,0.17293277942327082,-0.27154457044951485,0.019574531692475795,-0.3392318792067035,-0.045285146866629045
circ_chr2_61482380_61490776_XPO1,0.031113009106221022,-0.020665824602718,0.009084597797262369,-0.013641606665663952,0.0373995948455597,0.0024600457266946993,0.006997682299587624,-0.004744574382859436,-0.038306217369896645,-0.003672814613214935,-0.002418286821341308,-6.453921014118477e-05,-0.0056754828607510025
circ_chr2_61482957_61490776_XPO1,-0.0001119617053992598,-0.018238525814515676,0.0006819838442438102,-0.04214773845418145,0.007215303082966949,0.006033408257514987,0.003989797434953597,-0.017220199588094655,0.025447725744137138,0.0011736929034294019,0.001185348983594385,0.11954766485692529,0.0038644124197066074
circ_chr2_61495455_61498913_XPO1,-0.004242378894305589,0.0007322562663087565,0.0207851111854232,-0.007939220947046445,0.039728794451349775,0.010848875702048061,0.004224552685548863,0.033793388828541084,-0.046663489866494004,-0.030473319890296478,0.019350544867623175,0.016733858811457527,-0.0006906199558032249
circ_chr2_61522611_61526521_XPO1,0.015210542864642308,0.048968093150138836,-0.010930490263632528,-0.03352235665957077,0.036551338127969006,0.017896677711408897,0.0642076134365872,-0.005429802827389319,-0.0719833682213568,-0.002784106151767742,0.01049464391157722,0.05522157862665185,-0.030062760428730764
circ_chr2_61522611_61533903_XPO1,0.0853057269601136,-0.00858108744782232,-0.010561879627334335,0.011726827686334202,0.17207776920042536,-0.013224957733772646,0.026004579886339845,0.012937490229266643,-0.2680719337221292,-0.15519644203388477,-0.024678713825450647,0.006940716367724531,-0.002277428865257097
circ_chr2_62747395_62771392_EHBP1,-0.004058114856747906,0.0056835008634501406,-0.009472872851799473,-0.010542248148848372,0.006983649577814163,0.004766655344460313,-0.00010659227401325798,0.02916314353938947,-0.05583292815274287,0.007438994334961496,0.010434199431635111,-0.030748347252190052,0.006099502951511355
circ_chr2_62979188_62996766_EHBP1,0.04244748330045259,0.0554868425680992,-0.14044150633019506,-0.058075783299694976,0.12188702308809275,-0.007801221620254661,0.08537290881841549,0.05660745831478543,-0.3822709655062948,0.014090549073107897,0.004381072259671675,0.10382776436762915,-0.022449071591488342
circ_chr2_63433745_63439871_WDPCP,0.018931332474160897,0.013843764179102587,-0.018311494691683295,0.08763270856113091,0.0017410829667369478,-0.0090787325208167,0.004771131599096705,-0.0025021384035322884,0.03448807877294793,0.016336072463289865,0.0066225009141591224,0.10314225764140518,-0.012079700244055176
circ_chr2_63856306_63857936_UGP2,-0.005628074197677519,0.082550148660575,-0.019097592136844702,0.006114724039876899,-0.002119078393042265,-5.31557538673535e-05,0.07063016324252763,-0.0015853031584376254,-0.5250279126206745,-0.0341213973709171,0.011712206284534935,0.05850402266079119,0.0037754940637523817
circ_chr2_64551443_64553409_AFTPH,-0.0062148229601455066,-0.0013264782421958485,-0.007303956227460915,-0.09289734202694662,0.019070969364014277,0.017406968726185836,0.004476898634085132,-0.005738475869070261,0.007303266326591079,0.029039747492651508,-0.013362935107074675,0.0032292712908397053,0.004434158078843813
circ_chr2_64572946_64585545_AFTPH,0.013072202242413844,-0.0009860380180700434,-0.018952047607277533,0.025163164691502874,-0.015683137292234663,0.01615366273522974,0.02213132492527042,0.016562848532596628,-0.027064446733802226,-0.0005121419050615216,0.006495326234239704,-0.016017393917054434,0.011898701114066962
circ_chr2_65001448_65010763_SLC1A4,0.02176406603851956,0.005409702938440327,6.881490679906523e-05,0.029044669778083437,0.056694925678730725,0.012289624826545156,0.01734431142493481,-0.005206578790277792,-0.009608210222143691,-0.011750915622825302,0.0004770621242136799,-0.0071817119798024,-0.01930433881826479
circ_chr2_65090983_65098066_RAB1A,0.017425119076423443,-0.005424434843621068,-0.041115396555684136,0.03242477881817525,0.02254552792594038,0.002588590547346863,-0.034680002290304386,0.007002404299479497,-0.16154731749431026,-0.016568975094706003,-0.004866292740882996,0.02113030644633792,0.010649545832060637
circ_chr2_65090983_65104806_RAB1A,0.007107087189885433,0.007776221513285187,0.03291754692717131,0.0038736734994617725,-0.009061121108380643,0.002797526323616014,-0.012619668644796902,-0.010576290285408399,-0.007177884503139697,-0.006507367252999243,0.0005967326955618469,0.016062739523986305,-0.019482215319466555
circ_chr2_68490190_68545312_APLF,0.1314846159250528,0.06630860394112627,-0.0324738184597617,-0.048984576306486935,0.06415659057903407,0.014169675141169966,-0.012267327193322967,-0.021224054089720147,-0.592727892002899,0.01336255400870607,-0.04249088603085619,0.09330206482874721,0.040994499811268216
circ_chr2_68490190_68578003_APLF,-0.018286281889698122,0.007835276476947192,-0.12836977070846728,-0.004898075842079983,0.0009213163624133535,-0.00887190858102118,0.025436776288908586,-0.06448370323305881,0.025155734915510118,-0.020904090297843105,-0.044075134257638676,0.09955251140064407,0.0036961297300452307
circ_chr2_69337898_69338565_GFPT1,0.014825913580653991,0.008770932774637197,0.010808959388860668,-0.026597233804073882,0.003646048551173926,0.008759127567285193,0.003581632344124364,0.0022171313036970165,-0.030846753680608293,-0.007154793275712634,-0.00372687908941632,-0.02254188149575386,0.0005730925790950086
circ_chr2_69337898_69345999_GFPT1,-0.018286281889698122,0.007835276476947192,-0.12836977070846728,-0.004898075842079983,0.0009213163624133535,-0.00887190858102118,0.025436776288908586,-0.06448370323305881,0.025155734915510118,-0.020904090297843105,-0.044075134257638676,0.09955251140064407,0.0036961297300452307
circ_chr2_69358329_69363670_GFPT1,0.036161971020860564,-0.04140557835782766,-0.003267290130670333,-0.0033492528195618603,0.001233836810975184,0.0018418830191916662,0.01401164919464384,-0.007499182635253783,-0.13992491501045962,0.0011784065995257683,-0.005431414432467484,0.010658000787496043,0.015121477901313126
circ_chr2_69807906_69819338_ANXA4,0.003411462456763281,-0.01989576533935649,0.028254544190064488,-0.01946640019308612,0.011039377715675735,0.001533610070981382,0.0071971960173903725,0.010527412806856061,-0.03223228112834343,-0.01115826963200207,0.014778370591388654,-0.010328030830729267,0.004295566309312149
circ_chr2_69812653_69820821_ANXA4,0.04629753389114018,-0.046018961280325704,-0.03277493809328452,-0.009364721940901256,-0.03070414557559991,0.0002612450818724873,0.001890521477490988,0.02278947156818845,-0.1272135839606057,0.00929470774454483,0.0028714994151409503,0.004880023505107109,-0.01246625577684117
circ_chr2_69816101_69819338_ANXA4,0.0029926871141715567,-0.012064865629879393,-0.011595101945769128,-0.013724907978749146,-0.023216219870786644,0.03715088199099283,0.002655462238631447,0.017774675789097267,-0.017806038166648705,0.0016283517945716167,-0.053422293443327835,0.02481029011374436,-0.010283720040536801
circ_chr2_70179532_70181997_C2orf42,0.003606858704674105,0.002356934759232129,0.005836816002123039,0.0051446073099832455,-0.04801402150164715,-0.007594853973574313,-0.007009640491392124,0.009832143245433205,-0.12352602803770885,0.027507705361860257,-0.02701516199351975,0.07316827340305057,0.009790361854696396
circ_chr2_71396141_71418639_ZNF638,0.13524600489245944,0.010058494306203512,-0.059705085088937494,0.048245067212784536,-0.0322074418502119,-0.03957848756579657,0.019122653204767855,-0.03456476514119555,-0.3488535472974008,-0.011239278681047037,-0.0003400905208612107,0.0016128203360391998,0.09277884441621186
circ_chr2_71426460_71427414_ZNF638,0.01708474759233109,0.0010417004955401545,-0.04236997308734606,0.016641140317090367,-0.023659482812694366,-0.022362943868137034,0.020456946447863264,-0.0108779056827413,-0.009705709921299878,-0.09326416241205693,-0.007521798835545462,-0.02106251127016918,-0.02134092052753455
circ_chr2_72465160_72480750_EXOC6B,0.009581251215049389,-0.006045641320694266,-0.11803699341963807,0.045774243121116685,0.010543040979181935,0.003285571272438282,-0.004822916827551507,-0.0015892487451668565,-0.12105766613004448,0.03821113650037812,0.013877248092638038,0.023941292039231166,0.009203177532571346
circ_chr2_72718103_72733118_EXOC6B,0.20468837744355012,0.013653328538016487,-0.1660915858919247,-0.10159216006910451,0.15861868535448043,0.019597850071085696,0.14880874336823421,-0.007916527890855259,-0.5017718276028539,0.0202562905604286,-0.00920236634651032,-0.05358768437414683,-0.04313291378536041
circ_chr2_72718103_72741469_EXOC6B,0.0031213084530363963,0.014518782029764936,-0.027052897182337526,-0.01684429323333351,-0.020892911452582305,-0.01593984078275525,-0.009235961536069884,-0.001882409948813448,-0.00020836762893140036,0.030398531788013838,0.005845223378340794,0.10376731553801989,-0.01958589431523575
circ_chr2_72731007_72733118_EXOC6B,0.039709701429839796,0.015714082280653716,-0.1373084518412866,-0.03941518748236579,0.07819926108709922,0.006992994908151375,0.0317134186650227,-0.017068726495440525,-0.5253795043078529,0.013923239782561261,0.04622890549279393,0.0176332738078287,0.023297098282808324
circ_chr2_73088050_73089315_RAB11FIP5,0.0031213084530363963,0.014518782029764936,-0.027052897182337526,-0.01684429323333351,-0.020892911452582305,-0.01593984078275525,-0.009235961536069884,-0.001882409948813448,-0.00020836762893140036,0.030398531788013838,0.005845223378340794,0.10376731553801989,-0.01958589431523575
circ_chr2_73447960_73455295_ALMS1,0.040650992264209165,-0.02782494532345705,0.015972518086818408,-0.027225847344924985,0.03356870189704365,-0.0013731186266931917,0.014085608220939036,-0.005836495702885798,-0.01991608189020065,-0.0043280690642843395,-0.006214297698412879,-0.001290316050631634,0.0031946879555510145
circ_chr2_73557220_73559142_ALMS1,-0.0005167826688446439,0.00380770908993925,-0.0018581851279546894,0.0014735947457654866,-0.012044790643501028,0.012067085192517066,0.010783770500059716,0.018916995228292807,-0.009541970761745644,0.024026307334736745,0.014246353228497086,0.007221995509064314,0.01823015756553183
circ_chr2_74159091_74172749_MOB1A,0.031113009106221022,-0.020665824602718,0.009084597797262369,-0.013641606665663952,0.0373995948455597,0.0024600457266946993,0.006997682299587624,-0.004744574382859436,-0.038306217369896645,-0.003672814613214935,-0.002418286821341308,-6.453921014118477e-05,-0.0056754828607510025
circ_chr2_75518056_75522487_EVA1A,0.012773036540365814,-3.7137803751063474e-05,-0.0034989877829900346,0.02282065673173109,0.04238288099625907,-0.007603498757321959,-0.009232414207440153,-0.010774404904803808,0.0689094359418364,0.003226526970905089,-0.001978345511525947,0.01628112859915231,0.014549000706035275
circ_chr2_85368686_85371562_ELMOD3,0.037439449772809615,0.005730169821877441,-0.014638958266341255,-0.05677999683854094,-0.0009270825982068752,0.02234412493196141,0.016715236227641414,0.03342870848761175,-0.12175740928542154,0.010239872652292155,-0.004534093863910726,0.008621350555858425,0.01191070549612268
circ_chr2_85861181_85863485_ST3GAL5,0.05454155042061765,-0.006164514657832439,-0.002850459357089891,0.453294318896813,0.02296412300687762,0.0008293020686744019,0.01360726980008491,0.00867630705275029,-0.011916787260995059,-0.008442757254467567,0.024176976434953652,0.05299872974768822,0.0325722301193942
circ_chr2_86127161_86127991_PTCD3,0.013993081935944344,-0.018734291520909403,-0.012898453970252124,0.02865692351780308,0.00417072072745792,-0.011224456994422052,0.002661666822061507,-0.014646774659677508,-0.0767681751258355,-0.020397660943102705,-0.01102936057744382,-0.018134262526996774,0.014333863619785095
circ_chr2_86740927_86753558_RMND5A,-0.008517957427396628,-0.021116055378952277,-0.07724164140929789,0.040127893407732214,0.009561089601400745,-0.019819337219614062,-0.032418337141408085,-0.011226167339877831,-0.15249241689309248,-0.06159340499405688,-0.011401708898915964,-0.022020342619582887,0.0001877986084091246
circ_chr2_8770670_8776892_KIDINS220,0.023475578741280593,0.025090817914467926,-0.0010333207895201258,0.006807166922272562,0.011693061784681059,-0.006189332786121383,0.00047333839447829645,0.006617526537924754,-0.18418430142556189,0.0229488770914294,-0.004144776543604729,-0.006855674574178607,-0.028146531322730886
circ_chr2_88786470_88805408_ANKRD36BP2,0.01465671795246901,-0.003297302757460648,0.0030335621146948687,0.009444201297969496,-0.00847039369316824,0.006064403643833169,0.021786414372666214,0.005758014573181317,-0.022423365705386306,0.017478553092089507,0.0046185019343503156,-0.001341155337148375,0.025976124776746483
circ_chr2_88801099_88804880_ANKRD36BP2,0.14391964970618815,0.021103183586508915,-0.015153964963210054,0.14807504841155328,-0.005282783193016645,-0.0053600969629918685,2.9386731141075705e-05,-0.016059068444214883,-0.3448383885629064,0.022343387104917376,-0.018176231062333802,0.035058118027947255,0.008816239636071796
circ_chr2_8888018_8958642_MBOAT2,-0.0350578220021184,0.08815094118661126,-0.03457131153722424,-0.10483936869398618,0.015736615366308236,0.044596801734451075,0.009669329499637495,0.0105006624154605,-0.01613301127246297,-0.042263457749870025,0.03174139283928718,0.3621498916091613,0.00795293124693076
circ_chr2_8908621_8958642_MBOAT2,0.010979289040617818,0.10194856818579014,-0.08262743421884455,-0.17088712739005565,0.14476886128192018,0.0022598953349611825,0.03376356079770799,0.15445520847747804,-0.6927354242308886,0.015934895379438867,0.02006348241349161,0.013063118147286166,0.009471729576193098
circ_chr2_8943187_8958642_MBOAT2,0.0007564264967817927,0.08935300299837534,-0.11467229696148706,-0.13109892919449193,0.030107825069451626,0.025274569229370786,0.002802190200523673,0.024312000934334815,-0.17574342076974805,-0.01084769606993366,0.021903213238773245,-0.013119594838423844,0.07255197310930997
circ_chr2_8943187_8974435_MBOAT2,-0.035216845551623834,0.11196959819478518,-0.06431040102203998,-0.058794130682559266,0.01831016139707323,0.06793996985909528,0.024108024238422725,0.007474588383138602,-0.020453526449482565,-0.014017315815752922,0.02823464368899609,0.25134019393623425,-0.02573257697803251
circ_chr2_9279317_9297445_ASAP2,-0.03431935798801005,0.014995512781249457,-0.004202978538071191,0.015342740181865653,0.007657013331412646,0.027918140712886057,0.037640854212563496,0.00269117574727345,-0.22427092869482476,-0.026593490087606555,-0.033068467797561125,0.005253762156129839,0.03358830834380248
circ_chr2_95148885_95153259_ZNF514,0.018478942975020573,-0.02149174938992358,-0.021576295100595982,-0.02109868208460831,0.021292465449453558,-0.003483432388285304,0.011046054181929131,-0.05388182635083784,0.021146087871652966,-0.015643225402190108,-0.03933955431160822,0.0596599999281047,0.005860171955584325
circ_chr2_95851694_95860074_ANKRD36C,0.014804996820521884,0.01982799200817477,-0.035434089784700064,-0.014665597490076808,-0.05111183350602654,0.0031338655061814943,-0.005531943934333561,-0.005342304832275394,-0.03639561338260268,-0.038726185110070796,-0.027915965550817896,0.007348675157187445,-0.00434703538348441
circ_chr2_97549419_97549614_ANKRD36B,0.004310782102727845,-0.014132239959341522,-0.003768058760422453,-0.013432052017327736,0.0002955813226223037,0.008404580941094971,-0.0009095275484808239,0.028650323744286704,-0.023640747667835853,0.011031253829369326,0.013862651594532142,-0.03367190400365285,-0.0045698330097846485
circ_chr2_99169550_99171429_MITD1,0.08690683669633092,0.0664653247560298,-0.017680007675866687,0.000358446182497033,0.0011429984002907347,-0.00741864323461876,0.020105395651340955,-0.029232215022629304,-0.6944504991957541,0.07691681929244018,0.009549946187149168,0.24127168329453758,-0.01593740042105486
circ_chr2_99186177_99195756_MRPL30,-0.018286281889698122,0.007835276476947192,-0.12836977070846728,-0.004898075842079983,0.0009213163624133535,-0.00887190858102118,0.025436776288908586,-0.06448370323305881,0.025155734915510118,-0.020904090297843105,-0.044075134257638676,0.09955251140064407,0.0036961297300452307
circ_chr2_99449336_99464985_REV1,0.000858729064152917,-0.05579826031170041,0.03797001380910138,-0.029459299878799357,-0.015959128381971326,-0.023956661754306052,-0.030811392461058143,-0.011349909629495409,-0.02833257845427108,-0.013207151161024541,0.004640381022034448,0.015698167331932213,0.012239954797328022
circ_chr2_99462496_99464985_REV1,-0.0010399045502795265,0.01968184954475513,-0.014643475452637042,-0.035665005681767954,0.016051769331119528,0.03052079903949878,0.030179408841514595,-0.0041510972832669284,-0.24873847413082148,0.0051259300874373645,0.006784615301640259,0.05831254253572802,0.036691426543166414
circ_chr3_100732508_100736716_TFG,-0.0005167826688446433,0.003807709089939249,-0.0018581851279546894,0.001473594745765487,-0.012044790643501028,0.012067085192517066,0.010783770500059714,0.018916995228292807,-0.009541970761745639,0.024026307334736742,0.014246353228497084,0.0072219955090643126,0.01823015756553183
circ_chr3_101671130_101672213_ZBTB11,0.07949020635640411,-0.022813551635094853,-0.01375953997897172,0.029121481197248257,-0.03697702035683388,-0.0026991703986081034,0.03660398064441935,-0.02520180414853106,-0.7375840531381481,0.012101915404124784,0.006325379886672815,-0.21051908372399508,0.03223890806829026
circ_chr3_107710452_107716849_BBX,0.17281307340969304,-0.023698253045091693,-0.12405590187576307,0.01285959466420044,0.004473845409498534,0.00269281607741292,0.04088630495389751,-0.009829757751298095,-0.31953445042888506,0.025357653088942434,0.024821260368503323,0.02830335501906195,-0.013802227418733026
circ_chr3_107710452_107733023_BBX,0.07253646527197,-0.0364630854875558,-0.003061734810590881,-0.04769425234057151,0.0066156942583759995,0.019995048728439307,0.012305143177242354,0.005316303433005026,-0.05282898523577406,-0.004746483677652234,0.004946703429126133,0.012840633574230665,-0.0040073651960061425
circ_chr3_111112030_111126335_NECTIN3,-0.0023462143963956504,-0.013880597578323134,-0.009369953629616302,-0.0590521890804168,-0.07896629764572087,0.01802183186347097,0.06771063512978602,0.0412759055430339,-0.06519006816258088,-0.05615710685769768,0.014361741556296364,0.017948079324199954,-0.015186839537241259
circ_chr3_111112030_111147484_NECTIN3,0.023853298731343647,0.010597128932811102,-0.09458362891523837,0.012984699488668386,0.009458263532039152,0.01397269110162529,0.12367651644295305,0.0019111230979801132,0.0033845158501673456,-0.010114203954784618,0.01513856387587191,0.09806639110094384,-0.01038540979575076
circ_chr3_111913319_111920419_PHLDB2,0.1344846652826275,0.09331708270068209,-0.13756366942788387,-0.023249928896044793,-0.010617255991595248,0.004907650175258381,0.07255459213038788,-0.032222505619483754,-0.14792353058895308,0.03058825295466843,0.010102076642945603,0.23726499717106864,0.0022856096956171837
circ_chr3_112537735_112550262_ATG3,-0.018286281889698122,0.007835276476947192,-0.12836977070846728,-0.004898075842079983,0.0009213163624133535,-0.00887190858102118,0.025436776288908586,-0.06448370323305881,0.025155734915510118,-0.020904090297843105,-0.044075134257638676,0.09955251140064407,0.0036961297300452307
circ_chr3_113249722_113250833_BOC,0.03115895286904546,-0.0035845978772146817,-0.0001668813019453126,0.011300772692283311,0.07363601333646126,0.007480939708724691,0.011720796486664084,-0.008828011802065211,-0.021341193127986338,-0.016290056038609103,-0.0038508393938121435,-0.004769772166109943,-0.005761554855049968
circ_chr3_11347877_11426926_ATG7,-0.0035989126402609633,-0.018556229716551777,-0.003094871073154804,-0.019154618858918167,-0.009887079831281613,-0.01061309927478171,-0.015337809479021,0.01703872430717599,0.027339756060914037,-0.021695952298914214,0.006048833276790014,-0.03699775412120288,0.004560368701043945
circ_chr3_113488945_113506605_SPICE1,-0.016740598521957244,0.02655733885966546,-0.041569148778363624,-0.03664717794108017,-0.006031147400418772,0.020402140270483753,0.060583989076266574,0.04732134358250831,-0.0634865516192779,-0.03853856394364982,0.04086871127727588,-0.1126052809880022,0.0167900349216864
circ_chr3_11358418_11380052_ATG7,-0.005712393024524948,-0.02956043342731668,0.0023179272927845965,-0.01857103569488703,0.023832990785092583,0.027331963320867247,-0.002078682694351957,-0.0014618866368003081,-0.16662276291397743,-0.004655524745611587,-0.012485974402737186,-0.04787542774483085,0.009949142118141399
circ_chr3_11358418_11426926_ATG7,-0.006480516039935934,0.02487623497247018,0.033545417300340184,-0.018754946677414338,-0.0014791462991542385,0.006024292954693873,-0.02435446936201901,0.001130806559282833,-0.0751231668871589,-0.005543280573672024,-0.01530961969105875,0.037466138656333255,-0.03795580099622155
circ_chr3_114380217_114500391_ZBTB20,-0.0036524112686078885,0.0002901688529199418,-0.009919511267804146,-0.015983187959755875,-0.016925015590933252,-0.017932984333354548,0.0215302476843265,-0.003012581445874616,0.020658775294261664,0.005834922231860247,0.00827373074468134,0.06868552489801767,-0.009362676951052041
circ_chr3_119500695_119504021_TIMMDC1,0.12593917258666157,0.08495454860115348,-0.0195493725396268,-0.025221659696392024,0.024488945191379514,0.0048517527917560956,0.009226164169599892,0.020880367896275547,-0.31596702178075714,-0.012054262553088538,0.04616856122976724,-0.09640208224689605,0.029903075445580463
circ_chr3_119500695_119513719_TIMMDC1,0.04554684680963353,0.03142661428459798,0.01484350147634141,0.009270631331286576,0.013394187242945922,-0.015194670387354886,0.033793305581912556,0.00937433764254007,-0.015595277266959707,-0.04079678541314802,-0.001842305205719882,-0.028908717690786144,-0.005703925793484889
circ_chr3_119500695_119517315_TIMMDC1,0.007472241800931775,0.029496130607901603,0.006989003490561537,-0.011687067897004372,-0.008291412421481218,0.011301316177812814,-0.0057502826200233675,0.024635986195941317,-0.09163796669454548,0.031808801814252205,0.03375534559666166,0.009068532648402383,-0.01404014370326649
circ_chr3_119503532_119504021_TIMMDC1,0.012732121709933158,0.031850142006049915,-0.006160778183265932,-0.014472498224525617,-0.028590679098775093,-0.01285504166856316,-0.024235236684008628,-0.002576141097823817,-0.025605399727636428,-0.014768817998101053,0.0009939509074426624,0.00893679299350606,0.005873948793282909
circ_chr3_119503532_119513719_TIMMDC1,0.003328485056855747,0.02717446162041589,-0.010307240818324962,-0.0046804787761491745,0.04491579550633396,0.01484953827201484,0.00538181435157641,0.024728645878591717,-0.03504765837832434,-0.02859642113914039,0.013754399314027246,0.03482590220007011,-0.0075775590549517005
circ_chr3_119503532_119517315_TIMMDC1,0.06110559012804198,-0.006293967349557535,-0.09266305360532727,0.006013153390399554,0.04671613916155066,-0.026124053111297528,-0.0005462778932072789,-0.05290686744484258,-0.3239541238217062,0.013545129441696715,-0.016162604281872106,-0.024908123253314596,-0.0023921982839826524
circ_chr3_119863419_119876508_GSK3B,-0.009547712076273076,0.011557215081512652,0.008824022120720358,-0.031023020872557854,0.029971673849690437,-0.0031486334349864827,-0.003768400009098958,-0.001680217892416056,-0.005784979939343664,-0.012587612983134572,0.00151531259892819,-0.022115015774014368,0.016591597023401843
circ_chr3_119863419_119905852_GSK3B,-0.10777182877832775,0.11635338063618446,-0.00982486367260267,-0.06854841950201598,0.01296303468658385,0.07879302915809573,0.009336236723708063,0.04632586028533101,-0.10661432978555374,-0.012485032789210027,0.016842675935790516,0.06704439398435874,0.009569034962694184
circ_chr3_122536168_122540852_PARP9,-0.0026020461701457684,0.06999934674491977,-0.0004872393955551841,-0.0279243927562318,-0.012643334725734513,0.0005101517870307649,0.002449135883422295,-0.014960579741137701,0.011634924501041564,0.00495815590312014,0.016943119488448604,0.02332656686694222,-0.016791604885446832
circ_chr3_123223559_123259589_SEC22A,0.017641665037608677,0.005576892431261274,-0.009786270505825588,0.009045335593466933,-0.02370568073885586,-0.006822930796770178,0.0018985687290025478,-0.03848801823659243,-0.05206626823425911,0.014829165624127252,0.010009870799282792,0.06575408830777817,-0.019902023993494278
circ_chr3_123931102_123949132_CCDC14,0.005632315760781707,-0.002674884731181713,-0.03173126127686889,0.020394318209780667,0.00902978628377786,0.0072875338729332054,0.007252636376577183,-0.026484971649609546,-0.14280428073192913,-0.03722756177707041,-0.008501692487150995,0.020471562166262794,-0.0012093655037361162
circ_chr3_125313308_125331238_ZNF148,0.16882495905261466,-0.08793596111236378,-0.029672278150288334,-0.0006648378666449401,0.05886270181976036,0.002233954389915465,0.09445273762916608,0.019254982702908676,-0.34252334383917116,-0.010880987927525568,-0.0055183918022355585,0.007732465038366501,0.05071263230926529
circ_chr3_126642032_126647296_TXNRD3,-0.008517957427396628,-0.021116055378952277,-0.07724164140929789,0.040127893407732214,0.009561089601400745,-0.019819337219614062,-0.032418337141408085,-0.011226167339877831,-0.15249241689309248,-0.06159340499405688,-0.011401708898915964,-0.022020342619582887,0.0001877986084091246
circ_chr3_128262128_128264781_EEFSEC,-0.012271673818589096,-0.01326242473249571,-0.03225660862894901,0.00824345993847067,0.10165318844228412,0.025508360695649764,0.009402237418211666,-0.007597366826511253,-0.23353185310949523,0.028770714161418822,0.02462389557535218,0.01919594648216756,0.016932124245580667
circ_chr3_128795360_128807671_RAB7A,0.0006475050837848865,0.03703738153823216,-0.007017051648748402,0.0029311145024773816,0.019076179673370348,0.042999830460468326,0.012831637867308782,0.015657430735574237,-0.004463375535431938,0.024436849404651847,0.01335712501731969,-0.07682238457606937,-0.0314260720510306
circ_chr3_128806372_128807671_RAB7A,-0.0043545225029096,0.0019306173460946245,-0.03287085385431026,-0.015792827175516118,0.03584410568790157,-0.006260707067777755,-0.010915694339119339,-0.006009117504809344,0.025505525409410815,0.015057199216307365,0.007350042387149796,0.013232260621462148,-0.004083582101056043
circ_chr3_129265549_129267099_COPG1,-0.02915504184408116,0.010909304860393178,-0.018651556819433465,-0.017259272162231686,-0.0076352983150693,0.089931226303588,0.05140412676032794,0.10052492385378878,-0.008190836590044959,-0.037044191496437576,0.12706417337967316,0.5246105193982237,0.031063570047928715
circ_chr3_12935448_12941865_IQSEC1,-0.018286281889698122,0.007835276476947192,-0.12836977070846728,-0.004898075842079983,0.0009213163624133535,-0.00887190858102118,0.025436776288908586,-0.06448370323305881,0.025155734915510118,-0.020904090297843105,-0.044075134257638676,0.09955251140064407,0.0036961297300452307
circ_chr3_129827803_129832826_TMCC1,0.009830324713008182,0.06336742123435746,-0.018225595197801675,-0.01767698998717759,-0.007542184946397492,0.016202208988669097,0.013111404734170922,0.01279634441086438,-0.15744375575725292,-0.03802413267816324,0.015088854465851603,0.16487700527776206,-0.008183677958092163
circ_chr3_129880309_129880559_TMCC1,0.1790150782433327,0.03646643478360386,-0.12904272060396668,-0.10271707136936699,-0.02400456060215211,-0.010360239350255004,0.06119098352116621,-0.023642809752427187,-0.5895954002506555,0.004096650514577659,0.04829401125536158,0.0214827678739782,-0.0050124970316838685
circ_chr3_129880309_129880562_TMCC1,0.04922933755820329,-0.012582636499782942,-0.003285380822668176,-0.021212452567242357,-0.01572567584518355,-0.007211337494445752,-3.1344753297765484e-05,0.00673501309293541,-0.08014811301435631,0.004284916993192919,0.007307503357889571,0.011960674196868493,-0.003901365979342482
circ_chr3_130930416_130941699_ATP2C1,0.01726352597865317,-0.006590303043576019,-0.0028014941321032843,0.00545024361701769,0.030186304631505147,0.014680292736762022,0.00996575678700731,0.01732634900285322,-0.024955530587439663,0.0007680969138771698,0.01072545154722369,-0.03090250901109082,-0.015992309709556035
circ_chr3_132618634_132631479_ACAD11,0.02176406603851956,0.0054097029384403295,6.881490679906523e-05,0.02904466977808344,0.056694925678730725,0.012289624826545165,0.01734431142493481,-0.0052065787902777945,-0.009608210222143695,-0.011750915622825302,0.0004770621242136798,-0.0071817119798024,-0.01930433881826479
circ_chr3_134158121_134195182_RYK,0.0029528378411883185,0.011156000296796469,-0.013092185674884063,-0.030296287043661267,0.003174535349197206,0.0006375487871379857,-0.01085755212432357,0.04207281403067682,0.006199823775625183,0.0009243046029566172,0.03451802040731417,-0.10617867328923075,0.004011838976439848
circ_chr3_134175609_134195182_RYK,-0.01767577336130244,0.007855555434097187,-0.023072452113912838,-0.01533110473880898,0.052644812366569135,0.018588958523803194,-0.02804304755854525,0.006994576641014275,-0.11953088314038561,0.015922532464166483,-0.018191439872546424,0.026143477918853065,-0.004148801569701475
circ_chr3_134188837_134195182_RYK,0.05564826250109699,0.07892305111420801,-0.14059860108187425,0.00039317305659491693,0.02693452545132098,0.015722904400649267,0.03512566723039401,-0.027928735833410375,-0.6406624373905487,0.0057356776243539355,0.007067891890209601,0.021100308827549843,-0.011158755919211668
circ_chr3_136377660_136423044_STAG1,-0.020125352302966037,0.018929493727815078,-0.012168580817594324,-0.013685504697514103,0.006180114880878538,-0.013485023864957086,0.2426975875130109,0.00023612689617276842,0.17293277942327082,-0.27154457044951485,0.019574531692475795,-0.3392318792067035,-0.045285146866629045
circ_chr3_136980466_136995556_IL20RB,0.001084082355668043,0.028240724262054626,-0.019040103186455437,-0.0007345379409583882,0.0029309579853717604,0.02561275028481788,0.023908116460247646,0.004326674683510923,-0.010858226889336835,0.006313611750557617,-0.0007131726451412219,0.030205428694325756,0.0015250688476107527
circ_chr3_138570318_138571356_CEP70,0.07322003252675544,-0.027085971843856905,-0.011815628735045222,0.00038697359243431887,0.01762447291441658,0.0860017008011811,-0.00868964002075034,-0.016968511246272768,-0.08825365149696332,0.035516374196468276,0.004492526380210087,0.0166652385328467,0.004778844617790603
circ_chr3_138570318_138572932_CEP70,0.10830404306092892,-0.05687617002835051,0.0010700882556784644,-0.030233085115900733,-0.012830924848296872,0.041380702696675105,0.015568503727967605,-0.036488903367617766,-0.09586858991103074,0.03166037389063512,0.009770684641028501,0.006480007347269184,0.017358248955371483
circ_chr3_138570318_138572984_CEP70,0.04222956693932086,-0.020651150099118335,-0.030547745228331463,-0.01499099683061843,-0.08267880540689887,0.021260643032436546,0.009187247906465147,0.018037023762287024,-0.27978838511573406,0.01997237695213649,-0.039559843343914804,0.014825779364384232,0.020417206947123123
circ_chr3_141512163_141540609_RASA2,0.012718312594494739,0.036163920370715266,-0.009858907990147886,0.17622569590707393,0.0387060969004663,-0.0030523574303325356,-0.008899250694140482,-0.0030256032899525823,-0.053659191326653505,-0.046727060556144055,0.01360694255908152,-0.0015450580679852504,0.006969649962387182
circ_chr3_141553857_141559995_RASA2,0.04198194080206759,-0.004958202675472685,-0.006459863220957552,0.19114408878341632,0.009499849373756844,0.0008220231219559354,0.025811457468069874,-0.015540210187021564,-0.019819764826526573,-0.023074476159941466,-0.0030071198956299174,0.054624958550416956,0.024614094316852502
circ_chr3_142093061_142101841_TFDP2,0.005501446286346857,-0.023401886816535745,-0.0018959610974282608,-0.010912516346575992,0.017650135967367652,0.054652881583337996,0.010957899617830133,0.023184767515857286,-0.02447084149217961,-0.0066777698982345216,0.029824291321582777,0.008632372701901382,-0.00903991310417192
circ_chr3_142425222_142426841_XRN1,0.06285671575963576,-0.03716268684184688,0.009038819382059474,-0.016981584213159068,0.035602150406887634,0.003374021881966999,0.017230575911571466,-0.0002097309804810843,-0.029690624725387343,-0.0010015908381054753,-0.018303701369112087,0.00020803720207703596,-0.0008492330131970999
circ_chr3_142664202_142678113_PLS1,-0.018286281889698122,0.007835276476947192,-0.12836977070846728,-0.004898075842079983,0.0009213163624133535,-0.00887190858102118,0.025436776288908586,-0.06448370323305881,0.025155734915510118,-0.020904090297843105,-0.044075134257638676,0.09955251140064407,0.0036961297300452307
circ_chr3_142736379_142748460_TRPC1,-0.0037542914747123075,0.03627359968290803,-0.032791740753260364,-0.026670918315936792,0.017877142746187836,0.02402121366408565,0.0025272508755276473,0.018830788679244637,-0.052819945903294176,-0.0008080952114283348,0.013358002925068885,0.06058901656363693,0.005289072485273514
circ_chr3_143985543_143989837_C3orf58,0.031113009106221022,-0.020665824602718,0.009084597797262369,-0.013641606665663952,0.0373995948455597,0.0024600457266946993,0.006997682299587624,-0.004744574382859436,-0.038306217369896645,-0.003672814613214935,-0.002418286821341308,-6.453921014118477e-05,-0.0056754828607510025
circ_chr3_14443624_14447816_SLC6A6,0.00947158848892847,0.12317428873626253,-0.06694207483396776,-0.015263784669921121,-0.029088200389228828,-0.03230686931389984,-0.004589898363136553,-0.03207251992597342,0.005211321352658389,0.04624055285947614,-0.015049633129425276,-0.005632019317894986,0.019107090269862227
circ_chr3_146102755_146124229_PLOD2,-0.05069969253802897,0.20818666293699142,0.0018730090025603377,-0.22127814412759764,0.03719852848470689,0.06181441510461809,0.08275226824914768,-0.04240720719834069,-0.06049054313432924,-0.0490470248871137,0.008005030426045136,0.04898429211467106,-0.009761464368006538
circ_chr3_146121112_146124229_PLOD2,-0.03061687844498761,0.21311916818326054,0.0020657171314469648,-0.14259733048691067,0.03338085041526667,-0.001973449667809841,-0.010877802702779979,-0.0023544598136082196,-0.40731152293533873,-0.007134214453812125,-0.009809646353059179,0.06518834918312323,-0.0796471773815389
circ_chr3_148827819_148840975_CPB1,0.009173458612375679,-0.01043851214032212,0.02076861206723505,-0.03781050500580489,0.009548779172261799,0.00820592413514869,0.0052077424469457005,-0.003315181662074886,0.006995652537665666,-0.002339023674625815,-0.0029171427032434055,0.004739216458191918,0.0023940231382316903
circ_chr3_149846011_149872154_RNF13,0.01048960486660593,0.0013760342207504099,0.023354277049859335,-0.0567111998989198,0.004450229374113303,0.02212900262590397,0.010229981095772101,0.01447855728896078,-0.12986520103896593,-0.015531310572297367,0.011155960914504553,0.13782997532891772,0.009199802380320503
circ_chr3_149846011_149895560_RNF13,0.002520003770725475,-0.01639491873356456,0.011231883019333547,-0.03356009417065579,-0.003158483666550337,-0.00423905830709617,0.005425713396600901,0.00982652725639825,0.0179970583770824,0.014443162965115275,0.014196399276194427,-0.04066347786373719,0.04614423977006272
circ_chr3_149846011_149912083_RNF13,-0.010577562650914498,0.009927689211706324,-0.0696081150484085,0.0018931088206732458,-0.031345463797807865,-0.022726879747917494,0.019104784235141233,-0.009161507333673893,-0.007831800098966089,-0.08471614053380215,-0.009407994303068691,-0.05084676283607972,0.013468666953296168
circ_chr3_149846011_149921227_RNF13,0.010447226511867554,0.007156885575404127,-0.011985627022774208,-0.019542532553999285,-0.06290741618497829,-0.0448991222316218,0.02420461154739064,0.009777346853828408,-0.03774323461746113,-0.006146872412540772,0.01135073569076593,0.007749230078378728,0.003965051618960541
circ_chr3_149895473_149921227_RNF13,-0.0014095663800787462,0.0014053116035083301,0.0200310537944456,-0.12791213793673173,0.008359403345056898,0.00827412702634459,0.03291711736027914,-0.026186359829513863,-0.1991903605432505,-0.03831990152764814,0.04570549419819642,0.04174744929950927,0.08899890899895145
circ_chr3_149902072_149921227_RNF13,0.0031213084530363963,0.014518782029764936,-0.027052897182337526,-0.01684429323333351,-0.020892911452582305,-0.01593984078275525,-0.009235961536069884,-0.001882409948813448,-0.00020836762893140036,0.030398531788013838,0.005845223378340794,0.10376731553801989,-0.01958589431523575
circ_chr3_150575649_150581746_EIF2A,-0.008517957427396625,-0.021116055378952277,-0.07724164140929787,0.04012789340773221,0.009561089601400745,-0.01981933721961406,-0.03241833714140808,-0.01122616733987783,-0.15249241689309248,-0.06159340499405688,-0.01140170889891596,-0.022020342619582876,0.0001877986084091238
circ_chr3_152414941_152432920_MBNL1,0.04643629624796365,-0.019808940090438626,0.0013675085564625966,0.29141277064909227,0.07843186325190875,0.03789341913785124,0.023768800840664454,0.033488575980159224,-0.1832918125814952,-0.003230531549849393,-0.005701547639749267,-0.03903717630114047,0.012089806366855011
circ_chr3_15411245_15415942_METTL6,-0.005202952072927322,0.06826906431166482,-0.012013779582324864,-0.033353463123686825,-0.012658637726308573,-0.0031459913878233692,0.019479747456390376,0.007941768726529241,-0.004650433478768078,0.0230276077933617,0.011391323158176621,-0.03949938826978684,0.01943697858423561
circ_chr3_155828182_155842619_SLC33A1,-0.018286281889698133,0.007835276476947196,-0.12836977070846733,-0.004898075842079983,0.0009213163624133524,-0.00887190858102118,0.025436776288908596,-0.06448370323305883,0.025155734915510125,-0.020904090297843105,-0.044075134257638676,0.09955251140064408,0.0036961297300452333
circ_chr3_155829688_155834041_SLC33A1,0.04187656332206126,-0.040492875058259825,0.005381284264986291,-0.039829484503478674,-0.02539639909812172,0.00045581918229969595,0.045232364973575495,0.0038867747100311866,-0.12414688409277373,-0.031578490677154986,0.0168873314249237,-0.029906782521126222,0.02254664759839599
circ_chr3_155829688_155842619_SLC33A1,0.0005092539863520722,5.48016401447756e-06,-0.06413010167226477,0.0027204821937102173,0.0005385510320959677,-0.00825524722890542,0.033934667871700665,-0.0553391748975887,0.005400519454214822,-0.01273896706636191,-0.0354373468886075,0.05472410777878721,0.01265658930803085
circ_chr3_155833468_155842619_SLC33A1,0.016563277831782207,-0.12592834627665725,-0.005363260636263504,-0.028030119041103523,-0.05147553799015127,-0.005147235982615922,0.02221270150324037,-0.01654162151390172,-0.01279265003189884,-0.005937424500689772,0.002952119463444597,0.029885413515964927,-0.0038918036841491966
circ_chr3_155893518_155911279_GMPS,0.0146753944919038,-0.0024078417503417323,0.0006705038561768472,0.009128878525916359,0.00479699742006192,-0.014966521405248326,0.009252655161108734,0.007707135741009906,-0.0120525340031235,0.014107105427083762,0.020954568117838076,-0.08048527024461198,-0.012191592340833708
circ_chr3_158122103_158123991_RSRC1,0.08806065483414832,-0.002439637778050526,-0.17898337582665733,-0.03719509486740716,0.19203590012008806,-0.013560025943611253,0.2339584362736555,-0.015364188855875599,-0.6536570127229199,0.02063838287213984,0.03372429122373194,-0.021580319775218168,0.015073151420677928
circ_chr3_161224930_161235212_NMD3,0.0028387219034386887,-0.012706595598227488,-0.04183911387167385,0.05110282253770016,0.03939907016909389,-0.01864106242090334,-0.02906379142744982,-0.01574977486094656,-0.009871936713271155,-0.029807469988331656,-0.008010636217163015,-0.0007093612480257573,0.010545808451979296
circ_chr3_16286342_16303592_OXNAD1,0.009273430395065422,0.01446891596485747,-0.052872496801819165,-0.058461822043802646,-0.003467029129626074,-0.001853755522936891,0.009242446332000432,-0.008910685666089,-0.01828703015834387,-0.003084299565426487,-0.027777991247464502,0.05617130434829073,0.014141207805759715
circ_chr3_16301626_16302748_OXNAD1,-4.1820620960090553e-05,-0.0014533327845296946,-0.020223972859015248,0.06282573734536329,0.021513520929077545,-0.00925476894686331,-0.012213956994690047,-0.012654259139014882,-0.038352259349017336,-0.021693466743781656,-0.005790166233220887,-0.05938210001846716,-0.010943809897696907
circ_chr3_168036836_168041474_GOLIM4,0.07846745903747693,0.02609630550141768,0.01591081394131944,-0.05098134991277191,0.03948610007041142,0.01544130322322234,0.010291674613016721,0.005726789031966216,-0.09932899988926655,-0.024500481522626884,0.012378505712303567,0.03169670893690462,-0.05996400603393034
circ_chr3_169381187_169381524_MECOM,-0.043751823246703424,0.004082631501198282,-0.008140038957353454,-0.021096184533117797,-0.04192014262458719,0.024744434588364048,-0.06184268985470501,0.07713241347537102,0.0006741534623855831,0.0372368312269038,0.025686746709152955,-0.08150508579224207,0.045570073508811676
circ_chr3_169976946_169988359_SEC62,0.12220846277755185,-0.03638348790613154,-0.0026450284234200176,-0.018893413242632336,0.004833254986954621,-0.009026669157401539,0.053237882068212034,0.09688887863867023,-0.36676892556454843,-0.0019237318163582123,-0.04625482642537301,0.048754320018463915,0.018744100870778848
circ_chr3_170113360_170122744_PHC3,0.027908930568816413,0.020086936917926842,-0.0024746897572284847,-0.008385155873610077,-0.0022075098122522293,0.005502200239549662,0.0015484106107339288,-0.007464293266857735,-0.005337302082680138,0.024885275211336648,0.01736207082677065,0.0369544036590922,-0.013415440531295987
circ_chr3_170136419_170145521_PHC3,0.007107087189885427,0.007776221513285182,0.03291754692717132,0.0038736734994617695,-0.009061121108380638,0.0027975263236160136,-0.012619668644796906,-0.010576290285408393,-0.007177884503139698,-0.006507367252999241,0.0005967326955618486,0.0160627395239863,-0.019482215319466565
circ_chr3_170136419_170149244_PHC3,0.19371319385921837,0.007832416279864802,-0.17963343363600326,0.0009795130497201735,0.27088836943329947,-0.023915154453494562,0.0020414222748735013,-0.016810314919059287,-0.4284114738994949,-0.017825913050278513,0.044840756063820084,0.1833744248310219,-0.026955955122088017
circ_chr3_170136419_170178938_PHC3,0.034463641026860246,0.0040608262546621456,-4.249768667658866e-05,0.2868689138287392,0.03868827484320643,0.0052073328240508105,0.022118870122103916,-0.0004387876093708426,0.07770129503034691,-0.009579948205749214,0.005611089066392769,0.03217644462713802,0.005964539561237874
circ_chr3_170145423_170149244_PHC3,0.07481042250354139,0.07843166284651203,-0.03223017252503494,-0.18496616893950837,0.0678525869031948,0.003090653921748796,0.07026560115546714,0.02092187838876306,-0.5980545912397179,0.004292203626111523,0.01152388621920404,-0.01331565029296215,-0.05511469352988898
circ_chr3_170171373_170178938_PHC3,0.034463641026860246,0.0040608262546621456,-4.249768667658866e-05,0.2868689138287392,0.03868827484320643,0.0052073328240508105,0.022118870122103916,-0.0004387876093708426,0.07770129503034691,-0.009579948205749214,0.005611089066392769,0.03217644462713802,0.005964539561237874
circ_chr3_170359699_170361429_SKIL,0.050200589431534125,-0.014765316288802472,-0.01139058026823315,0.011610131105149829,0.08602980245760658,-0.020059066223059863,0.00015456975175215317,-0.03051999932237563,-0.15580440643326768,-0.01062613896315896,-0.016569401210253718,-0.1221155863717133,-0.0052828353492513115
circ_chr3_170359699_170384765_SKIL,0.003824771058664731,0.010011856863977216,0.03505835316762228,-0.024032438178092173,0.0050057089456303355,0.0027450520146952827,-0.005332388730766322,-0.010126446641424498,-0.025348861082353062,-0.016308012317640123,-0.0067079684239471265,-0.0056008817619713465,-0.001777983115294553
circ_chr3_170359699_170391260_SKIL,-0.004982254899442221,0.08685128869964635,-0.003252722916899166,-0.20368643678583376,-0.004759933249037424,-0.0002564831353721877,0.01366034949204661,0.020875321120813282,-0.025050657902240356,0.04484202887504604,0.019824162888627747,0.010456155897165205,0.0193409546777573
circ_chr3_171188702_171194635_TNIK,-0.0030812656042554566,0.027588136311119053,-0.12653842053155195,-0.01818532130612959,0.07029893448332836,-0.0007307881680247171,-0.046384784326717075,-0.043681810377671465,-0.06268937941362922,0.004897067965335568,-0.0036769135043056727,0.024519434938204035,-0.018017422263509317
circ_chr3_171642840_171677694_PLD1,-0.027444456820186015,0.008985209632974103,-0.026271338218027306,-0.02550525055928732,-0.0011873995697816132,-0.00827357389088408,-0.00789050961025594,0.0054242773500877825,-0.09299382664387827,-0.026381466482586446,0.0017635755977336708,0.010125429337205668,0.033845237327614894
circ_chr3_171642840_171692442_PLD1,0.01244207668142611,-0.008580985595433655,-0.018186290226256563,-0.010205203437956872,-0.030859932450309963,-0.023738298602371546,-0.017948119684960046,0.013263088149167013,-0.06790400060182611,0.0033389955348089276,0.007589667535300802,0.0001557590120779122,0.0017784414356709624
circ_chr3_172112452_172133546_FNDC3B,0.0087713168360767,0.022722243853994118,0.010696617581222296,-0.19440328527418585,0.08799965971835276,0.004087205424739667,0.03294836797123113,0.20693080716697124,-0.5019409982799118,0.004172499062534048,0.04838872652970332,-0.030076895734331328,-0.011467544657821484
circ_chr3_172112452_172226947_FNDC3B,-0.00835666022581287,0.02388504997596474,0.0071373794927141266,-0.027206199523513094,0.038931484581890975,0.039014475012287185,-0.009172721237199912,0.014853123919157716,-0.34131211921961896,-0.0021828924149455285,-0.00018786247735886846,0.031570421063662035,-0.017223703236016623
circ_chr3_172112452_172251541_FNDC3B,-0.018286281889698122,0.007835276476947192,-0.12836977070846728,-0.004898075842079983,0.0009213163624133535,-0.00887190858102118,0.025436776288908586,-0.06448370323305881,0.025155734915510118,-0.020904090297843105,-0.044075134257638676,0.09955251140064407,0.0036961297300452307
circ_chr3_172247533_172251541_FNDC3B,-0.0022368594322893284,-0.017261963857351785,0.025773948915470565,-0.033627656132054,0.10890616333229115,0.0011418716403282106,0.010363644831758098,0.028242307170500712,-0.0606023746562563,0.023630108600758273,0.003924228074734937,0.08444862840672487,0.011473858087931277
circ_chr3_172247533_172285984_FNDC3B,0.028754449847273978,-0.05552523938876396,-0.002272487076339787,-0.002413338138917762,-0.010923362652064094,0.01653008019005303,-0.003676334280657322,-0.010706509089398323,-0.36229975702489414,0.02892122174421656,0.04454346050265829,-0.0028219511962460746,-0.06707031949348138
circ_chr3_172251260_172298787_FNDC3B,-0.02660482602612874,0.024833819516587686,0.012020065459090035,-0.06234401221128192,0.01940500542130997,-0.010034745736280251,-0.027693961662204686,0.017062521357472188,-0.06168050736955195,-0.0011455431696492028,-0.004499174491162706,-0.00892475439279471,0.03168598891539874
circ_chr3_172251260_172307501_FNDC3B,-0.055838195885373455,0.050290984281468935,-0.03557663593568669,-0.03328322445927866,0.011938260069184513,-0.04811335938428995,0.050854382309109936,0.050703178638011034,-0.011800562196916522,-0.01811462471453756,-0.017206929324260146,0.09436134341314996,-0.03600352887680135
circ_chr3_172251260_172310881_FNDC3B,-0.022630677069453986,0.17605126712021388,-0.005856071113333149,-0.2636784659295479,0.04795835486135869,-0.004602445759686042,0.12023747745094747,0.028667138530421115,-0.3818531807175646,0.004577535545282898,0.01924576308829143,0.17055650416203838,0.033876394636852804
circ_chr3_172285926_172298787_FNDC3B,-0.014034721543521983,0.014499285796013344,0.0064628257606078356,-0.0265149889428479,0.01706580261829178,0.0037663151209470056,-0.03456481404367412,0.01026179390850016,-0.061839812487557266,-0.00797976590884509,0.005822143094497942,0.008384973605999468,-0.0005857053462385861
circ_chr3_172285926_172310881_FNDC3B,-0.0010813432892956608,0.03959345829743112,-0.00735198513377672,-0.05724746174410552,-0.00569905679639161,0.015030830127420715,0.0032113282752396126,-0.0007017979974639097,-0.004890058433930161,-0.01858701954882085,0.0001724738353584662,0.013709629970941783,-0.002122131582106478
circ_chr3_172295363_172310881_FNDC3B,-0.011323769727240246,0.011795702593186567,-0.14479604147951503,0.011678595688887473,-0.016030031842237488,0.01221579299932234,0.028309770789107458,-0.006978157463557842,0.0034868988695248974,-0.016892724232087642,-0.012373555139585997,0.04124033179924318,0.0037100022055029545
circ_chr3_172362633_172381093_FNDC3B,-0.05271814156392577,-0.00688594429822497,0.03422756979991174,-0.0268316492515544,0.03178938718156314,-0.23805678150911316,0.05434389056734318,0.18789768855201183,-0.04026877664131668,0.0030188052675658938,-0.027558308817998787,0.180733181406767,-0.051039195150878264
circ_chr3_172645623_172648114_NCEH1,0.0064768460889857125,-0.009740489910782952,0.03590788407106895,-0.04294959107628358,0.05105070208868707,-0.011304086174516167,-0.023076007765308555,0.0031568148006506725,-0.05463512406493965,0.005658512878677336,0.015837921548848277,-0.012196387376973454,-0.010394002378791413
circ_chr3_172760156_172764500_ECT2,-0.003250461947443594,0.010641036198017354,0.023582621285022764,-0.013961817762717878,0.021077649781939337,0.009272053336634743,-0.034174062310603624,0.008541111761205774,-0.019826635899041187,0.004607876470260501,0.00577407332133395,0.004032628951059904,-0.018328195824230314
circ_chr3_172760161_172764500_ECT2,-0.0032504619474435954,0.010641036198017356,0.023582621285022774,-0.01396181776271788,0.02107764978193934,0.009272053336634747,-0.03417406231060363,0.008541111761205776,-0.01982663589904119,0.004607876470260502,0.005774073321333952,0.004032628951059905,-0.018328195824230318
circ_chr3_172761610_172764413_ECT2,-0.003250461947443594,0.010641036198017354,0.023582621285022764,-0.013961817762717878,0.021077649781939337,0.009272053336634743,-0.034174062310603624,0.008541111761205774,-0.019826635899041187,0.004607876470260501,0.00577407332133395,0.004032628951059904,-0.018328195824230314
circ_chr3_172761610_172764500_ECT2,-0.0032504619474435954,0.010641036198017356,0.023582621285022774,-0.01396181776271788,0.02107764978193934,0.009272053336634747,-0.03417406231060363,0.008541111761205776,-0.01982663589904119,0.004607876470260502,0.005774073321333952,0.004032628951059905,-0.018328195824230318
circ_chr3_175447229_175471758_NAALADL2,0.012773036540365814,-3.7137803751063474e-05,-0.0034989877829900346,0.02282065673173109,0.04238288099625907,-0.007603498757321959,-0.009232414207440153,-0.010774404904803808,0.0689094359418364,0.003226526970905089,-0.001978345511525947,0.01628112859915231,0.014549000706035275
circ_chr3_179203544_179204588_PIK3CA,0.026448599655253074,-0.0031775369096205815,-0.004919826711817572,0.24600734133572796,0.008211522598042531,-0.002944993319387936,-0.0071121602982540544,0.00547814022548735,-0.048016129273668315,-0.015051280755329025,-0.0010915533668485332,0.01997803025467275,0.024598247330760912
circ_chr3_179378341_179392104_MFN1,0.0005827763591149643,0.11097796145293298,-0.007727531332629172,-0.011148120712728055,-0.029507705575355914,-0.05093330167415929,0.0038319023744881205,-0.06838129663315635,-0.003936898297742789,-0.01780006968545865,-0.014759837125110918,-0.032456547256499775,0.04389242634663469
circ_chr3_179413412_179419505_GNB4,0.1229094497598079,-0.011501774287146844,-0.005322642275505908,-0.03126931157072039,0.029006432642988224,0.038576471839716985,-0.0003186686067702593,0.023600590186621632,-0.3022812528306175,0.019667510632812652,-0.0008731547846077588,0.03580912456214038,-0.017670934871180002
circ_chr3_179592644_179601790_MRPL47,0.0038789712005763482,0.02979550286861922,-0.03069489619915702,0.010684643303879877,-0.0005709455145984981,-0.013002087812632913,-0.002745031947838932,-0.01775637812727417,-0.24432666571913342,-0.019643819794965607,-0.020018657074898524,-0.007106587145809042,0.01784970443227448
circ_chr3_180947865_180949343_FXR1,0.013256306319476887,0.03941678803209043,0.010339984995764887,-0.006983821294534865,0.023898353698358975,0.0013618822836282648,-0.006048428288862527,-0.003382116049544965,0.02299020297857882,-0.012106603552331547,-0.003645576741132412,0.01513218752716427,-0.005958959963812941
circ_chr3_182836035_182913994_ATP11B,-0.0006561198348260681,0.009527868324663744,0.016442253075109235,0.008547382413574589,0.07436500570552372,0.0095341845784164,0.003303527159952532,-0.005737073304747669,-0.0265964415032957,0.0071983141949654725,0.012652905874362567,-0.030476885160230498,0.010456528801041916
circ_chr3_182884753_182887713_ATP11B,-0.006993123208879875,0.007385003673260548,-0.051426551084266886,-0.012751871165281753,-0.012645160720537705,0.003090767452671004,0.007970537774897347,-0.043157523163610774,0.02396924868200419,-0.01788269835231248,-0.02918780590114363,0.05839167200233979,-0.01644866614164121
circ_chr3_183070999_183071357_MCCC1,0.030480843628910112,-0.03971684415533155,-0.00463268526949123,0.009679783730544348,0.03750921528502333,-0.008951959040027487,-0.0023321711726922998,0.0009497819107717879,0.015310964853050424,-0.003010535248910489,0.012454097589258686,0.008649270915260361,0.04876474307837705
circ_chr3_183643480_183651276_KLHL24,0.08907622032812706,0.004725358511140465,-0.026697914256841888,-0.03853135828562424,0.023030833335294584,0.010135029659247419,0.03819265358513311,0.034675775073999084,-0.3123976913942851,4.9654132747875114e-05,0.02347530014499769,0.011272480840131844,0.03123330434075753
circ_chr3_183643480_183672484_KLHL24,0.007112534363058871,0.008655283715101885,-0.03309053563848945,0.003073911598662878,0.02561460781145088,0.004387852473722283,0.01566598787018734,0.0046750825903242536,-0.03237958989353896,0.06647275881661181,0.06305488966090311,-0.0504345253270027,0.04319979738782813
circ_chr3_183650296_183651276_KLHL24,0.0038504277560021524,0.0036761158236421113,0.007302779283959348,-0.06047265605805786,0.025695434185051998,0.011097238729476783,-0.01165933450678069,0.013273423934187054,-0.06944306214372531,0.012782893042584073,-0.006041775238094923,-0.020472668186005155,0.017163532464911205
circ_chr3_18378170_18420991_SATB1,0.16335691599267227,-0.17322353865983292,0.01670502874456824,-0.19009914545370896,0.00430503310679657,-0.010352194489624825,0.030003194610858413,-0.01745048260334787,-0.07974220013123275,-0.01337305912290916,-0.020161559257325448,0.04949669041968626,0.005430024543309504
circ_chr3_185437447_185443636_MAP3K13,0.007667047719370564,-0.005797320310078953,-0.029384292458354815,-0.01306886454498866,-0.02859246949390061,-0.003972914704190548,-0.0007066245081710319,0.0013532137358751141,-0.07277527252916975,0.028675734431302394,0.00738976303387258,0.09311101618287991,-0.01907154346826363
circ_chr3_185921104_185922126_TRA2B,0.04487941147505599,-0.01605282867422817,-0.0013376841410016843,0.006203237084033249,0.02677961991687943,0.009870305833964787,0.010299305726279222,0.003907795380180325,-0.00857904456950332,0.0004234751625361048,-0.010234985979060909,0.012072519928251903,-0.00845971829560476
circ_chr3_185921104_185923984_TRA2B,0.02685864449208326,-0.008806218976135205,0.006199030023544602,0.012033755895077693,-0.00038544823492538523,-0.003469427945284289,0.018673645232377415,-0.009943205831759533,-0.021232153342105684,0.0016463528873469691,-0.007251472822211041,-0.009097864227628883,0.01677150795567004
circ_chr3_188609161_188609844_LPP,-0.001307934359237888,0.005353027216649524,-0.0035640528659594325,-0.01138494092873829,-0.01313433891060177,-0.018189909056914432,-0.016095360660605018,0.011001824081821349,-0.03998285789445782,0.0001723200081979086,0.00921643793235996,-0.024201338831520636,0.01714532910549885
circ_chr3_191357088_191361159_CCDC50,0.034463641026860246,0.0040608262546621456,-4.249768667658866e-05,0.2868689138287392,0.03868827484320643,0.0052073328240508105,0.022118870122103916,-0.0004387876093708426,0.07770129503034691,-0.009579948205749214,0.005611089066392769,0.03217644462713802,0.005964539561237874
circ_chr3_194425342_194431892_ATP13A3,-0.018286281889698133,0.007835276476947196,-0.12836977070846733,-0.004898075842079983,0.0009213163624133524,-0.00887190858102118,0.025436776288908596,-0.06448370323305883,0.025155734915510125,-0.020904090297843105,-0.044075134257638676,0.09955251140064408,0.0036961297300452333
circ_chr3_195295708_195302174_ACAP2,0.02685864449208326,-0.008806218976135205,0.006199030023544602,0.012033755895077693,-0.00038544823492538523,-0.003469427945284289,0.018673645232377415,-0.009943205831759533,-0.021232153342105684,0.0016463528873469691,-0.007251472822211041,-0.009097864227628883,0.01677150795567004
circ_chr3_195342471_195392147_ACAP2,-0.060059502850060356,0.01517168367956049,0.005443741838652857,-0.028463030368487113,-0.002577664144164668,-0.21848765195319966,0.19588255001190527,0.08039123120449773,-0.016948708394342076,0.04056682704251072,0.027582770582634673,0.05882725818920791,-0.011864557592035673
circ_chr3_195381009_195392147_ACAP2,0.07299107526560038,0.01102719990056527,0.004353413362246525,-0.0051062749703201776,0.008526313245743732,-0.005390727384766665,0.05099533520758522,0.037878020353507943,-0.47508553213870447,0.09668207130149485,0.024904191126794113,0.288930316888569,-0.004416106915033903
circ_chr3_195878253_195888606_TNK2,0.0034114624567632814,-0.019895765339356494,0.02825454419006451,-0.019466400193086122,0.011039377715675744,0.0015336100709813824,0.0071971960173903725,0.010527412806856061,-0.032232281128343435,-0.011158269632002072,0.014778370591388654,-0.010328030830729265,0.004295566309312149
circ_chr3_196270415_196283538_PCYT1A,0.034463641026860246,0.0040608262546621456,-4.249768667658866e-05,0.2868689138287392,0.03868827484320643,0.0052073328240508105,0.022118870122103916,-0.0004387876093708426,0.07770129503034691,-0.009579948205749214,0.005611089066392769,0.03217644462713802,0.005964539561237874
circ_chr3_196391813_196403019_UBXN7,0.1766663614701363,0.032493917477799124,-0.0007630941684467688,-0.03735127715367317,0.04267753602727704,-0.019342817805951196,0.10070440841436999,0.049993155018239734,-0.4758159558104482,0.03720322010495549,0.04516981736400281,0.04590571157148604,-0.01563885355623834
circ_chr3_196487399_196488683_RNF168,-0.02754481199723695,-0.008517062765353614,-0.14833629618280714,0.007706980578318231,0.02035514234849828,0.010403760630698757,0.0011165169254217858,-0.025227087405104553,0.004405595689962212,-0.024688531533972182,-0.021106663740812295,0.025587712494876243,-0.03181316048215523
circ_chr3_196806579_196807914_PAK2,0.004464417757445548,0.04385327718863865,-0.015092951533837901,-0.027932645223370505,-0.027542274173239158,-0.016848608440937485,-0.003606823878897091,-0.021260972650334404,-0.06468488595376995,0.02441556947930684,0.005902986330842826,0.08176015392522712,-0.010701395325837451
circ_chr3_196806579_196812851_PAK2,0.01599712636817828,0.002847629081173604,-0.011494028740049666,0.11210876759437301,-0.002120124855230109,-0.0020796507480347897,-0.007303199526886411,-0.023992660801812293,-0.056210546396458526,0.018176546002655905,0.010823521429126072,0.008899606720280397,-0.011199170322096818
circ_chr3_196899666_196900412_SENP5,-0.018286281889698122,0.007835276476947192,-0.12836977070846728,-0.004898075842079983,0.0009213163624133535,-0.00887190858102118,0.025436776288908586,-0.06448370323305881,0.025155734915510118,-0.020904090297843105,-0.044075134257638676,0.09955251140064407,0.0036961297300452307
circ_chr3_197104903_197119530_DLG1,-0.06358328570137635,0.02502776401781077,-0.06593523972477527,-0.03491342707017385,0.00827239409356944,0.046149638599893135,0.03511783900200951,0.02302753262457693,-0.053961569725454725,-0.048955101080357416,0.02598333052697632,0.12509017258929833,0.0004734719856112164
circ_chr3_197115927_197119530_DLG1,-0.1192398817447481,-0.013512196009650885,0.012603568774619793,0.0335205844659366,0.08168599080927047,-0.7310046415340526,0.26974656000087943,0.5368815376700206,-0.01022571926993291,0.027114782784252674,-0.09658773424603602,0.39397526084145706,-0.2294893958137131
circ_chr3_197814908_197820430_LRCH3,0.10519489505898695,0.1255559299116769,0.0017301194811723416,-0.011014053588899278,0.012883002408329857,0.017359240808625186,0.08871601849316564,-0.003546455505237646,-0.531492823270172,-0.016630797674954626,-0.010147200779761787,0.057052190119496554,0.03915845754074871
circ_chr3_197817176_197820430_LRCH3,0.007107087189885433,0.007776221513285187,0.03291754692717131,0.0038736734994617725,-0.009061121108380643,0.002797526323616014,-0.012619668644796902,-0.010576290285408399,-0.007177884503139697,-0.006507367252999243,0.0005967326955618469,0.016062739523986305,-0.019482215319466555
circ_chr3_197830770_197839397_LRCH3,0.058587752833277384,-0.005911954260201788,0.019609283451306067,0.04983417479569289,0.028621876666558802,0.010603536566266334,0.010622594363373197,0.010790459907945244,-0.35746323306989786,-0.017588697001995807,0.0048447768828835365,0.0010647004688218219,0.013463749500818856
circ_chr3_197830770_197866219_LRCH3,-0.001745945985867713,0.010309266105515167,-0.014319258935792487,-0.010203366317980935,-0.012300953606524436,0.02050131655906472,0.030571861956106835,-0.0039054214451724294,-0.008910259953940878,-0.015636342949859574,-0.007048062951851756,0.02765469683579488,-0.014915223806638327
circ_chr3_197865423_197866219_LRCH3,0.07372676360018766,0.007345219184655459,-0.006222169481179114,0.031645022025248715,0.017952608212355677,-0.006991856295837776,0.00317526686805324,-0.013517620809349266,-0.009592745603727117,-0.0001654800535993253,0.0006359533466668878,0.06368838994660084,-0.007305535160099642
circ_chr3_197865423_197875775_LRCH3,0.07292491960821675,-0.10211734506083711,-0.08786490090390373,0.0003386225613498747,0.08113946136498666,0.020323959591332857,0.17206149533488485,0.1841011980589363,-0.3799004068439093,0.06588326649310934,-0.01612883028787209,0.20316925096358165,0.08870922633014615
circ_chr3_197866112_197871462_LRCH3,-0.01994668489890071,0.004209465500406575,0.04771560323763425,0.16082636230681852,0.03634667401363076,0.04663419276479896,0.05052559635428543,0.004852096957989772,-0.22381305563742696,0.002438820049407146,-0.06883009680504436,-0.02638073662847573,0.04420004174828209
circ_chr3_27448651_27452498_SLC4A7,0.05090640328515486,0.0013476980133887689,-0.0091535522304886,0.04419507352721048,0.013871192002495224,0.005851109305434492,0.010570923300086365,-0.015329248851025464,-0.04089956515855013,-0.02152567652040611,-0.00017109298342826896,0.03074933700290542,-0.018579258224876827
circ_chr3_28435110_28492173_ZCWPW2,-0.018286281889698122,0.007835276476947192,-0.12836977070846728,-0.004898075842079983,0.0009213163624133535,-0.00887190858102118,0.025436776288908586,-0.06448370323305881,0.025155734915510118,-0.020904090297843105,-0.044075134257638676,0.09955251140064407,0.0036961297300452307
circ_chr3_30644747_30650460_TGFBR2,-0.014811783723298432,-0.014750435147324891,-0.018498877721331557,0.01018694007341423,0.05592226653633588,0.02658608296221877,-0.02366696229469543,0.015721265177041706,-0.009890210031300542,0.016090974727737357,0.013722449226861135,0.08355280452871823,-0.021078006377386136
circ_chr3_30671638_30674246_TGFBR2,-0.0013079343592378872,0.005353027216649522,-0.003564052865959431,-0.01138494092873829,-0.01313433891060177,-0.018189909056914432,-0.01609536066060501,0.011001824081821349,-0.03998285789445779,0.0001723200081979081,0.00921643793235996,-0.024201338831520647,0.01714532910549886
circ_chr3_3137260_3144710_TRNT1,0.01403234441355734,0.04643286787283565,0.010678301777741102,0.04474638327320177,-0.012423004884100551,0.0047689326290075605,-0.0030929305187526487,-0.0016544211244304053,-0.21364707340684871,-0.00982311251467853,-0.012298135299885318,0.018315353693601943,-0.01802162623246557
circ_chr3_3156219_3174261_CRBN,-0.003567155371454918,0.02689643105380624,-0.03734922055505536,-0.005454642909764786,-0.03211626985613845,0.020185910468465466,0.01991615888631513,0.02457433203527326,-0.1917493741747843,-0.034506043222563426,0.015230016304083868,0.16784117775730836,0.06992960272159937
circ_chr3_31576396_31580096_STT3B,0.10838784408232159,-0.013327507590677742,-0.01277240554163478,-0.0283309305004078,0.0030432344731675795,0.013583354164129098,0.0618127058741227,0.008456822977879828,-0.8602811445510902,-0.01625886281691175,7.835908101441334e-05,-0.045424678806117474,0.05850870083130696
circ_chr3_3167634_3175269_CRBN,0.012765994475528316,0.0057455752032674065,0.00465490654286073,0.013016081668821572,0.02520363322564246,0.00031703449818086435,-0.013046508146933571,-0.0075009237632735065,0.04320021607642987,0.015760363737151856,-0.014250369697911526,0.021626877563802712,0.005120801918267078
circ_chr3_31876433_31879830_OSBPL10,-0.02915504184408116,0.010909304860393178,-0.018651556819433465,-0.017259272162231686,-0.0076352983150693,0.089931226303588,0.05140412676032794,0.10052492385378878,-0.008190836590044959,-0.037044191496437576,0.12706417337967316,0.5246105193982237,0.031063570047928715
circ_chr3_32541037_32545965_DYNC1LI1,0.01244207668142611,-0.008580985595433655,-0.018186290226256563,-0.010205203437956872,-0.030859932450309963,-0.023738298602371546,-0.017948119684960046,0.013263088149167013,-0.06790400060182611,0.0033389955348089276,0.007589667535300802,0.0001557590120779122,0.0017784414356709624
circ_chr3_33068230_33068970_GLB1,0.041570457080324204,-0.004381640603462616,-0.02309508216650784,0.16466770528364338,-0.001626542593717129,0.020916184464266702,0.06777615378138677,0.01137194340536272,-0.04760145713263226,-0.047224447667868076,0.0031945459638200602,0.00926585571633017,-0.019046110643813372
circ_chr3_33684359_33696933_CLASP2,0.1261276617297237,-0.0021875308020358813,-0.011240930027998745,0.03871269903828463,-0.005371835780811238,-0.0006477111930507565,0.054611534592957506,-0.03231876047493986,-0.5444511735360607,-0.007473840967166404,-0.007322424081755384,0.05000994575284009,0.01773594761163778
circ_chr3_3777725_3789074_LOC100130207,0.08677834463604663,0.01107321401423605,-0.08415599636488436,-0.07035638947148912,0.0957909345104477,0.01327732196083328,0.01089408252487816,-0.0695706099341579,-0.12474942273592557,0.0184670343797503,-0.0027141895964980798,0.07920118698159408,0.04277262047600727
circ_chr3_38221578_38230430_OXSR1,-0.02915504184408116,0.010909304860393178,-0.018651556819433465,-0.017259272162231686,-0.0076352983150693,0.089931226303588,0.05140412676032794,0.10052492385378878,-0.008190836590044959,-0.037044191496437576,0.12706417337967316,0.5246105193982237,0.031063570047928715
circ_chr3_43299754_43303792_SNRK,0.14203369872598623,-0.0014899780548941826,-0.10082752678943849,-0.028323005272281744,-0.03760514327328455,-0.003928713178296553,0.024397678027596167,-0.0011261139905702825,-0.31587476500884437,-0.0427715749600615,0.0037678470210678917,-0.005877262013269288,0.04647592413315111
circ_chr3_4410865_4420146_SUMF1,0.0032635012001685304,-0.015589042205564823,0.010149447911795773,-0.01576152644299369,0.08804937430364405,0.020453543507320156,-0.02297764423779158,0.009940078046013818,-0.03233737214644124,0.009224370947728164,0.007614000496012949,0.04370390747851409,-0.02090295908219931
circ_chr3_47037666_47067118_SETD2,0.009440501692354785,0.003264199033449181,-0.012312734122665444,-0.06214184646457516,-0.04807679480857692,0.018431502073982437,0.039865923366853795,-0.0014471058152643686,-0.03141125793011227,0.012942894238010282,0.004698153662892509,0.022623032810673578,-0.017881146621386183
circ_chr3_47056821_47067118_SETD2,0.0004258344974972936,-0.04119591040295944,-0.007758914823999882,-0.006810801644863432,0.015336147644701509,0.015967669558931107,-0.014430152147350427,-0.014519510867827344,-0.3260911580175589,-0.019913420604488134,-0.04441390528277241,0.06885713461978478,-0.011420804929284573
circ_chr3_47067070_47098081_SETD2,-0.005519592737264403,0.1054473726922508,-0.0032391595968204465,-0.04115009261860465,-0.01731308826569254,-0.026640881850869644,-0.017646207492114846,-0.018145670949509307,0.0035567766835691264,-0.035869382807484515,0.00061724313229724,-0.039705275889735804,0.02429301181041209
circ_chr3_47097955_47103423_SETD2,0.0070967872320841655,0.012883044687206278,-0.0500870258431221,0.008653049865921329,-0.004890072472026461,0.003885701775364043,0.020116365526875225,-0.08448644925671771,-0.016700317171110535,0.011566974581241828,-0.015377543335717113,0.0835760695511676,-0.015952651430887924
circ_chr3_47097955_47106120_SETD2,0.10284463026005139,-0.0817167560094886,-0.016199432013108302,0.015855121353936293,0.027332617638360257,0.029737305887305953,0.0034734385641735093,0.024088719671635724,-0.6607756647890437,-0.00039157299384024743,-0.027724020469461843,0.044789187525440366,0.017466842836249986
circ_chr3_47425485_47428670_SCAP,0.045928810249797426,-0.09917744116973583,0.010804503206869438,-0.0736445810415692,0.011957912261901989,0.0010862189463849438,-0.003701117945288031,0.006509863647486219,-0.4008997232927709,-0.007236595367502325,0.014764090371072233,0.13729709409444604,0.00682175425823673
circ_chr3_47678198_47686170_SMARCC1,-0.004482475095777271,0.07685248550517496,0.0011387083746512451,-0.013196138619011043,0.036271003970705686,0.015985201350502676,0.03905294477913319,-0.0033313662430543805,0.0009757513070657161,0.029013811413580504,0.01395297811332466,-0.045976564593796246,0.014336049506512754
circ_chr3_47686049_47693300_SMARCC1,0.007918035828584916,-0.022649034260575098,-0.02662652153685402,0.03662422920691774,0.006269356020410393,-0.014759308518644921,-0.005242896115635011,-0.01577145627360486,-0.11412190506303264,-0.03256154565120236,-0.012312237192964353,-0.02160126097992125,0.011948671069304263
circ_chr3_47720666_47745993_SMARCC1,-0.018286281889698122,0.007835276476947192,-0.12836977070846728,-0.004898075842079983,0.0009213163624133535,-0.00887190858102118,0.025436776288908586,-0.06448370323305881,0.025155734915510118,-0.020904090297843105,-0.044075134257638676,0.09955251140064407,0.0036961297300452307
circ_chr3_47914817_47977933_MAP4,0.004246176905138712,0.008529642412347722,0.010882073240225094,-0.002558614416011146,-0.0015429983272029807,0.008312275717443196,-0.008808821182736983,0.0001909422681654227,0.0015688443820789885,0.019484026391768477,-0.018547404693160494,0.014028275465979555,-0.007194255687550103
circ_chr3_47918719_47921878_MAP4,-0.018286281889698122,0.007835276476947192,-0.12836977070846728,-0.004898075842079983,0.0009213163624133535,-0.00887190858102118,0.025436776288908586,-0.06448370323305881,0.025155734915510118,-0.020904090297843105,-0.044075134257638676,0.09955251140064407,0.0036961297300452307
circ_chr3_48689538_48691482_IP6K2,-0.006120518173280167,0.01140143139617632,-0.03611816496559978,-0.006247221527676612,-0.0007388797779628576,0.0014157246147058675,0.007048056372854455,-0.03509922209086911,0.018076987982967346,0.0037345250170579725,-0.04344352002233597,0.06913399101472786,-0.004270024240800816
circ_chr3_48979482_48980496_ARIH2,0.003436383734983918,-0.017758796538046854,-0.007927213477367977,0.01611938174613633,0.017409550283149736,-0.07242361879488042,-0.01198490724842335,-0.11916909005897396,-0.07161210887000789,0.04515832878035839,-0.008785618745630297,-0.1347288962336686,-0.0003571228922164199
circ_chr3_49324702_49325845_USP4,0.0017920109648170476,0.04999319432558532,0.012400870880513634,-0.004957257643283587,0.03007385196904535,0.0006658775812204873,-0.008250274330184054,-0.002632954200119543,-0.02494326475836415,0.004452168768440812,-0.0035708633157229453,-0.047936633352286526,-0.010541356828705117
circ_chr3_49967470_49975392_RBM6,0.0011401833380640695,-0.007159056940889706,-0.06725384548317964,0.25860847084008104,-0.02828848772120112,0.0046325438755476615,-0.0004149760534308239,0.012651700561577708,-0.2370566197686953,-0.03048183974427619,0.013651089740034828,-0.011289108788363669,0.00440227923894268
circ_chr3_50065031_50066502_RBM6,0.09719770314137675,0.005186606590250346,0.005414356813866763,0.09636179498815442,0.04406760834268651,0.0443945367036431,0.017277290288700446,0.01004724886292053,-0.30782007023355856,0.01962537614086629,0.03194292960886881,-0.08508703848389469,0.03387247736052558
circ_chr3_50105077_50105709_RBM5,0.006631065974918246,0.03644402431863928,0.005998151760512342,0.017683995844292852,0.005172165973265481,0.006551942163216772,0.008375407241005472,0.0030705757594107113,-0.16587701167335822,-0.003411811297105859,0.004547880337671912,-0.016071044622039305,0.007067150361650495
circ_chr3_50108070_50108304_RBM5,0.016621453211871993,0.0030722599260490494,-0.0003027532641306266,-0.00444830600598046,0.007018233213027416,-0.0006802775042618166,-0.011914037611949544,-0.00019867706737324142,0.014422508448722404,-0.007705035309333326,-0.013301191559586086,-0.039736663791149915,0.0020557367240898565
circ_chr3_50113383_50114251_RBM5,0.007107087189885427,0.007776221513285182,0.03291754692717132,0.0038736734994617695,-0.009061121108380638,0.0027975263236160136,-0.012619668644796906,-0.010576290285408393,-0.007177884503139698,-0.006507367252999241,0.0005967326955618486,0.0160627395239863,-0.019482215319466565
circ_chr3_51541589_51590559_RAD54L2,-0.01916208080966514,-0.012233846291731788,0.005801043585694869,-0.015797489736058136,-0.024083113701199605,0.026271449467880525,0.10015413858825131,-0.061390139880220726,-0.035000433896232,0.04156403680415555,0.13165238793780842,0.0023038847254500633,0.023692974941748653
circ_chr3_5174017_5174414_ARL8B,0.1260373117366114,0.03543137973381268,0.04143166203427438,-0.04224317847807362,-0.007682608064290586,0.02177701719957053,0.06410738726325725,0.041697227837904534,-0.3555214328987327,0.0010054361619702737,0.046920227775528164,-0.03828430162935829,0.021466037594336903
circ_chr3_52412811_52414587_PHF7,0.06403749401687159,-0.00254953725801411,0.012948998889762671,0.35592072882123177,0.0007044811577178255,0.008752419769708482,0.032291853671082366,-0.002419062787932563,-0.32242688582528156,-0.0064275860498521405,0.0012889514937060873,-0.0023087150092109083,0.018448609158966067
circ_chr3_52737586_52739634_NEK4,-0.0032504619474435954,0.010641036198017356,0.023582621285022774,-0.01396181776271788,0.02107764978193934,0.009272053336634747,-0.03417406231060363,0.008541111761205776,-0.01982663589904119,0.004607876470260502,0.005774073321333952,0.004032628951059905,-0.018328195824230318
circ_chr3_52737586_52741499_NEK4,0.06757317065108254,-0.03041706659425596,0.018288108085410443,-0.07855622814341538,-0.08864759611974035,-0.0040824789092331415,0.03042016919655701,-0.015234078109203991,-0.1858188047787099,0.017846099921496307,0.016841236230312296,-0.014113648298055505,0.0183811687980931
circ_chr3_52926031_52928341_SFMBT1,0.04065099226420919,-0.027824945323457032,0.015972518086818405,-0.027225847344924985,0.033568701897043626,-0.0013731186266931936,0.014085608220939036,-0.005836495702885799,-0.019916081890200662,-0.0043280690642843395,-0.006214297698412879,-0.0012903160506316375,0.003194687955551012
circ_chr3_53874211_53876080_ACTR8,0.004246176905138712,0.008529642412347722,0.010882073240225094,-0.002558614416011146,-0.0015429983272029807,0.008312275717443196,-0.008808821182736983,0.0001909422681654227,0.0015688443820789885,0.019484026391768477,-0.018547404693160494,0.014028275465979555,-0.007194255687550103
circ_chr3_56566594_56567053_CCDC66,0.188748562456798,0.0007240318051753943,0.009751836497807306,0.06222652956556223,-0.025515723243967506,0.012393764477417826,0.07225875636226486,0.0004099726023150157,-0.6555377942700811,0.00866409975392739,0.00859960066903717,0.08339652244918692,0.0708325027990384
circ_chr3_56592970_56594028_CCDC66,0.20306048154540235,0.017961329115334847,-0.08011787082428756,-0.0038315328213746063,0.10122600054906097,0.11135305983164188,-0.005111978269119067,-0.06672192852164324,-0.7597503773963444,-0.0046506878221488235,0.07772569009913527,-0.04159794216626621,0.003916421999181999
circ_chr3_56627037_56628614_FAM208A,0.1497455563931753,0.006506330820489841,-0.07988969244130903,0.04594900611651484,-0.022839477393165126,-0.007206942014309487,-0.002089010357194508,-0.019939795835905733,-0.42364334958474814,-0.05593080802960133,-0.022661711934769922,0.03998325462195021,0.007599331363812265
circ_chr3_56660731_56673725_FAM208A,0.07439088859731344,0.009144388005625904,-0.0004562063557459714,0.04450946668869963,-0.02582297136884757,0.04514421361206872,0.058666785476414726,-0.012768870414248209,-0.4985421787337552,-0.0022935705181014957,0.013768078220755433,0.21449341684319842,-0.011134593122934413
circ_chr3_56669700_56673725_FAM208A,-0.0010749065635399877,-0.004488879830424206,0.03008297151265294,-0.021851973885717548,-0.017998931296262673,-0.022724183096828745,-0.027867429795007524,0.003302876111760634,-0.02037938067632528,0.0176236664454047,-0.01666105870338615,0.018277792313944937,-0.0019219692756502426
circ_chr3_57242856_57248351_APPL1,0.19484849141817245,0.00037641303452890613,-0.018696138437682596,0.03988777151988562,0.008682912102297949,0.013161947275224418,0.02154950213350704,-0.01671960222178078,-0.6108699036867792,0.04748236701873354,0.01227970202586375,-0.0057590608492172094,-0.039135655667840746
circ_chr3_57242856_57267792_APPL1,-0.0020854325936104485,-0.031650375319119795,-0.02874393978128098,-0.04669887903780932,0.004561784344591651,-0.008150700984902616,0.0076680546398645395,-0.04163745190224894,0.02917795657773418,-0.027333166693093477,-0.01486727245555548,0.07903850772598238,0.0030054384276126354
circ_chr3_57583898_57584464_ARF4,-0.005125063539735395,0.09980900347555036,-0.008853735381053517,-0.030111060874317256,-0.035195168485190526,-0.017510675728338258,0.03200074269464168,-0.020133667517378027,-0.09256371956173827,0.009114987612037058,-0.0009436659000362758,0.09176567002463719,-0.004495799193185442
circ_chr3_57847197_57858159_SLMAP,-0.008237120578282147,-0.054891541769255786,-0.06489672515141036,0.037303593471990235,0.06803978543891182,0.01750216990905016,-0.046263942531876615,5.545640472635838e-05,-0.06074822669245447,-0.0302284553149815,-0.019436899978836155,-0.011286989818439131,-0.021257354717505162
circ_chr3_57890041_57896932_SLMAP,0.052641947968967547,-0.016851830523410785,0.015140722706759022,-0.09248296079018045,-0.01482740048326212,0.015282772093519737,0.01536364743061858,0.015244446413409708,-0.2916820046934264,0.011126115710920457,-0.03663947930487009,-0.010976973061403843,0.012001807879222537
circ_chr3_58077046_58081776_FLNB,-0.0026191994795655015,-0.005725126787183457,-0.013039988718307916,-0.007143737180708957,0.028966160737193884,0.001585659893216758,0.007262784029904137,0.017373676733399904,-0.005653694400457291,0.012237351383044937,-0.02099107822639384,0.044654925075972095,-9.039814840020125e-05
circ_chr3_58130741_58143613_FLNB,-0.0010749065635399877,-0.004488879830424206,0.03008297151265294,-0.021851973885717548,-0.017998931296262673,-0.022724183096828745,-0.027867429795007524,0.003302876111760634,-0.02037938067632528,0.0176236664454047,-0.01666105870338615,0.018277792313944937,-0.0019219692756502426
circ_chr3_63912588_63913225_ATXN7,0.03204774407473109,-0.027722211287933243,-0.03531604308648389,0.05691423375859357,0.08350904997649705,0.024013464494608956,0.029565629136649223,0.0131276991710244,-0.3326990811845192,-0.0509304654506648,0.002884309349612387,-0.0006140033201063782,0.017738989342033974
circ_chr3_65429520_65442849_MAGI1,0.01735090770429608,-0.021164941569982276,-0.040881244836823066,-0.028047823557378955,-0.005326581493055924,-0.01395429862240392,-0.006239599578209397,0.011002111109262773,-0.13316653566290382,0.018589234493938657,-0.00479616900850565,0.08103420888472157,-0.0019609285241924687
circ_chr3_66236544_66263379_SLC25A26,0.02070369336625025,0.0026563745994548494,-0.012821555852302312,-0.05110949065391558,-0.020594412272183574,0.00460359164701596,0.018124124306107114,0.007694633300643604,-0.10459256986029486,-0.0022563818904396417,-0.0071356567180935505,0.0847891651457147,0.017712153661825807
circ_chr3_66243203_66263379_SLC25A26,0.004115884181156675,0.024632058905417854,-0.007776961392666577,0.0008606112117699636,0.026833036411972773,0.01265405316806104,-0.010449928849440647,0.013754132086353303,-0.1736621207690175,-0.04441282319553278,-0.0020100120997212797,0.1904422105476279,-0.00013403769285220203
circ_chr3_67495798_67498295_SUCLG2,0.034463641026860246,0.0040608262546621456,-4.249768667658866e-05,0.2868689138287392,0.03868827484320643,0.0052073328240508105,0.022118870122103916,-0.0004387876093708426,0.07770129503034691,-0.009579948205749214,0.005611089066392769,0.03217644462713802,0.005964539561237874
circ_chr3_67495798_67508903_SUCLG2,0.019760599713110165,-0.004482825274367657,-0.007003114163343237,0.01521321951325074,0.013938748720892001,0.05379135035748469,0.011523009807301693,0.030454024870260075,-0.48082879197913353,-0.046910815357322604,0.012792068986938515,0.11635004368327229,-0.014530599370237872
circ_chr3_71015549_71053773_FOXP1,0.010332063438490496,0.012254359523910718,-0.023389100347106197,0.08712683215917932,0.07015661946327811,0.00746728457389707,-0.005516949876615501,0.013585507658604171,-0.11195693718195644,-0.004898970562260293,0.026327652190384278,0.10733598158527406,-0.0029276784656396696
circ_chr3_71041328_71053773_FOXP1,0.07874830457030078,0.003742361337972712,-0.10543923693030513,-0.05067548653784926,0.08461098429267463,0.00564980548645286,0.0035470826555262553,-0.02330960573375502,-0.3142124267739192,-0.0999311872489397,0.01804368653623444,0.006336737517737919,-0.01721700395750793
circ_chr3_71684572_71699708_EIF4E3,0.06681133895044315,0.0006280353922004107,0.004951330445625811,0.25209283494577756,0.012754294432361977,0.0039030426631055295,0.02139960731133291,0.003196766476094349,-0.00934668914794575,0.0013854756132358392,0.0009710532516020858,-0.02834049255641776,0.0005467882131549
circ_chr3_71684572_71710484_EIF4E3,0.008243027374693934,0.0031210403862553956,-0.005250250156287982,0.04184662204098015,-0.013700968054646575,-0.007792148320063,0.007301228393128134,-0.007096422653076675,-0.15001586399492844,-0.02209892028930931,-0.0112211264093186,-0.001708691539811587,0.030904060578974577
circ_chr3_71690010_71699708_EIF4E3,0.01949805910564452,-0.023605675148000677,0.03154591911321143,0.22748947354441573,-0.05655743653906292,-0.015214200665244136,-0.007558378877084012,-0.012000784221862187,-0.18962157066855057,-0.015473650053172968,0.00425723966525936,0.014973724237796634,0.011137905536151016
circ_chr3_71690010_71710484_EIF4E3,0.00010802298439733801,0.036227937935948765,-0.0313891498357797,-0.009686996181587679,0.018805742330783,-0.003523597114798085,0.008099466987933509,-0.03692903248482424,0.03898315916442518,-0.02052490019440527,-0.024433101559419895,0.06707406094581123,-0.0036498044024283654
circ_chr3_87245714_87245908_CHMP2B,0.011703074418459355,0.03549368941698707,0.02679458326600414,0.05030900115474989,-0.009163511278711152,-0.002332056604030245,-0.004193772213689959,-0.009955768156598216,0.04678295463100169,-0.01918634909636792,-0.008700324799887214,-0.0071654075455176,-0.006608771077670721
circ_chr3_89340916_89342090_EPHA3,-0.0008644818362754435,-0.027854185601498983,-0.09132664171314953,0.02634951572144607,-0.0019867144014793178,-0.013125051458640508,-0.024347974533235426,0.0007433548635039945,-0.0971422751792505,-0.04888092847071911,-0.004247945323869751,-0.027081227915826317,-0.007511610546301673
circ_chr3_8935871_8941804_RAD18,-0.0005569072109276278,0.08242392853416651,-0.041968910983454344,-0.025032144984195915,-0.00593263796814306,0.005513502125835941,0.03633360083139135,-0.047422811867834966,-0.0013219303403655181,0.02955477818447857,-0.026734670644411658,0.01794057972264694,0.030636705478350294
circ_chr3_89407269_89450370_EPHA3,0.0031213084530363963,0.014518782029764936,-0.027052897182337526,-0.01684429323333351,-0.020892911452582305,-0.01593984078275525,-0.009235961536069884,-0.001882409948813448,-0.00020836762893140036,0.030398531788013838,0.005845223378340794,0.10376731553801989,-0.01958589431523575
circ_chr3_93995874_94003908_ARL13B,0.028601353632442428,0.024264198288644505,-0.00415614439425177,0.0007233042409896793,0.003929579213907924,0.00037915637229463535,0.032442001404753,-0.011640372631530898,-0.08209858633814654,-0.007127617735751841,0.026130164100823743,0.03673827354795397,0.022166679728940892
circ_chr3_9669432_9671170_MTMR14,0.03422338104114916,0.014536309439046498,0.005017393428486867,0.024813653797460176,0.029943977823492698,0.011309592958956284,1.9204537162539314e-05,-0.00300108050876139,-0.014912100180239557,-0.005036258702373919,0.006653935654842776,0.007205427544459582,-0.027179717208234498
circ_chr3_9750945_9751949_OGG1,-0.0017507090330556574,0.010283878298762459,-0.01655953426758312,0.0009504974188975716,0.03134597277582318,0.002366962377235477,0.005691369459279995,0.00040378094049491026,-0.06724168332754465,-0.027528053579684457,0.0016536098157156152,0.002067917511068327,0.008296850030005454
circ_chr3_98849461_98881767_DCBLD2,-0.09160503968359997,0.06884777878626308,0.0009358414989360573,-0.01945654399070065,0.027929183074241717,-0.003642468269771648,0.09995273013996832,-0.00941247014194792,-0.10360163807817492,-0.09370204974773015,-0.006145567072635074,0.3389804533891034,-0.035804216086970576
circ_chr4_10097711_10103986_WDR1,-0.002315025046767086,0.11765415181125215,0.002147642093558731,-0.09421499361354825,0.0642396323667884,0.023827817683016884,0.004761556811869448,-0.044123508278020196,-0.29027911158167197,-0.02951752231745876,-0.008620303784652495,0.052902016432218056,-0.003722688687206455
circ_chr4_101080532_101099722_PPP3CA,-0.007707898292538722,0.0064152663829594656,-0.027299435628037747,-0.010944502626088513,0.031131423110624723,0.027146465867478667,-0.008492244640384361,-0.00021578052644202615,0.09994607326166163,0.001280992360626107,-0.0013836813874732782,0.04912867975775773,-0.011789931511791326
circ_chr4_102304317_102315830_SLC39A8,0.09413541224188364,-0.04726330301400967,0.029583747651511793,-0.03060125028533827,-0.005210371914920252,0.01413400070639687,0.10677767421588943,-0.009164431062567355,-0.47541683206908614,0.002962524373277007,-0.004707021966870087,0.03356076369124529,0.0052164635533084435
circ_chr4_102525512_102537956_NFKB1,0.0050766186130221545,0.002111313873896822,-0.016302104944433415,0.009313611900460187,0.042649301765723166,-0.005263094751133307,-0.011888914736043973,-0.01661877466084022,-0.30530476342991963,0.001199572609465606,-0.013295038021034187,0.019544903450980176,0.031726931276563834
circ_chr4_102580535_102582957_NFKB1,-0.012959377586665436,-0.001330002570157119,-0.05433478489441279,-0.021959382365303846,0.0236127580832074,0.009108592205152219,0.013519833034595872,-0.026654770677104662,0.037391847557532616,-0.017146608666287214,-0.013525801952231175,0.08015085411071156,-0.002280051416091856
circ_chr4_102714438_102726683_MANBA,0.12512114395252066,0.03816771276188872,0.008907990044112487,0.013236490400901297,-0.049862716343929456,0.02523626717579786,0.010788996078780488,-0.06548420481620856,-0.654421482312824,0.0017542259992772947,-0.009430542857007616,0.17335698446458123,0.00276205776564209
circ_chr4_102722871_102726683_MANBA,0.11154935164841963,0.04502699981111028,0.03966544320216601,-0.007322691965637392,0.0654857269238337,-0.00424819979457576,-0.015588222833299479,-0.005442598405035645,-0.06624670072682796,-0.00024826278915460035,-0.004778045259345194,0.004826071880663103,-0.011586089243271104
circ_chr4_105233897_105237351_TET2,0.005011545156071005,-0.009675247543737471,-0.05286747099139977,-0.18825043245667644,0.005806943381700499,0.04696538657608115,0.005691952587083069,0.02883835032876808,-0.021663486512517142,-0.0018622872328738487,-0.0018418475302984477,0.11887547687314176,0.0011214994349584742
circ_chr4_105424196_105456745_PPA2,0.08499696687578877,0.024843886061010113,-0.048851274691340464,-0.04995723784620051,-0.005817502034625343,0.015252916195946245,-0.011775430084410295,-0.03217983218042515,-0.43582099870801616,0.004332776388858057,-0.013136254224719368,0.2646224260456739,0.020389035350852635
circ_chr4_105446383_105456745_PPA2,0.01402767035185627,0.029962380261000666,0.009893931259038811,0.0019061777601469942,0.11015551516854728,-0.01401400523403008,-0.0011448688438849832,-0.02760243626769237,-0.21649211791528442,-0.005150177418143615,0.01180355719062271,0.02750758767960155,0.01736223480954184
circ_chr4_106171095_106212835_TBCK,-0.005372108577801848,0.02427177450878634,-0.07667341992224666,-0.019199683229871162,0.004456606346167051,-0.025935734198274052,0.001741610873415239,-0.052492609989154074,0.022760982616131634,-0.0002394065701544464,-0.015258499206621288,0.13841533686508875,0.0029061633443898333
circ_chr4_106193609_106212835_TBCK,-0.0005167826688446439,0.00380770908993925,-0.0018581851279546894,0.0014735947457654866,-0.012044790643501028,0.012067085192517066,0.010783770500059716,0.018916995228292807,-0.009541970761745644,0.024026307334736745,0.014246353228497086,0.007221995509064314,0.01823015756553183
circ_chr4_107682015_107694006_PAPSS1,-0.08678959968152017,0.021649924193796435,-0.0008909196941848905,0.00968601507625434,0.026131003829473014,0.026442470206799903,-0.01365507930346331,0.0062340850816288975,-0.4402091052521533,-0.02268151648356064,-0.02997370583396132,0.010845012496826723,0.007240216873548271
circ_chr4_107682015_107701285_PAPSS1,0.02652021201605071,0.013416298612606936,-0.0001814594455061092,-0.01574335361995653,-0.007913212929076888,-0.00038048326284056733,0.017670045558131807,-0.02154663342256765,-0.09644841338128383,0.011357290615589457,-0.034166424307549445,0.09117866128051831,-0.03120124417038429
circ_chr4_107944970_107947537_CYP2U1,0.022993599260299435,-0.01620436648472317,-0.001782312135761681,0.0009854663342769175,0.0142233898142542,0.007431781939083958,0.008772133738061707,0.00522242081244925,-0.01858658341627424,0.0014807151664648634,-0.01877348759098192,0.000874098544040593,-0.004368659255749602
circ_chr4_109462901_109463644_SEC24B,0.03111300910622103,-0.020665824602718,0.00908459779726237,-0.01364160666566395,0.037399594845559686,0.002460045726694698,0.006997682299587625,-0.0047445743828594365,-0.03830621736989664,-0.0036728146132149375,-0.0024182868213413074,-6.453921014118544e-05,-0.005675482860751004
circ_chr4_109491327_109494856_SEC24B,-0.008005340716801196,-0.020781158240619373,0.015009736003877096,0.0034924810879521204,0.15086757902875783,0.06587077334726846,-0.00679288468799165,0.029602157945931927,-0.4108032868400593,-0.0010722601678309583,-0.020369585751944957,-0.010214228292404657,0.038578322841662155
circ_chr4_109940946_109988709_EGF,0.006573138230872545,-0.12339270369581833,-0.0045622177385149275,-0.05173559564555444,-0.0470833464306524,-0.01002530992722905,0.028547281850336167,-0.05288647309341295,0.05189546562389341,-0.01861073788134149,-0.00021640407837456667,0.08791650190698849,0.007477961501209405
circ_chr4_112562371_112585725_ZGRF1,0.0066310659749182505,0.036444024318639266,0.005998151760512347,0.017683995844292852,0.005172165973265478,0.006551942163216772,0.008375407241005469,0.0030705757594107113,-0.16587701167335814,-0.0034118112971058575,0.0045478803376719145,-0.0160710446220393,0.007067150361650494
circ_chr4_113531216_113548729_CAMK2D,-0.006200813209616253,0.012324050316423297,0.004987918607210951,-0.011122645163312348,-0.007999515692561788,-0.0034110200689171873,-0.015044813402810202,-0.004273887789055811,-0.055881487490998825,-0.02136833609609092,0.001505580905607567,0.019244385176494787,0.004715080687721791
circ_chr4_119267320_119269837_USP53,0.007107087189885426,0.007776221513285182,0.03291754692717132,0.003873673499461768,-0.009061121108380638,0.002797526323616013,-0.0126196686447969,-0.010576290285408393,-0.007177884503139693,-0.006507367252999241,0.0005967326955618486,0.016062739523986295,-0.019482215319466558
circ_chr4_120754553_120811449_PRDM5,0.16291871839630576,0.009407870616339247,-0.11754217228777687,-0.2715773076069278,-0.01009755554651813,0.002533896855376317,0.001813851150663723,-0.006330299304982739,-0.2245616070033524,0.04260567736939519,0.004048978564201874,0.03252067603197549,-0.011504381095702572
circ_chr4_1225360_1241519_CTBP1,0.00895105537416274,-0.13129289675339476,0.02805770638854488,-0.030794629302760723,0.09237350492186389,-0.0614960302341329,0.03504728853212074,-0.014002965708199002,-0.24165433382633814,0.022760658820780103,-0.0029129101977127185,0.053240425331478464,0.010876921081761678
circ_chr4_127669036_127687867_INTU,-0.009060928682518088,0.140846302704298,-0.011028010563296666,-0.11937011510119092,1.5085005025236643e-05,-0.00026970109171789176,0.0015098666955769009,-0.014144942698540998,-0.014842059330364681,0.026014327693719752,-0.012401216922446332,0.015547697852263441,0.011139608937422702
circ_chr4_127921524_127939997_MFSD8,0.09487994696319059,-0.011388045238564994,-0.10841183337594058,0.0034319590107142832,-0.01315035159236015,-0.019529809419670655,0.006621439852949474,-0.011562033204681884,-0.34526033207967455,0.013961933283471789,0.017979872576976363,0.028058964446291083,0.006148162426252443
circ_chr4_128074460_128077962_LARP1B,0.07012281902094948,-0.15403864726202846,-0.023777129702433588,-0.009825977783350539,-0.06896143946631195,0.005594065219552889,0.005288109381555973,-0.1383374809205893,-0.5183228731462076,0.026741659898682373,0.03372202566385004,0.3248703166529254,0.018874083150711336
circ_chr4_128074460_128082305_LARP1B,0.13205020629526906,-0.14525411060720905,0.0008670100566117789,-0.024581830256334116,-0.03537898701451862,0.044499578258172454,0.008280296846210788,0.04472487341805966,-0.4251779760527708,0.006238715351894586,-0.01021572846195304,0.08476254713397517,-0.008689200559538552
circ_chr4_128074460_128091512_LARP1B,0.0062360424079052875,-0.12370183406298456,0.00767767609696374,-0.0702691974042533,-0.056905215151273184,-0.011976782415946529,0.0026347133528513713,-0.004869244929289041,-0.07981790355431125,-0.010497155756203438,-0.003034314419968779,0.03113883433742313,-0.006316599192899593
circ_chr4_128074460_128098330_LARP1B,0.030531830611307167,-0.04078249367216704,-0.013165621686308223,-0.018189200798849905,-0.0409552475285774,0.005143399426995467,0.013324422187612338,-0.0008440097449417426,-0.05776343199516215,0.022839635643443174,0.0034906837805465146,0.022342250192507032,-0.015148521517507093
circ_chr4_128936655_128959777_SCLT1,-0.0033398013522681607,0.0011049226866504443,-0.06335792547584326,0.03709840547595136,0.019800583049618965,-0.004484446016644171,-0.01859769132378806,-0.0009188362794921116,-0.0949647584128736,-0.017054815517528684,-0.0034710296664791696,-0.0057375606562810105,0.012166196725222863
circ_chr4_128936655_128970468_SCLT1,0.04225301851441595,-0.02665921782970813,0.06258946982897465,-0.021901354364015375,0.03727619053190198,-0.00018970294865427965,-0.0023211555288819917,0.0011325303208650655,-0.01938379220313597,6.119873048512644e-05,0.0017780363710578236,0.0069712114062009,-0.00702425317110681
circ_chr4_128992167_129003876_SCLT1,0.16770300864657856,0.05192767833512545,-0.018514953228142724,0.06634825991375956,0.013549566250666471,-0.04742520098127292,-0.0017540648743003151,-0.06802991618277472,-0.710055578528256,-0.013325810249398398,0.005217074941953296,0.23005747449177052,0.0030567800418182765
circ_chr4_128997874_129003876_SCLT1,0.007499307297703459,-0.007911155346067013,-0.008931249543970007,-0.005758653288553228,-0.027964581352675544,-0.003589990319719354,-0.009012813698697034,-0.030544907207225757,-0.023545549300611746,0.002325041922463172,-0.01891208015096284,-0.012241960775293593,0.01820292978008265
circ_chr4_139071866_139073567_ELF2,0.0075045232333387805,-0.028807565487248107,-0.0106072070507927,-0.0019065738908981768,-0.016091790360303643,0.010306265408766765,0.008663643431984367,0.0033734278768794406,-0.14593772765315943,0.009079123818615734,0.004329501572198119,0.022229168938038855,-0.0065026961296923095
circ_chr4_139125164_139139497_ELF2,0.08803443706753314,0.05672580718957893,-0.03454176667983203,-0.03598879443509549,-0.007088268914478965,-9.862890414055368e-05,8.222821490635295e-05,-0.03945079228257248,-0.5942369918934152,-0.07166734538509179,0.036242270148567055,-0.014501581946825368,0.0145352253382975
circ_chr4_139137630_139139497_ELF2,0.005658591770917764,0.02297149792061695,-0.017357493509791856,-0.06299175983170748,-0.035131542456056944,0.00999723602304245,-0.01481810044260513,0.014120113430669823,-0.1361300584799929,-0.02045520338851262,0.007525769391447243,0.12527253489442644,-0.0024717943698561715
circ_chr4_139342826_139344339_NAA15,-0.008517957427396625,-0.021116055378952277,-0.07724164140929787,0.04012789340773221,0.009561089601400745,-0.01981933721961406,-0.03241833714140808,-0.01122616733987783,-0.15249241689309248,-0.06159340499405688,-0.01140170889891596,-0.022020342619582876,0.0001877986084091238
circ_chr4_139695197_139704196_MGST2,0.0031213084530363985,0.014518782029764947,-0.02705289718233755,-0.01684429323333352,-0.020892911452582298,-0.015939840782755246,-0.009235961536069882,-0.0018824099488134465,-0.0002083676289314014,0.03039853178801383,0.005845223378340791,0.10376731553801986,-0.019585894315235754
circ_chr4_139889357_139890967_MAML3,-0.015527259849898013,-0.011678782648111022,-0.06163554570850735,-0.006438409174375073,0.014785801177945949,0.014724263149277824,0.0017995326234624468,-0.035413113367255354,0.01066539207721004,0.0047417366360871195,-0.018400946313662996,0.22696456034148285,-0.007084975414118315
circ_chr4_142260492_142270774_INPP4B,-0.0035989126402609633,-0.018556229716551777,-0.003094871073154804,-0.019154618858918167,-0.009887079831281613,-0.01061309927478171,-0.015337809479021,0.01703872430717599,0.027339756060914037,-0.021695952298914214,0.006048833276790014,-0.03699775412120288,0.004560368701043945
circ_chr4_142402938_142431385_INPP4B,0.0035329308133941893,-0.008361326872264865,-0.0045672785275722595,-0.02129996167171244,-0.019198917825461213,-0.0035455711497060357,0.0032279801904246106,0.014921834126442471,-0.03642826784182279,0.0038387482425553962,-0.034437010748563215,0.010918362390018409,0.04699284592214804
circ_chr4_142402938_142462726_INPP4B,-0.010220944516390008,0.02665583202260205,-0.03659585225981798,-0.09593208205776957,-0.004630679143604542,-0.008299797052618718,-0.0033889630594379386,0.010425151866660723,-0.1291902611583701,0.020463726274659304,0.014131207407000227,-0.008153311970125168,0.01683948421223717
circ_chr4_143543509_143543972_SMARCA5,0.1518018618191462,0.03883734359348453,-0.002347917066479479,-0.008597644204648458,-0.01831787003276808,0.022634770249220882,0.06477545695889186,-0.00039760540403814646,-0.20181328199965018,0.06906841169676792,0.022416784426535,0.057030282904957624,-0.0015581840015797125
circ_chr4_145162640_145171720_OTUD4,0.0066310659749182505,0.03644402431863928,0.005998151760512347,0.017683995844292855,0.005172165973265481,0.006551942163216771,0.008375407241005469,0.0030705757594107126,-0.1658770116733582,-0.0034118112971058584,0.004547880337671915,-0.0160710446220393,0.007067150361650495
circ_chr4_145823422_145849561_ZNF827,-0.0010289893904781224,0.01646078679741495,-0.015988892258290668,0.019205479673276214,-0.005634516245062279,0.011459088579597196,0.0165141271110536,0.036335007185783245,0.00627136404131022,0.003579057129723337,0.0384962549542486,0.3840040731796612,0.01860307356854239
circ_chr4_145845956_145849561_ZNF827,0.00913279814977805,0.010814051904027063,-0.0051073525774363,-0.0027191143670262097,0.006638747116652717,0.060190006341672014,0.08390024302629434,0.01078987766729004,-0.0502472559695832,0.014126550202935389,0.02881740422604567,0.29457333343477116,-0.008849519000250933
circ_chr4_147485612_147519978_EDNRA,0.013870849509885742,0.0032169192474374056,0.0016373481808786173,-0.02540206329348851,-0.008941080004783409,-0.009032216288494559,-0.006626399692573884,-0.008092181365601261,-0.004624110171198622,-0.018398755191882988,0.00011177483584789161,0.0032349006658235315,0.007004927220373693
circ_chr4_147857553_147881932_ARHGAP10,0.05011896700620266,0.09221955271512783,-0.07599884182458981,-0.003302339500143511,-0.009703366748011744,0.06454487929183941,0.012078554858301676,0.014165333539823003,-0.5407435041883517,0.03185239790051256,0.04666145985606693,0.04679415530068649,-0.020707634773735075
circ_chr4_147939825_147955374_ARHGAP10,0.12365238503994169,0.12927497700195897,-0.049107758192342595,0.013648971010083524,0.004367190787509334,0.037541468888048844,0.024077712882968134,0.006210050219414674,-0.38977742141737465,0.02042708595082248,0.03283655314097868,0.041915174759927,-0.022436979568867157
circ_chr4_147939825_147966839_ARHGAP10,-0.005652800482517216,0.004053264834498582,-0.01538050281584493,-0.025406388775398935,-0.03474910237010816,0.0012234885806324414,0.02770756650940929,-0.03035184340297017,-0.01835385011359101,0.05413449478800636,0.0628681867459236,0.08009678466610617,-0.0029674741337046
circ_chr4_147946617_147966839_ARHGAP10,0.0395878959613371,-0.011237837934281531,-0.0009232999872015932,-0.02140330545519178,0.05849966260371934,-0.010192647195153452,-0.004816706068491798,-0.006651957755793695,0.02502548190008217,-0.006686393218760039,-0.009783648982742563,0.02327793800265257,0.0004838663999314655
circ_chr4_150102478_150102812_DCLK2,-0.001594258329535098,0.16122186320262005,-0.017048980208481133,-0.11213117988507616,0.026122779816522747,-0.004475790222297234,-0.02242137104269756,-0.001140062751366372,-0.19792441448883868,-0.02042382451608669,0.008769428068923424,-0.03931359532897301,0.028107399052962206
circ_chr4_150415438_150491035_LRBA,-0.03594317893595138,-0.04489644116920387,-0.05248057633128516,0.004019173211326068,-0.027784480551759527,0.10422827484639795,-0.0064503038219499865,0.035051877194336306,-0.057757250787242705,0.0035565528982801856,-0.04984777628578831,0.05104409824892749,-0.07074340010818117
circ_chr4_150467673_150491035_LRBA,0.024400425469767128,0.06598237066599572,-0.0007438034906810921,0.0056032204593679975,-0.0150361082292247,0.0065819122435646525,0.0033880551266331684,-0.00027332945945916966,-0.049754122641713146,0.0055873851534024984,0.03841208359862551,-0.024371393741297185,0.005142794161261915
circ_chr4_150735258_150808398_LRBA,-0.021348570947715174,0.0028930059344316568,-0.014257312094706947,-0.00041559779515512086,-0.005217821475116808,0.004497396714500629,0.014887325729532623,-0.012277586448603372,-0.1258894705044925,-0.0011054448353999588,-0.016326642719198706,0.09833508103418619,0.028187027109461953
circ_chr4_150761783_150808398_LRBA,-4.285403679148783e-05,0.008504038115853327,-0.02326948755894194,-0.0010439996483386422,-0.007558100392330866,0.01723957600435834,-0.007348558243380421,-0.007191011791261839,-0.16256517421940378,0.016819541592101854,-0.018604976784201498,0.0013042138724376408,0.03138443617300575
circ_chr4_150798081_150808398_LRBA,0.017976525378288213,0.005609901353426497,0.004794693198087847,0.16683534953087054,-0.025427645299754678,-0.0017942480347505683,0.0013948338513206603,-0.006256680892414605,-0.06670849402300869,-0.013109343422145026,-0.012500860813482529,0.001460904314988342,0.0006146817730074534
circ_chr4_150798081_150817257_LRBA,0.010597334634510666,-0.02441846853312093,-0.0652972871612387,-0.09684837967917886,0.02486406024680464,0.06840191077389739,0.0802466116099984,0.0008150245892468538,-0.5369741150505758,-0.010075256017680789,0.011375265616252732,0.15494840493854073,0.04321678922515938
circ_chr4_150850724_150868305_LRBA,0.00034413793119861865,-0.024335530768369543,-0.06923686639231927,0.023582971807596782,0.02023012990971565,-0.010327629963192071,-0.005244795022682894,0.09321655692268063,0.01978724812666277,-0.020219287162791536,0.053718481578634174,-0.22911463136486115,0.05495333003225237
circ_chr4_151132331_151135132_SH3D19,0.0031213084530363963,0.014518782029764936,-0.027052897182337526,-0.01684429323333351,-0.020892911452582305,-0.01593984078275525,-0.009235961536069884,-0.001882409948813448,-0.00020836762893140036,0.030398531788013838,0.005845223378340794,0.10376731553801989,-0.01958589431523575
circ_chr4_152411303_152412529_FBXW7,0.1357084184666236,-0.0010385678641320001,-0.028042961295682317,0.03752200165513465,0.1247539755644375,0.013457308400901265,0.0031673015255403872,-0.015465168430629454,-0.7000545232823806,0.0038646771935654045,0.04163494088702571,0.006203240179549294,0.04175616963603436
circ_chr4_155696756_155722192_GUCY1A1,0.09400817631728668,0.005156195014624563,-0.019086850043376413,0.016233961871930328,-0.027878728787224104,0.024474348212224183,0.04412165248407605,0.010586909786589965,-0.26280415464780993,0.019792038092628226,0.026158953975226072,0.07683492724410226,0.0005904187527267999
circ_chr4_15625252_15644708_FBXL5,0.005910068868442595,0.00696589679499222,-0.013109863594692777,-0.02765625701915623,0.017806459781479773,-0.004725850838003964,-0.021566218560987456,-0.0005189455655415418,0.041331436661404077,-0.012748182525964637,-0.01804298875325514,0.033082506477283495,-0.010511738157233327
circ_chr4_156772686_156850416_PDGFC,-0.0036524112686078893,0.0002901688529199412,-0.009919511267804148,-0.01598318795975589,-0.016925015590933255,-0.017932984333354544,0.02153024768432649,-0.0030125814458746144,0.020658775294261664,0.0058349222318602465,0.008273730744681343,0.06868552489801767,-0.00936267695105204
circ_chr4_165219934_165263359_KLHL2,-0.00405294136216192,0.08288782921979646,0.003104027430954432,-0.013363687019471158,0.02688334510713225,0.02001997896227663,0.02881210629171148,-0.0023078264820617835,0.012706393297568189,0.0028110966162821814,0.008311702596017675,0.06908839071967784,-0.005339013812556862
circ_chr4_16585922_16595875_LDB2,0.0025807421398508163,-0.005062656969213179,0.0647906272531237,-0.010857231885287024,0.014451522840261534,-0.0010998033858819506,-0.010216912459595313,0.014064335720805187,-0.011770430357872995,1.5515012567820567e-05,0.00831300590661821,0.018118003380617906,-0.005069159176786087
circ_chr4_168220655_168237795_DDX60,0.022993599260299435,-0.01620436648472317,-0.001782312135761681,0.0009854663342769175,0.0142233898142542,0.007431781939083958,0.008772133738061707,0.00522242081244925,-0.01858658341627424,0.0014807151664648634,-0.01877348759098192,0.000874098544040593,-0.004368659255749602
circ_chr4_168890922_168903906_PALLD,-0.002413657223409106,0.13596023929117787,-0.09407140800476053,-0.09040258343668224,-0.03113990114680473,0.020080760683102175,0.04616830089614031,-0.010906570935227074,0.007051992341181706,0.020569904900342387,0.027880193539054462,0.2527129788051544,0.013257037334137169
circ_chr4_168890922_168916027_PALLD,0.004658088065131348,0.1708623097084066,-0.007817617888198737,-0.08703586641187584,-0.012463780032628527,-0.006980750911687338,0.01132771043797281,0.00023993361749704957,-0.2668903481658601,-0.006092656259887848,0.003893052318299527,-0.007751919931161574,0.007460500321881806
circ_chr4_169155480_169156679_SH3RF1,-0.002688915613453787,-0.028914164840050004,-0.049233862223350425,0.012665632075530748,0.006955909889172515,-0.0073326793092327175,-0.02213109643570078,0.009864508892111348,-0.13244803890502072,-0.027831680968813628,0.0014831390403122122,-0.04175371314755655,-0.0033821167641556707
circ_chr4_169507037_169537911_NEK1,0.029394867311167746,-0.026822827622049097,-0.013467371723596305,-0.01284969863179421,-0.00673159396687743,-0.0033870611407164045,-0.004726211987822737,0.027782524692849014,-0.07707798397375527,0.009425287461742543,0.0010554033507959174,-0.01719203346181744,-0.0041192045383390595
circ_chr4_169580842_169590809_NEK1,0.005501446286346857,-0.023401886816535745,-0.0018959610974282608,-0.010912516346575992,0.017650135967367652,0.054652881583337996,0.010957899617830133,0.023184767515857286,-0.02447084149217961,-0.0066777698982345216,0.029824291321582777,0.008632372701901382,-0.00903991310417192
circ_chr4_177353308_177353728_NEIL3,-0.002852032781484918,-0.009807519189796008,0.15122931119080274,0.044588203004203075,-0.03417184798752896,-0.007704314980662225,-0.0553684571555939,-0.013156020379581647,0.001604600452395147,0.01075702990521412,-0.012140172672195134,0.04940772292409482,-0.014943348074959404
circ_chr4_177353308_177360677_NEIL3,-0.0014292288192539664,0.025095406062383623,0.03370686246939318,-0.0031938092316581694,-0.03541817516864237,-0.0242094129008686,-0.021393486381509442,0.008522136437036408,-0.2652607097610039,0.0053624360858847515,-0.021977630926738975,0.01578270396109547,0.01244367265282872
circ_chr4_17961903_17972885_LCORL,0.01904500201157042,0.008547096387011895,-0.013936666338991252,-0.0034613766680563476,0.0071241354535529185,-0.014531325687024404,-0.013946790311354857,-0.005443815021412963,-0.021390566337828605,0.00021162121078893486,-0.01506870216730773,0.06756033847003808,0.0022320832448643043
circ_chr4_182600924_182628889_TENM3,0.0031213084530363963,0.014518782029764936,-0.027052897182337526,-0.01684429323333351,-0.020892911452582305,-0.01593984078275525,-0.009235961536069884,-0.001882409948813448,-0.00020836762893140036,0.030398531788013838,0.005845223378340794,0.10376731553801989,-0.01958589431523575
circ_chr4_182600924_182653893_TENM3,0.006631065974918253,0.03644402431863927,0.005998151760512344,0.017683995844292862,0.0051721659732654815,0.006551942163216771,0.008375407241005472,0.0030705757594107117,-0.16587701167335828,-0.003411811297105856,0.004547880337671913,-0.0160710446220393,0.007067150361650492
circ_chr4_182891403_182915575_DCTD,0.00037165244746170927,0.007450151083242594,0.027200582781592857,0.15710111475396268,0.08378442135977289,0.0428394104141359,0.05273337926455867,-0.00044372537406641723,-0.13862743113264675,-0.006474565601703027,-0.03870381481027695,-0.021943109764957062,0.012621348262257404
circ_chr4_184659340_184678394_PRIMPOL,0.019623534061631618,-0.02020129652111292,0.028429077553972126,-0.04193923552848186,0.0065405478384221866,0.003184815764928641,0.012315343994470837,-0.009161311265497768,-0.02714914492113382,-0.00630427987476165,-0.01953756177284793,0.022133984129047272,0.0034863365157029136
circ_chr4_185175786_185176051_CFAP97,0.007858117607541891,0.03882356768805562,-0.007381665359381477,-0.01646881766419799,0.0007932890005768272,-0.00466589678680875,-0.006910039416781141,-0.006061593311552035,-0.12310916914505594,-0.015932929638727868,-7.207478390762985e-05,-0.0013746914123944855,0.005551432949013043
circ_chr4_185247294_185267155_SNX25,0.002153489140061962,0.06849851155236376,-0.011235045316596252,-0.05798706260784108,-0.131567659118527,0.024283738739007465,0.07512333907269865,0.010343545251494203,-0.44088327306200653,-0.025752284366223455,0.019121899457034932,0.0712832379224907,0.033301082293854756
circ_chr4_186706563_186709845_FAT1,0.034033197441614024,-0.11861698869962294,-0.0385124255100666,-0.15347946969884857,0.007599876600365749,0.05839309415483365,0.012608661460802518,0.032250268758283074,-0.3982718165891119,0.016809856633797696,0.037065822095833485,-0.01572332892289898,-0.015523799126297118
circ_chr4_1900626_1904378_NSD2,0.0031213084530363963,0.014518782029764936,-0.027052897182337526,-0.01684429323333351,-0.020892911452582305,-0.01593984078275525,-0.009235961536069884,-0.001882409948813448,-0.00020836762893140036,0.030398531788013838,0.005845223378340794,0.10376731553801989,-0.01958589431523575
circ_chr4_1900626_1930770_NSD2,-0.018286281889698122,0.007835276476947192,-0.12836977070846728,-0.004898075842079983,0.0009213163624133535,-0.00887190858102118,0.025436776288908586,-0.06448370323305881,0.025155734915510118,-0.020904090297843105,-0.044075134257638676,0.09955251140064407,0.0036961297300452307
circ_chr4_1900626_1935262_NSD2,-0.1225262675434476,-0.04009251742218549,-0.0465583868823487,0.03161252480675583,0.00738587050150875,-0.05501828644136609,-0.05031853464603568,-0.004052121049711262,-0.13839923391711192,0.005337256823286936,0.024035238686616528,-0.15895901354952893,0.04534832850719555
circ_chr4_1900626_1939778_NSD2,-0.008517957427396628,-0.021116055378952277,-0.07724164140929789,0.040127893407732214,0.009561089601400745,-0.019819337219614062,-0.032418337141408085,-0.011226167339877831,-0.15249241689309248,-0.06159340499405688,-0.011401708898915964,-0.022020342619582887,0.0001877986084091246
circ_chr4_22401431_22402799_ADGRA3,0.008830354947122518,0.028905091592098538,0.037237068002564995,-0.026196154788272474,-0.0012948119549847663,-0.0027773470047694777,-0.0027260158484681807,-0.020407921150832065,-0.003696720470980553,-0.00484612044926152,-0.004863465084284784,0.03971118965811391,-0.002604132157012988
circ_chr4_2490337_2497121_RNF4,-0.018286281889698122,0.007835276476947192,-0.12836977070846728,-0.004898075842079983,0.0009213163624133535,-0.00887190858102118,0.025436776288908586,-0.06448370323305881,0.025155734915510118,-0.020904090297843105,-0.044075134257638676,0.09955251140064407,0.0036961297300452307
circ_chr4_25127264_25159107_SEPSECS,0.0018124161685589637,-0.013819116554518646,-0.10512728742544665,-0.009412460783722352,-0.026900778175412948,-0.012016540403847595,0.009185703046189214,-0.01933955122225729,-0.08457660013792642,-0.004945120995733005,-0.014214082922623135,0.06926987085274909,-0.0005038055933968571
circ_chr4_25333183_25333988_ZCCHC4,0.012245185088341295,0.06068249569330509,-0.03134740427798548,-0.033555469320631554,-0.06118659942849334,0.00403093339507554,0.01860091944783036,-0.02197695299833009,-0.013659702475421557,0.09177782214439319,0.003209582920933982,0.04023452260877794,-0.01886391082640269
circ_chr4_253560_254837_ZNF876P,0.02088541891830906,0.010230591937204957,0.016748641663343097,0.01614532713446198,0.01662732352342658,-0.0042300756193330204,0.012163104269016824,-0.0350473235000223,-0.03426933754470322,0.005315541825173402,-0.014236510819793081,-0.0073477760455992564,0.007388247326146598
circ_chr4_25847294_25847864_SEL1L3,0.016344486883416293,0.00828174590977639,0.010593007971178656,0.048247664099970916,-0.0007174741901888041,-0.010170608905741162,-0.011505209921727808,0.008437257607467292,-0.28227768054747054,-0.01066062241956174,-0.0137955568094845,-0.046159378576198125,0.006879445130613388
circ_chr4_3086939_3107423_HTT,0.09021869238801267,0.08709012922851132,-0.021979221965411806,-0.014264458797166951,0.16677835778191769,-0.014309098944166923,0.026847789422410586,-0.021011330895388106,-0.9383948949907097,-0.005023630645490133,0.032038645595115045,0.10744351125092,0.017008508424716733
circ_chr4_36210390_36229645_ARAP2,-0.02915504184408116,0.010909304860393178,-0.018651556819433465,-0.017259272162231686,-0.0076352983150693,0.089931226303588,0.05140412676032794,0.10052492385378878,-0.008190836590044959,-0.037044191496437576,0.12706417337967316,0.5246105193982237,0.031063570047928715
circ_chr4_36228582_36229645_ARAP2,0.0917487526445137,-0.02474454124960183,-0.001286673827267137,0.05249592845056754,0.047126658219864254,0.018073239758233425,0.022468493006770614,-0.006823824596873882,-0.5134296061703802,-0.04557016347402137,-0.02731551452842693,0.021655273427528154,0.09985105808841879
circ_chr4_37631385_37635123_RELL1,-0.014811783723298437,-0.0147504351473249,-0.018498877721331568,0.010186940073414232,0.05592226653633586,0.026586082962218788,-0.023666962294695424,0.015721265177041713,-0.009890210031300554,0.016090974727737368,0.013722449226861128,0.08355280452871827,-0.02107800637738613
circ_chr4_37631385_37638504_RELL1,0.11288019483367703,0.01539847562783452,-0.15180205356987192,-0.009130760090123103,0.18867430595130263,-0.030362425094598723,0.004117861364656115,-0.025703377750024875,-0.5961589908334716,-0.01568280606358647,-0.013214071447844804,-0.004394074082722937,-0.056911572284436995
circ_chr4_38054199_38103157_TBC1D1,-0.027444456820186015,0.008985209632974103,-0.026271338218027306,-0.02550525055928732,-0.0011873995697816132,-0.00827357389088408,-0.00789050961025594,0.0054242773500877825,-0.09299382664387827,-0.026381466482586446,0.0017635755977336708,0.010125429337205668,0.033845237327614894
circ_chr4_38089932_38103157_TBC1D1,0.052984914667847514,0.01971867399535276,-0.06365912959161256,0.026595398314554954,0.10613826971339092,-0.031057238677302052,0.013387296948501805,0.0023363845117283163,-0.4763168304499087,-0.021114266548591557,6.767066105048766e-05,0.12263621580852697,-0.0017368695753879407
circ_chr4_38826685_38829537_TLR6,0.006720301945595789,0.04460509589156057,0.011505081101776693,0.009233893515051989,0.022204072507169405,-0.002570603362299591,0.0014095929577391782,-0.008621443554092192,-0.09521332968267941,-0.0091219523977585,0.005392824156068351,-0.0145615856144236,0.018965891031653095
circ_chr4_39075965_39086727_KLHL5,-0.018286281889698122,0.007835276476947192,-0.12836977070846728,-0.004898075842079983,0.0009213163624133535,-0.00887190858102118,0.025436776288908586,-0.06448370323305881,0.025155734915510118,-0.020904090297843105,-0.044075134257638676,0.09955251140064407,0.0036961297300452307
circ_chr4_39326563_39327756_RFC1,0.08057902637821701,0.0023058845785890016,0.0010221497355326688,-0.020403389921777072,0.005595833663138762,-0.005229195853956252,-0.006877719435145329,-0.008664351719367467,-0.02862199395243821,-0.008821041013958015,0.00332192136026184,0.018551613607100736,-0.018195950558668166
circ_chr4_39737420_39755739_UBE2K,-0.01730748397051629,-0.011334550331421668,-0.04445003581687038,0.014695761557840858,-0.02429975553937953,0.024641417830199835,0.003870345746095499,-0.00663840815135916,-0.12229642274038661,-0.0008738507994436335,0.009943211832868695,-0.02933969482960981,-0.021922996866191365
circ_chr4_39737420_39774933_UBE2K,0.02456353794208534,-0.0008918079952941543,-0.0272128613132231,0.04908546332335954,-0.007036427279986696,0.0479723191067681,0.041507881297778604,0.044074082574792575,-0.09838725649975154,-0.019858132304480573,0.037686192585281,0.20063139856440532,0.02091075824826609
circ_chr4_39737420_39777810_UBE2K,-0.023383457798337965,0.016723249119924732,-0.013233240011728105,0.013951366957579541,0.003985079208766579,0.013331632990580867,0.0074852054175756355,0.020910451663852473,0.07066172735643748,0.01175370550676801,0.019538803764852033,0.1410417200210152,0.003254461843762961
circ_chr4_39837856_39842056_PDS5A,0.027543929463395962,0.012424865317108626,0.026600427292164126,0.12871305887444046,0.010193116256443058,0.009512525204899524,-0.0012463795301128687,-0.006718574829997476,0.027101045605947432,0.0017004190374578345,-0.00774922922854187,0.03470095526462544,-0.012723956421449896
circ_chr4_39898389_39902460_PDS5A,0.00442591299403172,-0.01478702324703982,0.010190071333816312,0.0024446737433130405,-0.02726390881899376,0.0063032136929056515,0.002114163428903439,-0.0009517740908558495,-0.06162652840678061,0.012324910017172687,-0.021031155017093253,0.03278119468187417,-0.00017364983268542303
circ_chr4_39913611_39925933_PDS5A,0.1018165057130112,-0.0023450588562465547,-0.001267667616035129,-0.021638774660899834,-0.026222715167437384,0.02875168566840078,0.03553205616667971,-0.05091339925522526,-0.5664607933745379,0.011953782461694007,0.00789688603587118,0.05511610791185822,-0.03324718024869337
circ_chr4_40934456_40945070_APBB2,-0.003644274230641982,0.029620404685431298,-0.05138111813288412,-0.0442581728469937,0.019038377559748257,0.024150524619332762,0.0036051257320119426,-0.004458489781873603,-0.07275689460304964,-0.06114211907269894,0.012181237533328983,0.2332821678787189,0.012205624638229357
circ_chr4_48369849_48383784_SLAIN2,0.0894763032696197,0.02801726509116112,0.0069211237111631106,-0.0031825987428652945,0.019024484379274453,0.05978554354728221,0.012508099888631307,0.023968844992923705,-0.5500095593856232,0.071786914171545,0.045118591031413975,0.09731556938429808,0.05084302947337806
circ_chr4_48684673_48710698_FRYL,0.04496466680747933,0.023823580324286366,-0.09976224597479565,0.025257084006611277,-0.004722308093288198,0.0020319912128151,0.017064691928220545,-0.017724403548514647,-0.2875596926972216,0.030509219547496684,0.00015123665748360167,0.018659481240418992,0.019488343263394232
circ_chr4_51863437_51877854_DCUN1D4,0.01978667822716467,0.043864508292325806,-0.06833189100359961,-0.03407450155768706,0.022835346530393083,0.0371121294825451,0.01261182609279178,0.010707253411991483,-0.3599012633411309,-0.05798254199104395,-0.023903426919703062,0.005784249242901946,-0.0031563621517207165
circ_chr4_51863437_51886638_DCUN1D4,-0.012620498073532061,0.012739811766626308,-0.2020393488919826,-0.008361620090714611,-0.022788991769374965,-0.0011178097146071504,0.004415001138574186,-0.02329081204502996,-0.10377055928181324,-0.0676349809644421,-0.0009981202191772108,0.2332576270808769,0.009403109479810021
circ_chr4_51863437_51891851_DCUN1D4,0.14244323241260354,0.0319916337126485,-0.07684935742552403,-0.024951853743542654,0.006589884219323443,0.05123779399319286,-0.006468047166918026,0.01418764377451397,-0.510528595652793,0.014535300721556172,0.06772917944598858,0.19074990942943443,0.04976919018471769
circ_chr4_51863437_51899378_DCUN1D4,0.01011927104649101,0.022315403130409587,-0.02126378970295166,-0.03602671739212558,0.009188011012863687,0.018294047276203085,-0.001801991800402287,0.029214930807168,-0.017207161310992466,0.005061312164691114,0.043288835147371515,0.2844386330560231,-0.0038186846873889627
circ_chr4_53383773_53389873_FIP1L1,0.02358033359675209,-0.01207962720593229,0.02519783071250237,0.03704279726400893,0.021647146144315812,0.017981333772846775,0.0021319483937324198,0.0016627558618652976,-0.021762387073034885,-0.012209323629138041,0.020523918691423063,-0.015549814919430013,0.010878396020386604
circ_chr4_53399730_53428183_FIP1L1,0.010770324173577352,0.004111691013662411,-0.008221248694931387,0.009907051583784762,0.0371100687556451,0.026963163893272014,0.003137333137245148,0.031584296573367934,-0.2549540671838518,-0.002861792681082758,-0.01660719102284496,0.040393268651538305,-0.012729214448140612
circ_chr4_53414615_53428183_FIP1L1,0.08473103693616803,0.041117832226527644,-0.024351256654311104,-0.005337509816455792,0.10276361874395717,0.01026233715912369,0.02304022514261852,0.15767299423809672,-0.5740542689137141,0.03714138724783756,-0.007800021281087351,0.20386575421568356,0.03134112884979724
circ_chr4_53425872_53428183_FIP1L1,-0.0005350490263349893,0.022033730549341584,-0.012254435950964118,0.013896598202703975,-0.033298906337117185,-0.02188735531622855,-0.009961286542399786,0.005430861249908877,-0.09830541175066532,0.007015438495626573,-0.011619644736639952,0.04026861559296569,0.01633445206845345
circ_chr4_53425872_53444103_FIP1L1,-0.027444456820186015,0.008985209632974103,-0.026271338218027306,-0.02550525055928732,-0.0011873995697816132,-0.00827357389088408,-0.00789050961025594,0.0054242773500877825,-0.09299382664387827,-0.026381466482586446,0.0017635755977336708,0.010125429337205668,0.033845237327614894
circ_chr4_55403236_55417985_TMEM165,-0.0005167826688446439,0.00380770908993925,-0.0018581851279546894,0.0014735947457654866,-0.012044790643501028,0.012067085192517066,0.010783770500059716,0.018916995228292807,-0.009541970761745644,0.024026307334736745,0.014246353228497086,0.007221995509064314,0.01823015756553183
circ_chr4_55411614_55417985_TMEM165,0.08752488341405032,0.030513411980967405,-0.0582934575795722,-0.2063289265635326,0.05300945198621987,-0.0371037283700647,0.046950737124248285,-0.02827505437737441,-0.6373458150608289,0.013627504347901071,0.003874159071842142,0.031116479423415035,0.038999424655470155
circ_chr4_55453054_55456300_CLOCK,0.0031213084530363963,0.014518782029764936,-0.027052897182337526,-0.01684429323333351,-0.020892911452582305,-0.01593984078275525,-0.009235961536069884,-0.001882409948813448,-0.00020836762893140036,0.030398531788013838,0.005845223378340794,0.10376731553801989,-0.01958589431523575
circ_chr4_5663107_5665649_EVC2,0.005027729701137799,0.006308094691184894,0.020678118628042436,-0.006139892248459061,0.051103316249690764,0.000396545375086338,-0.03171016341883797,0.04503578039514546,0.0033058127192072636,-0.01185292196439015,0.026681928930734015,-0.03507693734515081,0.004644458563853869
circ_chr4_61934840_62044549_ADGRL3,-0.014807207375904017,-0.0018860714159714602,0.07090172543362681,0.1104083048446506,-0.02557673205559252,-0.002546826063419231,-0.0002878206167367251,-0.0026527157630154047,-0.002523984832716221,0.023748123317545385,0.001671027538053154,-0.009696100643421867,-0.00481255330996398
circ_chr4_6923373_6924111_TBC1D14,-0.08485609856560929,-0.03807113416830624,0.1369060778335977,0.20972251957724486,-0.06093177708564131,0.002437366685278605,-0.049036601495200956,-0.00814889597621912,0.0587880637445962,-0.0025670225536788918,0.004653390353370624,0.02975184556515233,0.003881788052779206
circ_chr4_6994184_7001251_TBC1D14,-0.006977363244513701,-0.0034307459818078046,-0.00980196688878821,0.033018281968831165,0.05048789603100735,-0.015603619522748208,-0.019193720913836126,-0.05663415521741742,-0.19145418776014822,0.028958526733631768,-0.011004804873527712,0.0005469454286073635,0.024533494792825506
circ_chr4_70950700_70959040_MOB1B,-0.018286281889698122,0.007835276476947192,-0.12836977070846728,-0.004898075842079983,0.0009213163624133535,-0.00887190858102118,0.025436776288908586,-0.06448370323305881,0.025155734915510118,-0.020904090297843105,-0.044075134257638676,0.09955251140064407,0.0036961297300452307
circ_chr4_71236576_71255399_SLC4A4,0.14377503109347603,-0.2735772709548407,0.03397666482783196,-0.3082887223515717,-0.011067294819695862,0.015801765311439935,0.06336297781876765,-0.0395379215264451,-0.2803840536727478,-0.012196221838500726,-0.024243638875723734,0.037818210700054734,0.020781233698197683
circ_chr4_71236576_71357187_SLC4A4,0.022993599260299424,-0.016204366484723173,-0.0017823121357616798,0.000985466334276918,0.0142233898142542,0.007431781939083957,0.0087721337380617,0.005222420812449249,-0.01858658341627424,0.0014807151664648606,-0.018773487590981915,0.0008740985440405941,-0.004368659255749602
circ_chr4_71339370_71357187_SLC4A4,0.16181158336701268,-0.2815648655400411,0.07259498772980083,-0.3136941570490842,0.019751592808639206,0.0031825726866601474,0.06023925819028878,-0.02611393424669769,-0.0588910007084862,-0.003749845166210089,-0.054233522393346556,0.037661415672247636,0.012089494443955795
circ_chr4_71339370_71397653_SLC4A4,0.05342560812886622,-0.030506907162287194,0.00596857479852861,-0.010258574148681395,0.04120602048255769,0.005679406820806258,0.011308526175075486,-0.0006602319724661982,-0.04694697697724747,-0.0012230788516758143,-0.012863143886483233,0.00074782582017574,-0.0073592369421689565
circ_chr4_71453495_71487018_SLC4A4,0.004310782102727845,-0.014132239959341522,-0.003768058760422453,-0.013432052017327736,0.0002955813226223037,0.008404580941094971,-0.0009095275484808239,0.028650323744286704,-0.023640747667835853,0.011031253829369326,0.013862651594532142,-0.03367190400365285,-0.0045698330097846485
circ_chr4_71466444_71472970_SLC4A4,0.022993599260299435,-0.01620436648472317,-0.001782312135761681,0.0009854663342769175,0.0142233898142542,0.007431781939083958,0.008772133738061707,0.00522242081244925,-0.01858658341627424,0.0014807151664648634,-0.01877348759098192,0.000874098544040593,-0.004368659255749602
circ_chr4_71472699_71497692_SLC4A4,0.054153370585937985,-0.06452396306938231,0.005531204607947221,-0.038744853984794096,0.04435379255902104,0.005096786499106238,0.026908996021131747,0.007576786587188362,0.002057398733306564,0.004729876500695997,-0.00935534898227213,-0.015070633365193762,-0.0024143128347343303
circ_chr4_71486948_71497692_SLC4A4,0.14382568051309141,-0.16190175617883437,0.0011104234027836874,-0.13528008835563557,-0.0033363940786251367,0.0008320832403216674,0.018306001558158976,-0.014054223041098187,-0.16639144524690613,-0.0009472793893766407,-0.008820840645335755,0.04788000037219643,-0.0008460285452174547
circ_chr4_73085249_73092300_ANKRD17,0.13823943690252907,-0.01189562764510182,-0.059826135059897714,-0.08059647683092175,0.008414569163796666,0.06502507457278309,-0.001700840154665523,0.010841276814371527,-0.6373872337804108,0.012528609089721136,-0.015200166377441251,0.16266919920218748,-0.02404570190707398
circ_chr4_73090667_73092300_ANKRD17,0.11291603563806205,0.008096639738486034,-0.11808210747591068,-0.01280430743604629,0.009571399285755497,0.014668102572245363,-0.02793468974834661,0.12638982831974147,-0.07590540554031087,0.05461291961088944,-0.018798975932789588,0.019441331161710287,0.01532951105367751
circ_chr4_74174506_74201370_MTHFD2L,0.007107087189885427,0.007776221513285182,0.03291754692717132,0.0038736734994617695,-0.009061121108380638,0.0027975263236160136,-0.012619668644796906,-0.010576290285408393,-0.007177884503139698,-0.006507367252999241,0.0005967326955618486,0.0160627395239863,-0.019482215319466565
circ_chr4_74174506_74225394_MTHFD2L,0.007443765192949258,0.012106706336373452,-0.002930706740320428,0.019055274697265784,0.013420978141675383,0.025397568961032582,0.025191125784816408,-0.010899831008429468,-0.3041698499901342,0.010180963265472508,-0.05529720949566904,0.1149809647820415,-0.012178736257590394
circ_chr4_75790150_75790797_USO1,-0.0029670381367821034,-0.021738886456866013,-0.04397509688052585,-0.00636835471077323,-0.061459923206514284,0.014166719899536469,0.0035287823382315776,0.03981134255232604,-0.017994852311577273,-0.020864836604437824,0.04919543720348117,0.105707792181025,0.012954235655412052
circ_chr4_76124649_76144473_NUP54,-0.0031433900696059827,0.0006816769168974346,-0.022837857523665073,-0.01836089634541215,-0.021011310857974953,0.004237420846729575,0.012525897738634953,-0.0077960954768917946,0.012647801537329946,0.01299499692355562,0.004423683015537946,0.24889457248011007,-0.0010352280076439248
circ_chr4_76134175_76144473_NUP54,0.015978021296158683,-0.0006726478872182855,-0.055156176425472006,-0.22451191682533506,-0.007368332034346257,-0.005778380739573975,0.058370510982289625,-0.017679597643539657,-0.7787237276031174,0.07794138950410466,-0.018845402971581864,0.03925411016566733,-0.00882709698783181
circ_chr4_76144149_76144473_NUP54,0.048678278022465354,-0.0005274504116813101,0.005985062232289415,0.08866030292897001,0.0013923078752652199,0.028686855990630186,0.09833688579519674,0.008424899233194446,-0.5821365965694544,-0.012532588941521658,0.02710751384428437,0.023965449820627305,0.014710017265628556
circ_chr4_76738761_76741926_SHROOM3,-0.03323874733521633,-0.01942740341783038,-0.01686480399969088,-0.034571958422415595,-0.02380864081823641,0.019978390307116838,-0.0764087736140507,0.02898516410568748,-0.043239403571646046,0.01085078485463177,-0.008770175994106497,0.05419255051374548,0.011909009552743047
circ_chr4_76996425_77030970_SEPT11,-0.00770789829253872,0.006415266382959466,-0.027299435628037744,-0.01094450262608852,0.03113142311062471,0.02714646586747867,-0.008492244640384365,-0.00021578052644202444,0.0999460732616616,0.0012809923606261061,-0.0013836813874732775,0.04912867975775774,-0.011789931511791326
circ_chr4_77773081_77776392_CNOT6L,0.10530095178504119,-0.064459317061771,-0.006683054988242451,0.07012683059687484,-0.027729840059505656,0.001483473817087678,0.0599899843713331,-0.01247055136933302,-0.5302436089411946,0.01237273946728809,0.0017096363299815137,0.20733583868294395,0.03145597019734025
circ_chr4_7868622_7872080_AFAP1,-0.03263579643665291,0.11820170842151459,0.0099159903977708,-0.10589611660858919,0.04385913665188695,0.00609761296889086,0.03675857783358566,-0.011878821657662828,-0.04556108234618607,0.009606835530418323,0.022491147263168428,0.23883469426563164,-0.026976423270950248
circ_chr4_78826037_78851056_BMP2K,0.03805089025137626,0.008678553753941932,0.002663599574598146,0.21037181509431033,0.016398538947309,-0.00621768141094686,-0.008176815771261853,-0.05038629963798508,-0.5204181284866659,0.025837713995426434,0.010019136256633768,-0.08323996881379853,-0.01041031660106919
circ_chr4_82454722_82457038_ENOPH1,0.007504523233338777,-0.028807565487248103,-0.0106072070507927,-0.0019065738908981746,-0.016091790360303636,0.010306265408766764,0.008663643431984365,0.0033734278768794397,-0.14593772765315935,0.009079123818615736,0.004329501572198123,0.022229168938038862,-0.006502696129692309
circ_chr4_82870325_82881940_SEC31A,0.007499307297703459,-0.007911155346067013,-0.008931249543970007,-0.005758653288553228,-0.027964581352675544,-0.003589990319719354,-0.009012813698697034,-0.030544907207225757,-0.023545549300611746,0.002325041922463172,-0.01891208015096284,-0.012241960775293593,0.01820292978008265
circ_chr4_82871944_82875822_SEC31A,0.020216791321436604,0.010887389376775336,-0.004886801689412932,-0.11677852630357773,0.022738813883690895,-0.008579506561166694,0.055551416471310025,0.020444186488742726,-0.3553868792935743,0.034064197655849615,-0.008349749158001837,0.02113574248815296,-0.018253213365888008
circ_chr4_82874611_82881940_SEC31A,0.06736742694712207,0.001940432647595243,-0.006248379958412529,0.03380030826616945,-0.013098183584914313,0.0004349927935141094,0.02373590851256955,-0.0036751911211636247,-0.007587660270327934,0.0014737704812553976,-0.0015243074197615171,-0.01701740037244328,-0.003330194520861254
circ_chr4_82878730_82881937_SEC31A,0.007504523233338777,-0.028807565487248103,-0.0106072070507927,-0.0019065738908981746,-0.016091790360303636,0.010306265408766764,0.008663643431984365,0.0033734278768794397,-0.14593772765315935,0.009079123818615736,0.004329501572198123,0.022229168938038862,-0.006502696129692309
circ_chr4_82878730_82881940_SEC31A,0.11368938331932078,0.04100474350527424,-0.012608837817779592,-0.08413856579820946,0.06190107733033064,-0.029759577392283666,0.017245772517021394,-0.009789791895614465,-0.2766947936777513,0.006878320264933386,-0.0011659512227839791,0.22453128673471515,0.018191607625215954
circ_chr4_84739010_84740416_WDFY3,0.012773036540365814,-3.7137803751063474e-05,-0.0034989877829900346,0.02282065673173109,0.04238288099625907,-0.007603498757321959,-0.009232414207440153,-0.010774404904803808,0.0689094359418364,0.003226526970905089,-0.001978345511525947,0.01628112859915231,0.014549000706035275
circ_chr4_84896911_84932363_WDFY3,-0.008517957427396628,-0.021116055378952277,-0.07724164140929789,0.040127893407732214,0.009561089601400745,-0.019819337219614062,-0.032418337141408085,-0.011226167339877831,-0.15249241689309248,-0.06159340499405688,-0.011401708898915964,-0.022020342619582887,0.0001877986084091246
circ_chr4_86764593_86767976_PTPN13,0.08458814349206506,0.03329391462991477,-0.09581830835181794,-0.02742400777931323,-0.015855266763260406,-0.017287182860069635,0.0043236731522415675,-0.014105536184323508,-0.3340083805449787,0.014881745473883748,-0.03630259043751343,0.05615719309268772,0.014411316577648605
circ_chr4_86772778_86775652_PTPN13,0.007858117607541891,0.03882356768805562,-0.007381665359381477,-0.01646881766419799,0.0007932890005768272,-0.00466589678680875,-0.006910039416781141,-0.006061593311552035,-0.12310916914505594,-0.015932929638727868,-7.207478390762985e-05,-0.0013746914123944855,0.005551432949013043
circ_chr4_87046166_87047594_AFF1,0.17287810483002844,0.019616268277289944,-0.048832161318322374,-0.06985155757280731,0.03188884000436147,-0.0005688800112559778,-0.0010008922928060988,-0.08847913414500291,-0.12343187027246856,-0.0016712993089941053,0.06954719308660526,0.014914151018659165,-0.010890645651909342
circ_chr4_87084120_87091829_AFF1,0.04339283274470348,-0.017367305906737098,0.03304451732788402,-0.0203956458402798,0.022188479955094747,-1.0009988049931467e-05,0.006022177459033917,-0.010180831851363011,-0.021437470582783398,-0.0065529654073243045,-0.005100482270037805,0.0060597945624228915,-0.006378656970475418
circ_chr4_87084120_87094969_AFF1,0.004246176905138712,0.008529642412347722,0.010882073240225094,-0.002558614416011146,-0.0015429983272029807,0.008312275717443196,-0.008808821182736983,0.0001909422681654227,0.0015688443820789885,0.019484026391768477,-0.018547404693160494,0.014028275465979555,-0.007194255687550103
circ_chr4_87183203_87195690_KLHL8,0.02176406603851956,0.0054097029384403295,6.881490679906523e-05,0.02904466977808344,0.056694925678730725,0.012289624826545165,0.01734431142493481,-0.0052065787902777945,-0.009608210222143695,-0.011750915622825302,0.0004770621242136798,-0.0071817119798024,-0.01930433881826479
circ_chr4_87195324_87195690_KLHL8,0.18324163547331532,0.06518757285591686,-0.05872468417043139,0.0022870410820084426,0.02386498257270142,-0.043102323543191,-0.004647244338100944,-0.037495097711834034,-0.6905624114012053,-0.00106405064757506,0.04075722541178975,0.008322214423217253,-0.03680127776711994
circ_chr4_90308244_90313047_CCSER1,0.004310782102727847,-0.014132239959341522,-0.003768058760422454,-0.013432052017327736,0.00029558132262230393,0.008404580941094971,-0.0009095275484808239,0.02865032374428672,-0.023640747667835856,0.011031253829369326,0.01386265159453214,-0.03367190400365285,-0.004569833009784647
circ_chr4_911673_913668_GAK,-0.00016186817391471964,0.12731709149004042,0.0010145955154863538,-0.012974553757373572,-0.008489003592682032,-0.014499692755345203,-0.00749204294958016,-0.011130943163296223,-0.0647362234848994,-0.028699858365033738,0.003641215443592428,-0.044500611167771716,0.02294762715630997
circ_chr4_94573351_94586444_PDLIM5,0.10864424946295403,0.10959051190592814,0.0039710902386471715,-0.06659279686798733,0.2406977787506344,-0.0024580821037407737,-0.004496128269316321,0.10052998141458643,-0.4448013481386393,0.03608514335129931,0.023980068007490415,0.20029277192643768,0.09532073938170428
circ_chr4_94573351_94618191_PDLIM5,-0.0014935858494076607,0.04547694802301037,-0.04488572925659204,-0.019058804601340594,0.001418079338421398,-0.014979631903465762,0.004269616747543299,-0.04383547586120958,0.020952392186510984,-0.03362430863719562,-0.014348355168830536,0.028266955216711,0.011081788681696956
circ_chr5_103003033_103009866_PAM,-0.018286281889698122,0.007835276476947192,-0.12836977070846728,-0.004898075842079983,0.0009213163624133535,-0.00887190858102118,0.025436776288908586,-0.06448370323305881,0.025155734915510118,-0.020904090297843105,-0.044075134257638676,0.09955251140064407,0.0036961297300452307
circ_chr5_103096541_103097781_GIN1,0.12946578319443608,-0.012588067696144942,-0.05582646893191415,0.2506892064920119,0.024302401883737754,-0.04970499943998589,-0.01322177091390088,-0.02594652707875896,-0.08992915620982017,0.013686362149300154,-0.02868108326506479,-0.008789933505120823,0.009181272605563924
circ_chr5_10415488_10417404_MARCH6,0.05243569607055937,-0.07123677398399535,-0.02674001122436855,0.017583733186596416,0.023436218049724854,-0.011687032362784974,0.028328002933820824,-0.009010607436908376,-0.5085265213758677,-0.020196689502267863,-0.02402649880501361,0.09499468143327353,-0.049901563734692116
circ_chr5_108348399_108367953_FBXL17,0.002295278106939857,-0.0018127649906839985,0.003978181658920392,0.026181991279719177,0.008042334547986384,-0.00557018755942504,0.0018415822879154302,0.016692458980229703,-0.3097951004582615,-0.028862161599010058,0.01744558746845432,6.825088094676177e-05,0.02353425651238394
circ_chr5_108946130_108959347_FER,-0.018286281889698122,0.007835276476947192,-0.12836977070846728,-0.004898075842079983,0.0009213163624133535,-0.00887190858102118,0.025436776288908586,-0.06448370323305881,0.025155734915510118,-0.020904090297843105,-0.044075134257638676,0.09955251140064407,0.0036961297300452307
circ_chr5_109713520_109716264_MAN2A1,0.11644252887314875,0.008244870615516138,-0.006239569514522071,-0.09827871293990548,-0.0012238923573962047,0.03212501832967766,0.07569998266637495,-0.04166198724451226,-0.8677709380831937,0.054828372636171054,0.01594440680534227,-0.07394838545660588,0.006331276039582506
circ_chr5_109713520_109729513_MAN2A1,0.152067778220837,0.010553524282420547,-0.04245714911916759,-0.006655933426437095,-0.02498763089671869,0.008245903616624826,0.019686277401046382,-0.1434573925094189,-0.73540828291452,0.04111613178421894,-0.012398938568794217,-0.021557692363554426,0.04820698191574559
circ_chr5_109817273_109823837_MAN2A1,-0.010356668067028561,-0.03603271187732231,-0.0004698201891074497,-0.01937437445085681,0.01496344322845923,0.04963219400059563,-0.00413030651916073,0.0024218063954136626,-0.10573449625497755,-0.0026160665086335726,-0.0629581564842177,0.028628222890482516,-0.005767479488328758
circ_chr5_112766326_112815593_APC,0.007107087189885427,0.007776221513285182,0.03291754692717132,0.0038736734994617695,-0.009061121108380638,0.0027975263236160136,-0.012619668644796906,-0.010576290285408393,-0.007177884503139698,-0.006507367252999241,0.0005967326955618486,0.0160627395239863,-0.019482215319466565
circ_chr5_112891603_112893038_SRP19,0.012773036540365814,-3.7137803751063474e-05,-0.0034989877829900346,0.02282065673173109,0.04238288099625907,-0.007603498757321959,-0.009232414207440153,-0.010774404904803808,0.0689094359418364,0.003226526970905089,-0.001978345511525947,0.01628112859915231,0.014549000706035275
circ_chr5_112985835_113001674_DCP2,-0.027444456820186015,0.008985209632974103,-0.026271338218027306,-0.02550525055928732,-0.0011873995697816132,-0.00827357389088408,-0.00789050961025594,0.0054242773500877825,-0.09299382664387827,-0.026381466482586446,0.0017635755977336708,0.010125429337205668,0.033845237327614894
circ_chr5_112985835_113004077_DCP2,-0.007154130625957972,0.13622226226128392,0.002615893623208649,-0.05719052434856891,0.0023037309930677135,0.013241117370592165,0.009906119992448531,-0.0035156775807059074,0.009990824732181164,0.025894894712487508,0.017438237930849892,-0.005448400897196334,-0.015105592216955241
circ_chr5_113534305_113539181_YTHDC2,0.006631065974918246,0.03644402431863928,0.005998151760512342,0.017683995844292852,0.005172165973265481,0.006551942163216772,0.008375407241005472,0.0030705757594107113,-0.16587701167335822,-0.003411811297105859,0.004547880337671912,-0.016071044622039305,0.007067150361650495
circ_chr5_114404438_114404856_KCNN2,0.010562545850245313,-0.1559029066762112,0.0227172278540522,-0.06748161753560498,-0.05562965519914,-0.033420096265108216,-0.0007042146333745415,-0.03248652124042903,0.026539105935753492,-0.025232259079983377,0.0020944054429814364,0.023211969309213456,0.009408070648432526
circ_chr5_115866670_115870128_AP3S1,-0.00478935356233649,-0.0005974608363682321,0.004302753039390118,-0.04246976832502122,-0.01713604358563647,0.01217090452270921,0.008333150885005901,0.04867020458163133,-0.09169917267944047,-0.04288791485676216,0.017156382703888827,0.13539347510160915,0.024990960944975386
circ_chr5_118928537_118944649_DTWD2,0.007107087189885427,0.007776221513285182,0.03291754692717132,0.0038736734994617695,-0.009061121108380638,0.0027975263236160136,-0.012619668644796906,-0.010576290285408393,-0.007177884503139698,-0.006507367252999241,0.0005967326955618486,0.0160627395239863,-0.019482215319466565
circ_chr5_119110151_119121139_DMXL1,0.014194714302185992,-0.013005714662497808,-0.02179267387848579,-0.0072799545644364316,-0.021047087351882442,0.006690161302560708,0.002977635622861873,0.02038383569259909,0.009370626961251726,0.002413458615367361,0.011340849066275546,-0.015929049507930136,-0.015577665229904114
circ_chr5_122019260_122022407_SRFBP1,0.0031213084530363985,0.014518782029764947,-0.02705289718233755,-0.01684429323333352,-0.020892911452582298,-0.015939840782755246,-0.009235961536069882,-0.0018824099488134465,-0.0002083676289314014,0.03039853178801383,0.005845223378340791,0.10376731553801986,-0.019585894315235754
circ_chr5_122801869_122803613_SNX2,0.0005388421088276365,-0.0020449509224629687,-0.09407989649317008,-0.011229516022025902,-0.02351071770190029,-0.025544480710240007,-0.0005858549351395899,-0.017409788961433185,-0.02627935145684903,-0.008837122617416648,-0.014077168461031927,0.04723281013712214,0.003535189222896659
circ_chr5_123532569_123557564_CSNK1G3,0.0001943416979784284,-9.723088074493144e-05,-0.0104236482217569,-0.006841640369605976,-0.0010182612734649641,-0.008239996944776921,0.006976591551299795,-0.0033660279039844057,-0.08562781767810818,-0.016065910821192148,-0.003805801949682206,0.0005963502356749512,0.03739772760545161
circ_chr5_123545417_123557564_CSNK1G3,0.12821152233852956,-0.00841252481911649,-0.009365231757060347,0.004788192183106683,0.03556532544357765,0.02896143630250558,0.014641479023898417,0.04639306136014973,-0.5592478117113715,-0.007358238732527979,-0.003960351134148802,-0.04460907085422779,-0.02010241895382046
circ_chr5_123545417_123575963_CSNK1G3,0.040712621181801856,0.07844443393445472,-0.06676286539213959,0.005042501348832607,0.03222733166174126,0.01981580847239753,0.07748871728902282,-0.0188460050215221,-0.21711500025597968,0.0008348101476724247,0.019759408741385664,0.03566888654060691,0.030212553906133966
circ_chr5_124639133_124701269_ZNF608,0.004472801266630929,-0.015570824830344911,0.004156963544731369,-0.025637579858560543,0.0006941260086964,-0.014111551489042324,-0.0008442348014259307,0.03416801510642055,-0.3202482210795413,0.0024512860098676735,0.05053972915416614,0.01637196984672914,-0.02027319334337708
circ_chr5_124701014_124701269_ZNF608,0.020601721652969966,-0.07700647395297977,-0.039971871863656624,-0.03698536264615508,0.06504976763438117,0.02016182735846011,-0.013151400631039301,0.030272153564971153,-0.11521730315921197,0.08804797970193957,0.016634758917116688,-0.0026243398149663854,-0.0004522632145165319
circ_chr5_128138597_128152805_SLC12A2,-0.006957762003360633,-0.020052032025386152,-0.05807684724579763,0.005981519692558503,-0.004419961093055134,0.008557801031800838,0.0009555056380285488,0.0234951761479812,-0.0219578164940936,-0.009561973175295259,0.013901472703097542,-0.05969955151435034,0.007997662501066764
circ_chr5_131677703_131709272_FNIP1,0.17871197881839715,0.001924618233103157,-0.006232106663830348,0.21748607518569724,0.03301336663484568,-0.003731655974157874,0.06083653911003332,-0.027612843407283417,-0.004734802920041425,-0.009705645651168313,-0.017697055150816262,0.01081725866680748,-0.006500268571791812
circ_chr5_131698917_131709272_FNIP1,-0.018286281889698122,0.007835276476947192,-0.12836977070846728,-0.004898075842079983,0.0009213163624133535,-0.00887190858102118,0.025436776288908586,-0.06448370323305881,0.025155734915510118,-0.020904090297843105,-0.044075134257638676,0.09955251140064407,0.0036961297300452307
circ_chr5_132883340_132885119_AFF4,0.007107087189885427,0.007776221513285182,0.03291754692717132,0.0038736734994617695,-0.009061121108380638,0.0027975263236160136,-0.012619668644796906,-0.010576290285408393,-0.007177884503139698,-0.006507367252999241,0.0005967326955618486,0.0160627395239863,-0.019482215319466565
circ_chr5_132892164_132893118_AFF4,0.1621222814492555,-0.002096890225308325,-0.022522569084278396,-0.09883776581782598,-0.013987406038728577,-0.0023216433628692602,0.013549704972906237,-0.027020368763631262,-0.5391819033171956,0.08109438737602405,0.002292846596448417,-0.10038202092334014,0.025875650855037007
circ_chr5_132927121_132934941_AFF4,-0.008589315214044997,0.04196136036356083,-0.03498037753868905,-0.008228133982496376,0.02162453763096522,-0.004529337718325061,0.00791964449270164,-0.03938097209467376,-0.0008070464628043058,-0.007448123964027582,-0.02642443133796134,0.013829993132212056,-0.006790056843908389
circ_chr5_133091193_133092789_HSPA4,0.0698134352667286,-0.021176862917080295,-0.0011078844236354433,0.07758383328626173,0.027831257621865703,0.006750457144642773,0.007747245734468128,0.015558470636961603,-0.08622058690317773,0.0011389308707831917,0.010374077818292015,-0.028407534372407842,0.012459785049067529
circ_chr5_134674615_134676125_SEC24A,0.004310782102727848,-0.014132239959341516,-0.0037680587604224506,-0.01343205201732772,0.000295581322622304,0.008404580941094971,-0.0009095275484808239,0.02865032374428671,-0.023640747667835846,0.011031253829369326,0.013862651594532142,-0.033671904003652844,-0.00456983300978465
circ_chr5_134741063_134744052_CAMLG,0.05646428755938026,0.10611620995907282,-0.04954339673459635,-0.021459876085811805,0.05012756094326215,-0.0007243385567659161,-0.04436622312317449,-0.0113281401002275,-0.4254804376194087,0.01525691941293936,-0.011893718512089403,-0.010148827258012041,0.05503388814022073
circ_chr5_136147832_136154163_SMAD5,-0.0013079343592378872,0.005353027216649522,-0.003564052865959431,-0.01138494092873829,-0.01313433891060177,-0.018189909056914432,-0.01609536066060501,0.011001824081821349,-0.03998285789445779,0.0001723200081979081,0.00921643793235996,-0.024201338831520647,0.01714532910549886
circ_chr5_137942875_137943216_FAM13B,0.03615335514114319,-0.00491633689388143,-0.00901677136281567,0.008874042539672767,0.02833132194126534,0.014260202965663073,0.0017351715536292698,0.00897220441803641,-0.02139298342114632,0.001200654033259493,0.00507966349122243,0.0779286165177191,-0.0263361915649376
circ_chr5_137952628_137954376_FAM13B,0.007107087189885427,0.007776221513285182,0.03291754692717132,0.0038736734994617695,-0.009061121108380638,0.0027975263236160136,-0.012619668644796906,-0.010576290285408393,-0.007177884503139698,-0.006507367252999241,0.0005967326955618486,0.0160627395239863,-0.019482215319466565
circ_chr5_137985257_137988315_FAM13B,0.05949709797142156,0.030685429533985863,-0.05487574326327352,0.0024848014573878637,0.022652222470949234,0.03740592732940943,0.012970169873578252,-0.005114806431150262,-0.35971205611642276,0.007393816453858011,0.027086045530328035,0.018990467926072275,0.0024326264382142212
circ_chr5_138006990_138021197_FAM13B,-0.018286281889698122,0.007835276476947192,-0.12836977070846728,-0.004898075842079983,0.0009213163624133535,-0.00887190858102118,0.025436776288908586,-0.06448370323305881,0.025155734915510118,-0.020904090297843105,-0.044075134257638676,0.09955251140064407,0.0036961297300452307
circ_chr5_138568925_138571141_HSPA9,0.006631065974918253,0.03644402431863927,0.005998151760512344,0.017683995844292862,0.0051721659732654815,0.006551942163216771,0.008375407241005472,0.0030705757594107117,-0.16587701167335828,-0.003411811297105856,0.004547880337671913,-0.0160710446220393,0.007067150361650492
circ_chr5_138810038_138827718_CTNNA1,-0.044848580208696094,-0.0060434733612084604,-0.05230320361275607,-0.02076341747324183,0.05266738595635472,0.010079516375554702,-0.015776456372770857,0.003100491431476838,-0.23826299326924752,0.02814189855485297,0.0030300983200015107,-0.02633083486214309,-0.007166552563882258
circ_chr5_139278327_139279129_MATR3,-0.08805878066864374,-0.010068595440529987,-0.02961579040286173,0.013260127517670908,0.029973167544294854,-0.12157436534246051,0.02538552869425532,0.05445744129458428,-0.19167843167544682,-0.005053189362391077,-0.10175711459032205,0.06818878401487576,-0.017814151027040502
circ_chr5_139363759_139364743_PAIP2,0.11966120802078521,0.06275268188176644,-0.04085113092638675,-0.02992185254189187,0.1046553584473507,0.049804927371166395,0.04436636604431783,-0.04863467983348989,-0.592927472283715,0.08180430113976377,0.05575533074523279,0.018747698447836757,0.015380709347839795
circ_chr5_139600372_139614966_UBE2D2,0.06675446772392267,-0.04724657432648103,-0.004146925033303339,0.07688554316146165,0.07098170305631653,0.05389017269250517,0.012792239336217415,0.031044850689873945,-0.5952557051627904,-0.010886611699901473,-0.004249518438419192,0.01814841378033577,0.01897516575544809
circ_chr5_139600372_139623461_UBE2D2,-0.0005929012714670749,0.002522505313439047,0.03998540604079259,-0.006767132959733586,0.007942474826651327,0.011549559520889244,0.015484887285619559,-0.01793248035455711,-0.02142912238275424,-0.05410388350059667,-0.0005542449326713749,0.02405112631511642,0.04519113067592486
circ_chr5_139614586_139614966_UBE2D2,0.0801996295493878,0.027977472442268086,0.0018410156279904763,0.010749956772957595,-0.0196023561241118,0.013852983948746138,0.008334987932334179,0.016979599784987306,-0.45992052425926866,0.01273992704066749,0.09869922918094452,0.04280734662366682,0.016109928459342934
circ_chr5_139614697_139623461_UBE2D2,0.0075045232333387805,-0.028807565487248107,-0.0106072070507927,-0.0019065738908981768,-0.016091790360303643,0.010306265408766765,0.008663643431984367,0.0033734278768794406,-0.14593772765315943,0.009079123818615734,0.004329501572198119,0.022229168938038855,-0.0065026961296923095
circ_chr5_140440119_140445975_ANKHD1-EIF4EBP3,-0.027444456820186015,0.008985209632974103,-0.026271338218027306,-0.02550525055928732,-0.0011873995697816132,-0.00827357389088408,-0.00789050961025594,0.0054242773500877825,-0.09299382664387827,-0.026381466482586446,0.0017635755977336708,0.010125429337205668,0.033845237327614894
circ_chr5_140440119_140449305_ANKHD1-EIF4EBP3,-0.007676742919316254,0.009358772798682703,-0.029601011094905268,0.006619486598137048,0.01024951016543139,-0.05244584847971266,0.18061138228791324,0.07828869559498475,-0.06492098911731697,-0.0006900964176718336,-0.007330178082896761,-0.02407300725057398,0.024222025972051156
circ_chr5_141582312_141583615_DIAPH1,0.013761776711424006,-0.046881922918650856,0.009283580998588734,0.13017464345138757,0.008192699708416008,0.05093741258015002,0.043571081581563725,-0.0006124302687353978,-0.19521150424920958,0.00687178070172668,-0.03091936241258379,-0.008227643465825007,0.011819172182077996
circ_chr5_142885298_142932125_ARHGAP26,-0.012870791449708475,-0.01756590850158018,-0.07237776388277181,0.028690794161148298,0.02835938361305477,-0.02941751993149583,0.0084138431406615,0.12896844372628036,-0.4637320003126141,0.02796865789667424,0.012477270397415268,0.0014168774112620285,-0.01571605989797621
circ_chr5_143037196_143057747_ARHGAP26,0.008272594978492392,-0.021431214092681287,-0.0010446571327798091,0.04953336245757081,0.03430624100627782,0.01225559848789285,0.016359883686826775,0.10215445615847589,-0.6840997777750614,0.04395144832685101,0.006727710341929218,0.05133376395057822,-0.019951293460768533
circ_chr5_14304461_14336727_TRIO,-0.01059963605456222,0.012090809595672308,-0.025881953154363244,0.002240464086660687,0.05038390161415233,0.002547742469005297,0.016894231377363022,-0.040849727889519516,-0.0029002960860982003,-0.004636336279436831,-0.009943764689437714,0.021181309310070364,0.008939742811420378
circ_chr5_143054439_143057747_ARHGAP26,0.05237922686650994,-0.014475349128203452,0.008228610611712785,-0.010148425863173435,-0.0015350775506849839,-0.011420531766572161,0.026165060996717792,0.041765657402705464,-0.5560394633002871,-0.01286499695825255,0.017497043869184967,-0.0032431214965785863,0.03821428686544949
circ_chr5_143054439_143134105_ARHGAP26,-0.013384833762187461,-0.01603852142803995,-0.10167359916120254,0.007451977940968229,-0.0034922505631837892,0.030452411899164894,-0.006578614418335208,0.03668905617162857,-0.21370459757551505,-0.016624684515380267,0.016121699817200415,-0.01654688378104598,-0.01178207065973006
circ_chr5_143054439_143147381_ARHGAP26,-0.05034623178318664,-0.023015915055786224,-0.11106071810834771,0.008158809928533593,0.025761304403233484,0.055079579902448994,-0.04196164165085881,0.036389759460753644,-0.2586003421740782,-0.032594108861421674,-0.011008296799144498,-0.027394908836361097,-0.01569857808621561
circ_chr5_14316513_14336727_TRIO,-0.03629278799784282,0.03110379475945636,0.002243944063311906,-0.040659189116274926,0.03163834924194462,-0.0014325104921766815,-0.0071396188162059695,-0.005326262620343841,-0.018939776761914457,-0.0050710189017185965,-0.010688949936604308,0.011351757134774735,0.02133614547211225
circ_chr5_143399656_143400852_NR3C1,0.020033689396777108,-0.018239287841329593,-0.005987965743347599,-0.0531765034155766,-0.007380433436271979,-0.009384031085198972,0.006768135812993628,-0.002468808682409533,-0.0035767245200210287,0.0179930159595786,5.680084788309818e-05,0.06757945667669296,-0.011920164846687155
circ_chr5_145764931_145823134_PRELID2,-0.001739808603625116,0.03649387482953295,-0.09198910115898491,-0.022379645964239636,0.003781704869995221,-0.014863444197669117,-0.03429047240747174,-0.0084230020657046,0.21026720110810473,0.19901186911542937,0.01631129438860529,0.14967928236974537,-0.01957561173681009
circ_chr5_145764931_145826200_PRELID2,-0.0024096534543520415,-0.011906891505620174,-0.06789717283476088,0.14422794080382975,-0.00361982439709818,-0.11287021844489614,-0.012066718081223936,-0.10843630235070324,-0.16000532249279983,0.09378810595396465,0.005719680137759634,-0.061448034396520246,-0.003968988728265268
circ_chr5_145796442_145826200_PRELID2,-0.004544465104818937,0.07969121044538195,-0.14721413290835603,-0.03469688683860907,-0.001787661333183809,-0.026986185759739458,0.054642243671364533,0.0166602354866382,-0.41302626373702356,0.13007067313299034,0.04624121900595359,0.1820812361295305,-0.005162453822208021
circ_chr5_145817894_145826200_PRELID2,-0.04289324845775296,0.00658860546003602,-0.09235859440221728,-0.0692788511215322,0.04233748086253128,0.04658819113570432,0.0057488392291012835,-0.003284822289801859,-0.5138484662238569,0.016135264470433057,-0.01623555470371862,-0.009336805256584752,-0.010258020157545603
circ_chr5_146254943_146258593_RBM27,0.03987292949942696,-0.005994562089338528,0.005109278583976185,-0.061546426840780676,-0.0007418748651623903,-0.015458243587861204,-0.007379926341848748,0.001915260163439662,-0.17731862488262623,0.008949094606339594,-0.018391059387138472,0.02303664452528161,-0.004123127602956344
circ_chr5_14741827_14758598_ANKH,-0.011994034675699044,0.11941775521552829,-0.010430118639539358,-0.08076509214391715,0.04237910097659022,0.00936424989648755,-0.009574263135589439,-0.006089983766511598,-0.09314187990465507,0.017053358471907663,0.0070086137212013785,0.002461283008323367,-0.015553698698241995
circ_chr5_148548668_148550262_HTR4,0.0014471248294087235,-0.0009412758303843587,-0.008752513435047042,-0.0075656132969064436,-0.022973654432950446,0.015686527981413248,0.0012296076898361502,0.008419038244091829,-0.025783831090875686,-0.004735212207130965,0.008733017500094831,0.022827436383231918,-0.014588103773714358
circ_chr5_151674612_151676201_SPARC,-0.003250461947443597,0.010641036198017357,0.023582621285022778,-0.013961817762717887,0.021077649781939337,0.009272053336634742,-0.034174062310603624,0.008541111761205781,-0.019826635899041205,0.0046078764702605,0.005774073321333953,0.0040326289510599,-0.01832819582423032
circ_chr5_151790323_151791062_G3BP1,0.10580475486695815,-0.028452980132874818,0.0053604264956630425,0.0095475913182827,0.004084965229049706,-0.019899138779375505,-0.006167635204024421,-0.0020584579633348694,-0.1182838611166482,0.008614461656059239,-0.004748647686335984,0.018929785683270115,0.011115004223453531
circ_chr5_154029489_154034967_FAM114A2,0.13996950008153725,-0.005237547806659379,-0.0354599679130195,-0.015618011425262235,0.005654334250708605,0.008735604070270547,0.009947140074066668,-0.0041744511391465155,-0.3046306121469745,0.011173212113517935,0.007139011466814296,0.02842995182691337,0.014089414520890828
circ_chr5_154033791_154034967_FAM114A2,0.20639242835332489,0.018240220543586337,-0.08046851953700074,-0.20866375321402736,0.0005710459080579654,0.01939847788621922,-0.03487116685584676,-0.09626762573233752,-0.28868669186530577,0.08498447116279566,0.030002144765095537,0.16873325681338913,0.048324296558604776
circ_chr5_154950821_154967237_MRPL22,0.007107087189885426,0.007776221513285182,0.03291754692717132,0.003873673499461768,-0.009061121108380638,0.002797526323616013,-0.0126196686447969,-0.010576290285408393,-0.007177884503139693,-0.006507367252999241,0.0005967326955618486,0.016062739523986295,-0.019482215319466558
circ_chr5_159194716_159203656_RNF145,0.0041656312024154945,0.004405279813490985,0.016696398968063863,-0.019465639025956695,-0.0008707427115656807,-0.010720112231153002,-0.013728749974643174,0.010116991675121709,-0.009939212945634511,0.016567068673389005,0.009583928785500953,0.07517688325549401,-0.01543227704322599
circ_chr5_160035140_160051183_TTC1,0.003490394184456853,0.02669096009459721,-0.010251666151758569,0.009532461470172102,0.017957126557994283,0.013553767546134715,0.0035348098378601674,0.010431180847944872,-0.0060548320360953,0.027498289493689453,0.006504950583565919,0.013895848580017635,0.01827490425764954
circ_chr5_16779545_16783469_MYO10,0.011816422886767519,0.022183678972057273,-0.027168989505693745,-0.33008442301897617,0.002770851028873542,0.02873858899303199,0.02138332246116358,0.033149319374124714,-0.35877111383617183,0.028824412711493146,0.011277975277971223,0.03081317747463283,0.06905245759074473
circ_chr5_168488602_168494650_RARS,0.019711539591195197,0.08056620387736654,0.021979149830765907,-0.05788210170099901,-0.14279083914498922,-0.012141348850856099,0.09284598069975886,-0.01971622832761297,-0.10033491731970283,0.040737886855328274,-0.005576137594019853,0.08875346099619023,0.011489847890199825
circ_chr5_168488602_168497348_RARS,0.011191191577519414,0.0531847126690765,-0.012787042979549053,-0.05088185631288771,-0.023299870120688734,-0.019412579202348137,0.06144967730971162,0.03570915842128502,-0.5440138030846418,0.010945632441552932,-0.00713890720110383,-0.029196636074004575,0.013162603839072275
circ_chr5_168500591_168502105_RARS,0.014167530743432527,0.010979201891266633,-0.023027599607821747,0.007598252444457902,0.013503214183637592,0.0045800883662077884,-0.005836385965083324,0.012877204242699032,-0.0079127081712502,0.012022807946666367,0.012824239442804398,0.004748384209210137,-0.0035409943073792566
circ_chr5_170878097_170896115_RANBP17,-0.06601805546389809,0.03483466757741561,0.003273535766726972,-0.08118671663078528,-0.008521694973531403,-0.21256739162125976,0.017303030556394743,0.08382557659544317,-0.16409894639679806,-0.011497612652645378,0.0036232282131428697,0.11284738484216279,-0.00034300184900207763
circ_chr5_170878097_170924550_RANBP17,-0.012905544110239552,0.00314749655565064,0.008990899732281468,-0.02721065518664103,0.008315942351525154,-0.007321929783561288,-0.012652180229947525,0.014077825703896726,-0.07469370022482431,-0.01895860427670414,0.006303430826871554,0.01997020524739237,0.019584193118200185
circ_chr5_171183195_171205612_RANBP17,0.016210679556776953,0.013729896340133153,-0.02056877333237389,-0.1463161434116706,0.006297403409748816,-0.01942784560342852,0.03726801987486589,0.0034597936497757836,-0.4909193514638439,-0.05048045888159764,0.02013884493794115,0.06997384751264593,0.01540283656320873
circ_chr5_171183199_171205612_RANBP17,0.006398258759382185,0.015356756812403751,-0.029516107702912617,-0.08017498004383777,-0.0053932247644223235,-0.0037342872616530774,-0.004151621377339689,0.010564342544248378,-0.3394275877991452,-0.015559959513075136,0.006215258227911782,0.007610376279993644,0.029982883877038322
circ_chr5_171391305_171392978_NPM1,0.02176406603851958,0.00540970293844033,6.881490679906608e-05,0.029044669778083447,0.05669492567873074,0.012289624826545165,0.017344311424934818,-0.005206578790277796,-0.009608210222143695,-0.011750915622825299,0.0004770621242136803,-0.007181711979802404,-0.019304338818264783
circ_chr5_171910572_171914405_FBXW11,0.004310782102727845,-0.014132239959341522,-0.003768058760422453,-0.013432052017327736,0.0002955813226223037,0.008404580941094971,-0.0009095275484808239,0.028650323744286704,-0.023640747667835853,0.011031253829369326,0.013862651594532142,-0.03367190400365285,-0.0045698330097846485
circ_chr5_172055588_172057473_STK10,-0.01994668489890071,0.004209465500406575,0.04771560323763425,0.16082636230681852,0.03634667401363076,0.04663419276479896,0.05052559635428543,0.004852096957989772,-0.22381305563742696,0.002438820049407146,-0.06883009680504436,-0.02638073662847573,0.04420004174828209
circ_chr5_172932436_172935310_ERGIC1,0.00012956867835573778,0.006431091772135013,0.024594875727772515,-0.007484618409556112,0.022692203389339652,0.013844959801346977,-0.0034086414683220183,0.02211281300030813,-0.0266969890356744,-0.005497814470478919,7.084388886312437e-06,0.02217648778283418,-0.005834995935300802
circ_chr5_173108624_173112379_CREBRF,0.019521995662918526,-0.024592595369538058,-0.020243815386202756,0.00017846778087829548,-0.007291935203107463,0.020394057978547115,0.013032688992329712,0.019587274227788287,-0.08503825634167214,0.014038435308141603,-0.02712671957391312,0.0178871917773285,-0.008082981618335986
circ_chr5_173108624_173123202_CREBRF,0.0031213084530363963,0.014518782029764936,-0.027052897182337526,-0.01684429323333351,-0.020892911452582305,-0.01593984078275525,-0.009235961536069884,-0.001882409948813448,-0.00020836762893140036,0.030398531788013838,0.005845223378340794,0.10376731553801989,-0.01958589431523575
circ_chr5_173944967_173953272_CPEB4,0.0031213084530363963,0.014518782029764936,-0.027052897182337526,-0.01684429323333351,-0.020892911452582305,-0.01593984078275525,-0.009235961536069884,-0.001882409948813448,-0.00020836762893140036,0.030398531788013838,0.005845223378340794,0.10376731553801989,-0.01958589431523575
circ_chr5_176943335_176958154_UIMC1,0.1400704695348957,0.04551780324198654,-0.05719246748329556,-0.004533569680464476,0.005747479037130178,-0.15068734495575875,0.020991978262443357,-0.055049006321551366,-0.6435331586480337,0.012423200328830406,0.007622821257251781,0.07983338836148098,0.014171398463213651
circ_chr5_177191884_177204292_NSD1,-0.0010813432892956604,0.03959345829743114,-0.007351985133776722,-0.05724746174410554,-0.005699056796391611,0.015030830127420715,0.0032113282752396144,-0.0007017979974639084,-0.004890058433930162,-0.01858701954882086,0.00017247383535846556,0.013709629970941783,-0.002122131582106477
circ_chr5_177191884_177212195_NSD1,0.00034413793119861865,-0.024335530768369543,-0.06923686639231927,0.023582971807596782,0.02023012990971565,-0.010327629963192071,-0.005244795022682894,0.09321655692268063,0.01978724812666277,-0.020219287162791536,0.053718481578634174,-0.22911463136486115,0.05495333003225237
circ_chr5_177209636_177212195_NSD1,0.02270424495768649,0.010287992909815283,0.001513979095459467,0.008340225828040714,0.0004235624963988745,-0.007940177232502392,-0.012456572999310607,-0.008101122592438871,-0.07983239709644244,-0.0012357927285527356,-0.007393771379706742,0.0651180054883536,-0.0036506674511385213
circ_chr5_177536358_177539147_FAM193B,0.005609278377423974,0.0017185719473981538,-0.03762334928729266,-0.03770261507230682,0.03643075017280921,-0.030157646592689574,-0.015434728420417739,-0.04932391702508724,-0.07723286880892741,0.06493115290498543,0.004595758790160487,-0.03964845421113706,0.012330164665004101
circ_chr5_179705679_179710065_CANX,0.01039785021584438,-0.04615348752311766,0.022858831876162545,-0.019525738392232397,-0.00041803441230104326,-0.1335682469484383,0.025562920040897514,-0.04071081502502296,-0.14502683525374102,-0.05141421600372276,-0.0056069528017408206,0.03380178876166495,0.0018360456275400413
circ_chr5_179708239_179710065_CANX,-0.018286281889698122,0.007835276476947192,-0.12836977070846728,-0.004898075842079983,0.0009213163624133535,-0.00887190858102118,0.025436776288908586,-0.06448370323305881,0.025155734915510118,-0.020904090297843105,-0.044075134257638676,0.09955251140064407,0.0036961297300452307
circ_chr5_179709873_179720560_CANX,0.00028703770101830186,0.010239404224707921,0.024628887968074064,0.07419458882329613,0.09374769745839431,0.0041309687945824914,0.006854296478250415,-0.017919244241191973,-0.005995037342740268,-0.0030202742416421615,-0.025968064105600965,-0.0018676174189669634,0.0523755993968747
circ_chr5_180238332_180241155_MAPK9,0.0036669577310647775,0.018535944524527732,0.02234758818744912,-0.01587431607258089,0.0215675913016076,0.006143334272296298,-0.013182490260458594,0.0007861846642897998,-0.04023355719285085,-0.0052486333330701435,0.001056913246171943,0.03551557528624602,-0.006541672526240501
circ_chr5_180261684_180280608_MAPK9,0.08405375651400682,-0.013411577260529684,0.012049096199974518,-0.013790991847865572,-0.03193700440788198,-0.08654850217699794,0.035805601534741396,0.0055314057962606465,-0.29003828217959376,0.0065198501813698625,0.003520799004412026,0.026260968238211956,0.030315912273641124
circ_chr5_180549931_180553471_CNOT6,-0.06103463978939279,0.0035168132861932424,-0.006180708182760174,-0.03281190213729331,-0.0009761879608339994,0.02905859982879789,-0.00953142197229119,0.022614449160114514,-0.18516370251441172,-0.002217887268435649,-0.010382524918516984,0.1366313356144891,0.0026150939419510195
circ_chr5_31421272_31424471_DROSHA,0.02583897901957466,0.011069734476870315,-0.016117632399978023,-0.0029016716340198477,-0.024268462140001144,-0.014030182783320189,-0.00436414871828007,-0.0035610287069060575,0.023865521694351084,0.020913434692413024,0.0037805832303409886,0.0641126879675055,-0.019873757190998775
circ_chr5_32135572_32143880_GOLPH3,0.10881958648705889,0.0008816068857015535,-0.020430744529419995,-0.10590838732543816,0.0007988560674384268,-0.010277326834804364,0.017316321147865982,0.04596165695948154,-0.5089539925624954,0.007072912046392321,0.043173063276836,0.11334771063813297,-0.017206570059560618
circ_chr5_34179013_34182867_C1QTNF3,0.05023265310080439,-0.011765010903041362,-0.004821362645008713,-0.12388818771054387,0.12164806643785574,0.001938254890011902,-0.002084510183786842,0.006636142686886359,-0.03397954101732292,0.011950300318010629,0.024387920676938606,-0.04464012455579441,-0.003302152550657199
circ_chr5_34911554_34913578_RAD1,-0.13904530371881693,-0.0201651161780729,0.04587589612642451,0.006693747488960147,-0.007496396580904808,-0.0003576975721773514,0.06390304317593086,-0.5939305912608134,-0.026214964310351394,-0.07649951537388205,0.013684616148306256,0.17492890801330221,-0.14174922268677081
circ_chr5_34918364_34923234_BRIX1,0.007107087189885427,0.007776221513285182,0.03291754692717132,0.0038736734994617695,-0.009061121108380638,0.0027975263236160136,-0.012619668644796906,-0.010576290285408393,-0.007177884503139698,-0.006507367252999241,0.0005967326955618486,0.0160627395239863,-0.019482215319466565
circ_chr5_36953618_36976402_NIPBL,0.07024609418622106,-0.019640921813220656,-0.16748779615957293,-0.0053534233966834825,0.020968503898633483,0.038895281504130526,0.016448800808663105,-0.037959432090569165,-0.47535989803371465,0.07173774298083538,0.024848419397148144,0.07077790927415688,0.032979502178939815
circ_chr5_37238857_37239869_CPLANE1,0.001410581845870627,-0.004655118554976835,-0.008701556740422818,-0.006488088236934166,0.008878430988698031,0.029292720912181564,0.0036532312985836698,-0.002363431193511761,-0.12412303335726646,0.014988869624747892,-0.01957168331706977,0.06193195465012756,-0.0016864594220247983
circ_chr5_38523419_38530666_LIFR,0.1539552399899638,-0.05247006829397745,-0.026014970976371617,0.004297966585479205,-0.02136398102143592,0.006009129853238607,0.060279732437347584,-0.09989317759604097,-0.20095380127904974,-0.012423757888796766,-0.035143223351870874,0.09214356894722373,0.017403382302168695
circ_chr5_38990949_39003622_RICTOR,-0.037652270774404924,0.05124066450720151,-0.09979691126214806,-0.059433285064126186,-0.006449903370637093,-0.005116353532662696,-0.03124559836195562,-0.00721670056039058,-0.09444329361815704,0.004183692665558982,-0.007974794160336647,0.002803828373579629,0.016016468905805357
circ_chr5_38990949_39021136_RICTOR,0.0032173936735728804,-0.033915734666056,-0.019419786474374482,0.01686897825828663,-0.0051064629041341425,-0.0018241066946079797,-0.0029971156143251314,0.04740630476018313,-0.01888352164287203,-0.0024942622777350083,0.01249958220411886,-0.06440067259587769,0.0310858912849629
circ_chr5_40764514_40777586_PRKAA1,-0.018286281889698122,0.007835276476947192,-0.12836977070846728,-0.004898075842079983,0.0009213163624133535,-0.00887190858102118,0.025436776288908586,-0.06448370323305881,0.025155734915510118,-0.020904090297843105,-0.044075134257638676,0.09955251140064407,0.0036961297300452307
circ_chr5_40852174_40854096_CARD6,0.08357952483179891,0.01021450686374275,-0.039382813985141554,-0.1082645080742244,-0.002343406295072371,0.0015703766139369467,-0.00714704131872931,-0.06619250355662779,-0.7663701417959216,0.06068644838671811,0.014273063149043287,0.0028172889430721974,0.014180869108954757
circ_chr5_41907736_41912183_C5orf51,-0.13904530371881693,-0.0201651161780729,0.04587589612642451,0.006693747488960147,-0.007496396580904808,-0.0003576975721773514,0.06390304317593086,-0.5939305912608134,-0.026214964310351394,-0.07649951537388205,0.013684616148306256,0.17492890801330221,-0.14174922268677081
circ_chr5_43161249_43161931_ZNF131,0.022586473188188346,-0.007264002682326698,-0.015487494824555617,0.06813483137050434,-0.03524436151640824,-0.017915609809720522,0.003732120098239053,0.0023712812297801327,-0.23631756920084804,-0.0027315566206421375,0.007065167143691316,-0.02057957285051162,0.03565125510367157
circ_chr5_43295752_43297166_HMGCS1,-0.027444456820186015,0.008985209632974103,-0.026271338218027306,-0.02550525055928732,-0.0011873995697816132,-0.00827357389088408,-0.00789050961025594,0.0054242773500877825,-0.09299382664387827,-0.026381466482586446,0.0017635755977336708,0.010125429337205668,0.033845237327614894
circ_chr5_43675511_43677806_NNT,0.03765465335346198,-0.024257910381907638,0.006030260590257416,0.20246300463173608,0.07772210143329877,-0.010076045182058322,0.01174844093229279,-0.09942226043789285,-0.1346843630862063,-0.013249848073131043,-0.00797725872234656,-0.017150835145086037,0.02447885365245442
circ_chr5_43675511_43704400_NNT,0.09988768708319279,-0.005266227871826762,-0.012422211784762828,0.0086649498070127,-0.007405225421332699,0.03247336311436705,0.023918890248585626,0.0024770475985270504,-0.28660149204628604,-0.007924181266603159,-0.0034915539169318023,0.007713982971943911,-0.01765793882504973
circ_chr5_50399107_50411383_EMB,0.006180428447311031,0.07142820474609358,-0.09811228589007204,0.11967498186872372,0.005977991927606578,0.0018978859036493973,0.023207563204493544,0.0003219409774754513,-0.6083234822311183,0.004093113217704714,0.01836321552678267,-0.00584885627256015,-0.0043650525423016276
circ_chr5_50402286_50411383_EMB,0.04857259773883888,0.00026475220019107876,0.003921679828196439,0.36114802317088185,-0.032527965790229894,0.02786160123684635,0.021946778992303264,0.025360037540977987,-0.16884136396427,0.010962619376243533,0.0135006937958304,0.010331757057336265,-0.003925324357568821
circ_chr5_50750151_50763242_PARP8,0.008747006719024853,-0.008748650484346872,-0.032549573185870165,0.02812834193225742,-0.017589329713882395,-0.016240914573457763,0.006537788508758484,-0.024162624419439414,-0.33950333395961874,0.019712159600263533,-0.007862573267695294,-0.050683690208888056,0.00922424461709093
circ_chr5_50750151_50778650_PARP8,0.012773036540365814,-3.7137803751063474e-05,-0.0034989877829900346,0.02282065673173109,0.04238288099625907,-0.007603498757321959,-0.009232414207440153,-0.010774404904803808,0.0689094359418364,0.003226526970905089,-0.001978345511525947,0.01628112859915231,0.014549000706035275
circ_chr5_50759643_50763242_PARP8,0.023619430160679473,-0.008249816807084259,0.03137956675761279,0.031559437889137544,0.006486238406965564,-0.004557291501443171,-0.006490976121182127,-0.0008800811478184584,-0.0706906412360989,-0.015715452636422583,-0.00870119683322731,0.009274099803270902,0.007764565558656437
circ_chr5_50778069_50797233_PARP8,0.0027329727790397734,-0.004790470212843404,0.0010166071969151735,0.035207535147599965,-0.00915096068610001,0.0063245167697305454,0.017616509511658555,-0.014091276292663409,-0.30539038439925886,-0.0001972562508041421,-0.005079294899267753,0.03487992845644256,0.016901037149550373
circ_chr5_52861447_52865817_ITGA1,0.0005302304742382547,0.009366238041429201,0.03483731500278158,-0.03901234380627223,0.021287067881869084,-0.023075454109620884,-0.050042196075511566,0.0017099442339618528,-0.08340037472959647,0.019470240061253728,0.0027202576379884245,0.01252498867673847,-0.01012106279220998
circ_chr5_52864763_52865817_ITGA1,-0.018286281889698122,0.007835276476947192,-0.12836977070846728,-0.004898075842079983,0.0009213163624133535,-0.00887190858102118,0.025436776288908586,-0.06448370323305881,0.025155734915510118,-0.020904090297843105,-0.044075134257638676,0.09955251140064407,0.0036961297300452307
circ_chr5_55645789_55664863_SLC38A9,0.0013987666961404227,-0.008834452649761803,-0.025662929016620116,-0.011064428553248306,0.006724655106472416,0.015667428852579195,0.006063618668951115,0.04905275447500909,-0.018587887331281073,0.022595583599432888,-0.0218753344882422,0.009075402818947585,-0.004235551238266945
circ_chr5_56864734_56865977_MAP3K1,0.15756876294258368,-0.12647833393520805,-0.0008835737662748199,0.003806079872912226,0.0479407240487363,0.013829256285141082,-0.0051877918887812905,-0.0015943427448469113,-0.5204443671572941,0.041454719187121104,0.005604940106690706,-0.012239359008893058,0.039158963608872846
circ_chr5_57246300_57247215_GPBP1,0.013906465147672738,-0.032033409764049316,-0.03216014773952762,0.3088678995225573,0.031972054894515,-0.06204014029389503,0.0060647714719639,-0.08845945400719638,-0.0858529532864323,0.05043157299616893,-0.0028653351590979302,-0.09721809882440066,0.006560551920457978
circ_chr5_57246300_57249576_GPBP1,0.010545745665714238,-0.031032050161923983,-0.01048516100617442,0.04411649957618812,0.0209334128656568,-0.05665641971920496,-0.008296829879770585,-0.04896684568113752,-0.33233702752369687,0.017603077385577048,-0.03203819417506479,-0.0713172110949554,0.022370110110849648
circ_chr5_57246300_57251141_GPBP1,0.15132147907191648,-0.020358119948693146,-0.018584295779793796,-0.014788582618955982,0.03399807452501464,-0.04428528923456649,0.0353762017025777,-0.012567012039668576,-0.3454497546161369,0.04628975121418646,-0.004714624543661439,0.039166370751313885,0.009067751761747112
circ_chr5_58988493_58993465_PDE4D,-0.006328866504772246,0.012627006852053348,0.0032661150886846204,-0.029601354449479998,-0.009355340009640273,0.012211935356286894,0.007789485125296475,0.08974057262640811,-0.1477203079648166,-0.06632647364057001,0.06857918101365651,0.05946137102855098,0.02615361688834682
circ_chr5_61472681_61473037_ZSWIM6,-0.05939487492793491,0.08603199207863281,0.0004068431668287324,-0.05123249082731718,0.0259747910564959,0.01740886044920965,0.015102227319064618,0.01925155927859473,-0.28446541447496443,-0.002766569579718782,0.012104565565377376,-0.005292613701323745,0.03514236795395218
circ_chr5_61472681_61494410_ZSWIM6,0.0018923038921324336,-0.0030504167444388905,-0.03926247099985995,-0.019679840839886727,0.011255540648441937,-0.012804255908256916,0.008043508023246741,-0.026966141606490284,-0.024538356080083323,-0.012487409746256664,-0.015311805822753849,0.028558397571761825,0.007079324200651717
circ_chr5_62449927_62451933_IPO11,-0.018286281889698122,0.007835276476947192,-0.12836977070846728,-0.004898075842079983,0.0009213163624133535,-0.00887190858102118,0.025436776288908586,-0.06448370323305881,0.025155734915510118,-0.020904090297843105,-0.044075134257638676,0.09955251140064407,0.0036961297300452307
circ_chr5_64788951_64804386_CWC27,0.13832862871089163,-0.01386097275044418,-0.011544213848934833,-0.0024894275461142786,0.018004420967059807,-0.0021511749319279533,0.01704334042670265,-0.022833902435969253,-0.01343003073686574,0.021424979724823143,-0.0074767635760783786,-0.003940401012333057,-0.003817406525484436
circ_chr5_65451475_65473952_ADAMTS6,-0.030197612810461037,0.18550036218667448,-0.11677806815944831,-0.014115601390828507,0.005459289159104098,0.046689167770966475,-0.010600047593106529,-0.019384818694239622,-0.41180289103536744,0.02024920506965729,-1.7820270148285387e-05,0.01629784047461059,0.031021606310188684
circ_chr5_65567513_65572286_PPWD1,0.052262922154671286,-0.00012666018990912107,-0.058587021985413365,-0.007065038510164875,0.0252381533341308,-0.003611404705342397,-0.007533360802975168,-0.015260447145832745,0.007095248560235306,0.03992273380227915,0.006936297126211072,0.0567300255302978,0.00214413068805069
circ_chr5_65635301_65636043_TRAPPC13,0.007107087189885427,0.007776221513285182,0.03291754692717132,0.0038736734994617695,-0.009061121108380638,0.0027975263236160136,-0.012619668644796906,-0.010576290285408393,-0.007177884503139698,-0.006507367252999241,0.0005967326955618486,0.0160627395239863,-0.019482215319466565
circ_chr5_65988635_65994864_ERBIN,0.17257713709948008,0.09563956472670344,-0.023350423769627492,-0.0015502021754805026,-0.05919162006821183,0.019079131826554165,-0.02048159463280899,0.0014898821698391823,-0.4406006283474707,0.03306759201661912,0.07423434029731892,0.060477212719659425,0.04195774389917053
circ_chr5_65988635_66014725_ERBIN,0.02152797071469502,0.032012722279800274,-0.1362279293041114,-0.1628354461337251,-0.19336759453935307,0.0029497022212647225,0.08656381151371396,-0.01928207159193444,-0.5066805865181788,0.03278653983464642,0.010012714348625336,0.054124757612005484,0.08400263048476735
circ_chr5_66021322_66054951_ERBIN,-0.007525512855563875,0.011152305697847838,0.00011493290806056715,-0.0714980962252053,-0.006097716958386017,0.006643560525196031,0.03710351769831932,-0.01518853125372574,0.03915451379252683,0.03529343783415132,-0.01791450955007193,-0.03408468190488206,0.03109552947183227
circ_chr5_66050783_66054951_ERBIN,-0.023383457798337965,0.016723249119924732,-0.013233240011728105,0.013951366957579541,0.003985079208766579,0.013331632990580867,0.0074852054175756355,0.020910451663852473,0.07066172735643748,0.01175370550676801,0.019538803764852033,0.1410417200210152,0.003254461843762961
circ_chr5_66053406_66054951_ERBIN,0.02129594072996116,0.12602969114838983,-0.005069057648143722,-0.01649930792109739,-0.07477447721956988,0.012573654232467011,0.021150083504145416,-0.06919032700221373,-0.41962465959525924,0.017580938060812172,0.03168247598634072,0.008217436650830327,-0.005043913410059945
circ_chr5_6623214_6625669_NSUN2,0.03879809882681751,0.0012169645646941684,0.0010185379119190241,0.012820074736152617,-0.01157255544658935,-0.004008338783554833,0.0030602129962166613,-0.002893952616169704,0.03829391501011438,0.00022356587586562114,-0.0006624180386758838,0.0003074411011004781,-0.007597464340876657
circ_chr5_68226290_68227009_PIK3R1,-0.0018790676063460943,0.03246684699439308,-0.022378436664343557,-0.023256550158253838,-0.0258967517393199,0.00489003327677096,-0.0016958561669432055,0.021529970239877006,-5.140702112739071e-05,0.0775828972778631,0.011349867681395277,0.0007693098080685431,-0.006377976758711414
circ_chr5_69174877_69175537_CCNB1,-0.07605595392313338,0.00551181039554192,0.004043342985113185,0.03656919624027475,0.036299968705370264,0.05588513630828841,0.012584990129353968,-0.0007871773039861655,-0.4028776929176235,-0.001893755671636912,-0.10579585953823306,-0.022684337289762265,0.015699663195138085
circ_chr5_72848385_72855923_TNPO1,0.0014134824421867076,0.008442988163446859,0.01099978124622307,0.018660502326454928,-0.013675307388530539,0.0015175627467211652,-0.00845469464022545,0.009285182835446331,-0.024962731651544015,0.009296707146595223,-0.001221770732740621,-0.05571172822122874,-0.00034603409838674304
circ_chr5_72861808_72865729_TNPO1,0.16078682504832656,-0.00035709584841622625,0.0012313168600850933,-0.017657247877165598,-0.0053928154280953435,0.006845226156734702,0.03282654664377439,-0.034501971794620265,-0.6699858730005056,-0.041016412631800454,0.0164872683113852,0.20065162674374262,0.04072416013932676
circ_chr5_72968498_73037215_FCHO2,-0.0036524112686078885,0.0002901688529199418,-0.009919511267804146,-0.015983187959755875,-0.016925015590933252,-0.017932984333354548,0.0215302476843265,-0.003012581445874616,0.020658775294261664,0.005834922231860247,0.00827373074468134,0.06868552489801767,-0.009362676951052041
circ_chr5_72989427_72990864_FCHO2,0.02785494956076963,-0.003857264570788185,-0.011850101399678584,0.010076842544101875,0.009405568458949503,0.007831065242172211,0.015786217990781365,-0.0164722324299252,-0.41301983639787887,-0.004470382014511678,0.05944562908891438,0.1542010704892087,-0.0016682921610485493
circ_chr5_73058433_73077493_FCHO2,0.012375527388975308,0.04599495177123912,-0.013506184065221938,-0.07374379308660513,0.0398039549236892,-0.002523122782183101,0.04839254802559716,0.03890599794567057,-0.47409024438667197,0.02829106995967695,0.02993893780367769,0.08569795734262078,0.006859044544454496
circ_chr5_73074742_73077493_FCHO2,0.03958278152521758,0.037587306672706135,0.018980523074429285,-0.14109328473791097,-0.0055519305678804745,-0.005438146698296139,-0.0061147999082678695,-0.022428045282063346,-0.12901694833809174,0.026763349079217458,0.012920779401344949,0.03986463941327057,-0.00564244713832883
circ_chr5_73078180_73082825_FCHO2,-0.00421030628294616,0.04846200211241003,0.001207735591893013,-0.012673469051581126,0.015907007897970733,0.002288317725994899,-0.006892963898403127,0.004697448400777465,-0.2807815139042442,-0.02045111228034011,0.00350153947862835,0.012999454828282849,0.019229922127563078
circ_chr5_73840480_73840760_ARHGEF28,0.007881989941535354,0.007804033572166005,-0.045755192473636755,-0.0301848081828634,0.009705990192121986,0.011770060606028298,-0.008255377588143984,0.0067136151380243975,-0.07497433732964186,0.037453167767597544,-0.016839508509230258,-0.010311165839783544,-0.006975603068746252
circ_chr5_74634684_74636498_ENC1,0.0019189740145881626,0.10394113508344213,-0.05300788305142852,-0.18996197446428914,0.0935435656424566,-0.005919278350497046,-0.009807027621966188,-0.013801667842417344,-0.390676815428218,0.12205854538378733,-0.02254915613401956,-0.03324120467972272,0.003593733418897013
circ_chr5_74745678_74750667_GFM2,0.10724368173373074,0.005204255568239739,-0.04506350598717929,0.11919738445410537,-0.03438310700582667,0.003794813079862961,0.03813054211079507,-0.006048233678067816,-0.20950813793875045,0.06501445234862313,0.028443850734427373,0.032834647573068546,-0.022326134413146195
circ_chr5_77046347_77048272_AGGF1,0.12614070725750176,-0.017752413173685234,-0.0019313982993546751,0.13058745101578603,-7.128557402660986e-05,-0.014812099178360889,0.026947134559406432,-0.034411852972012616,-0.5004709481756434,0.03334923279684089,-0.016833069668727448,-0.01915596348774095,0.0001237396220222053
circ_chr5_77046347_77048987_AGGF1,0.014594825137825734,0.003136395266881539,0.031858300497601175,0.19485043762424392,-0.032651361286578896,0.0023791515193057364,-0.00044973601349269774,-0.008752228694374998,-0.06916531937441936,-0.0037066877782477325,0.011114599765710314,0.021546719612633797,-0.011346206743764886
circ_chr5_77449760_77463226_WDR41,0.0066310659749182505,0.03644402431863928,0.005998151760512347,0.017683995844292855,0.005172165973265481,0.006551942163216771,0.008375407241005469,0.0030705757594107126,-0.1658770116733582,-0.0034118112971058584,0.004547880337671915,-0.0160710446220393,0.007067150361650495
circ_chr5_77449760_77464809_WDR41,0.07270322232325048,0.01891719996239364,-0.030528251602892218,-0.0664703918623005,0.010082272089099627,0.01736737152220305,0.03220532579532385,0.07404380369932304,-0.4319910901121642,-0.04283958529759374,-0.010887728523441395,0.042967383365640224,0.06873589468769842
circ_chr5_77449760_77489572_WDR41,0.0017920109648170476,0.04999319432558532,0.012400870880513634,-0.004957257643283587,0.03007385196904535,0.0006658775812204873,-0.008250274330184054,-0.002632954200119543,-0.02494326475836415,0.004452168768440812,-0.0035708633157229453,-0.047936633352286526,-0.010541356828705117
circ_chr5_77463095_77464809_WDR41,0.10308099039983137,0.030947357843813198,-0.0024432512164221138,-0.11485236216849447,-0.02202051547816879,-0.007185473951367289,0.003257112773579608,-0.01831934157473739,-0.014181781904060664,-0.010454403921252,-0.002377514001360078,0.023291807199937568,0.021162716712257716
circ_chr5_78128030_78165672_AP3B1,-0.018286281889698122,0.007835276476947192,-0.12836977070846728,-0.004898075842079983,0.0009213163624133535,-0.00887190858102118,0.025436776288908586,-0.06448370323305881,0.025155734915510118,-0.020904090297843105,-0.044075134257638676,0.09955251140064407,0.0036961297300452307
circ_chr5_78388837_78459362_SCAMP1,-0.06907651096996077,-0.07184998242238294,-0.060628240892412956,0.011212556022120982,-0.013997682218617018,0.13040541166304495,-0.010373490707011313,0.04003174665093667,-0.04279113177665574,0.0076787884647495815,-0.10233641517471699,0.04540246857750308,-0.08080080674329852
circ_chr5_78415520_78421960_SCAMP1,-0.008517957427396625,-0.021116055378952277,-0.07724164140929787,0.04012789340773221,0.009561089601400745,-0.01981933721961406,-0.03241833714140808,-0.01122616733987783,-0.15249241689309248,-0.06159340499405688,-0.01140170889891596,-0.022020342619582876,0.0001877986084091238
circ_chr5_79439010_79457018_HOMER1,0.04331652785415794,0.04498035368953704,-0.1445308341699998,-0.10187736320274002,0.09511480728694462,0.08132856659055648,0.02074936076698931,0.011594125048572277,-0.4577846065218545,0.06539168851584988,-0.017973262694855732,0.16387250600412354,0.004396553462841259
circ_chr5_79618647_79620083_TENT2,0.10893562952328105,0.006350043476846089,0.03772961209581941,0.24263694308064906,0.027424943354934724,-0.00394742960201396,-0.005057319702270252,-0.02028324058863372,0.03318464314649488,-0.014667678337301595,-0.008176079748178062,0.02712130357500994,-0.009514889618414478
circ_chr5_79640851_79669028_TENT2,-0.03404930751228719,-0.01835526180161769,-0.11284517678375214,-0.005481069330674973,0.018712731118581506,-0.150781584175168,-0.018241784610184615,-0.19475351141297817,-0.041748101440260914,0.05892971205172931,-0.04450901830636218,-0.06369189053288182,0.0047014042757284324
circ_chr5_80146090_80147284_SERINC5,0.029186016080004498,-0.07483706155377558,0.015971248478303047,-0.052077537449058756,0.008428147440134495,0.0024959857555213218,0.021572506432197314,-0.0013402951890125285,-0.0041201404689443786,-0.00447238446157566,-0.005955499410275576,0.005679173571209036,0.0037631260104873713
circ_chr5_80725453_80744615_MSH3,0.007107087189885433,0.007776221513285187,0.03291754692717131,0.0038736734994617725,-0.009061121108380643,0.002797526323616014,-0.012619668644796902,-0.010576290285408399,-0.007177884503139697,-0.006507367252999243,0.0005967326955618469,0.016062739523986305,-0.019482215319466555
circ_chr5_80775694_80792844_MSH3,0.022510755301644942,0.1604488273170313,-0.016498885689549794,-0.024589204110082908,0.02307834746259223,0.0005196583356977465,-0.014639131892049803,0.007626764242187297,-0.2585216489203354,0.0487210869306119,0.011360607350910936,-0.015539809637621433,-0.008200794297110826
circ_chr5_81123642_81127163_RASGRF2,-0.00579120287961304,0.10024556490562664,-0.013518403459383177,-0.032267734849604615,-0.004087709986430276,0.012409073359522235,0.05752597066725092,0.0005673843972769518,0.026369562728971466,0.03401173208207288,0.006668518028496687,-0.031027296374235052,0.009560395836756429
circ_chr5_81615473_81650339_SSBP2,0.00847407013001363,0.011252501772457825,-0.01301791770502849,0.022311873196736356,-0.005994383291397565,0.004524315612107552,-0.009568400338738452,0.015043868537076592,-0.1048388548868278,0.001032484636191777,-0.002922071466203094,-0.00045432538071017215,0.006865372409450098
circ_chr5_83537007_83542268_VCAN,-0.006057400985200815,0.08949139823023908,-0.017995711653403745,0.004032247234694711,0.011279819443694014,0.0013422498945621169,0.009406335148400372,-0.013832615746474965,0.019833452402773854,0.028938999636071185,0.0021529124533599866,0.021154691737931244,0.011084028570633087
circ_chr5_83537007_83555038_VCAN,0.0019443490388644789,0.24415279446603208,-0.05946820712443557,-0.17695967495766646,0.026211509266173674,-0.0031402950360268334,0.00544322575882481,-0.01905207041864713,-0.0037412008235090583,0.004954369178016223,-0.0008338108483723272,-0.22361057043989177,0.005932527261700635
circ_chr5_84060300_84066606_EDIL3,-0.009141667442282262,0.17923966324098478,-0.01956049520087248,-0.10050004414859712,-0.05852941160500252,-0.02756396076985971,0.007179466636043425,-0.005963760460542306,0.006368885988325385,-0.023508463400580756,0.021419685524222364,-0.05309134175146315,0.009945591940447883
circ_chr5_87331348_87338091_RASA1,-0.01581280487158208,0.009299107776700203,0.04738707501626171,0.009048921762700245,0.026984240990107752,0.009256299097292189,0.0077436817043401995,-0.020805736385953573,0.007355088471878658,-0.0717595624893916,0.02131989042694041,0.04525655925374209,0.07223994579775447
circ_chr5_88282042_88292643_TMEM161B-AS1,-0.004242378894305589,0.0007322562663087565,0.0207851111854232,-0.007939220947046445,0.039728794451349775,0.010848875702048061,0.004224552685548863,0.033793388828541084,-0.046663489866494004,-0.030473319890296478,0.019350544867623175,0.016733858811457527,-0.0006906199558032249
circ_chr5_93553761_93563463_NR2F1-AS1,0.021408415040689636,0.008320782917455421,-0.12481631777165095,0.06376313418882089,-0.008425591470968245,0.00603302047335017,0.007137189872719266,-0.013389010944869181,-0.02458898424109955,-0.00563613925453595,0.0024537102927210874,0.004739375409913206,-0.008942507681987595
circ_chr5_94628811_94630743_SLF1,0.007107087189885426,0.007776221513285182,0.03291754692717132,0.003873673499461768,-0.009061121108380638,0.002797526323616013,-0.0126196686447969,-0.010576290285408393,-0.007177884503139693,-0.006507367252999241,0.0005967326955618486,0.016062739523986295,-0.019482215319466558
circ_chr5_94643273_94654752_SLF1,0.009420673997566268,0.052306465131774664,-0.00191695441367505,0.08805570606278297,-0.03624730755369528,0.0068776417796036675,0.038287833324537446,0.015727130161331884,-0.12689588412633462,0.01546721842183876,-0.004764819558188501,0.008122899440582351,-0.0005611846884908286
circ_chr5_94888879_94912976_MCTP1,0.0066310659749182505,0.03644402431863928,0.005998151760512347,0.017683995844292855,0.005172165973265481,0.006551942163216771,0.008375407241005469,0.0030705757594107126,-0.1658770116733582,-0.0034118112971058584,0.004547880337671915,-0.0160710446220393,0.007067150361650495
circ_chr5_94909251_94924021_MCTP1,0.03839348638928235,-0.0010265883896486661,-0.0016797736594124303,0.01198191344796851,-0.015897138698238743,0.010025776444333995,0.0008841002373001561,0.01992068440647415,-0.0695158654302479,-0.016446439428928383,0.0064391965431663326,-0.027010560793011475,-0.00697204353476968
circ_chr5_95736889_95783963_RHOBTB3,-0.003946945050376876,0.028772617259693857,-0.017912626783234624,-0.015420426673233043,0.006936664544078108,0.0204281699096028,0.003305705393557434,0.0052322964921948465,-0.049325670539509626,0.016608573327595563,0.045981202510270755,0.16457315994913413,0.010670927317770883
circ_chr5_95755396_95763620_RHOBTB3,0.07225395118533101,0.00775864436776727,-0.17187353466338964,-0.0950028937310619,-0.0013353302054632174,0.00915752121624994,0.04669659868106571,-0.006580680676000639,-0.3174789479344766,-0.006521755137762742,0.010389102711308587,0.012127554880245882,-0.007354507897053316
circ_chr5_95763508_95783963_RHOBTB3,0.004222848132388811,0.027837737938603568,-0.014867415182345797,-0.0010442610221563541,-0.012117543194325295,0.0036631828606266386,0.0010226037369284531,-0.04389098079431222,0.012125094844467714,0.05658218737771275,-0.0197408909518787,0.03538254771124418,-0.001547293241390617
circ_chr5_96722639_96730860_CAST,0.004246176905138713,0.008529642412347726,0.010882073240225098,-0.0025586144160111473,-0.0015429983272029807,0.008312275717443198,-0.008808821182736983,0.00019094226816542288,0.0015688443820789893,0.019484026391768477,-0.01854740469316049,0.014028275465979555,-0.007194255687550104
circ_chr6_100798713_100805880_ASCC3,0.010137996177088241,-0.00846835862551009,-0.0046909181189622754,-0.028293726408688224,0.0018532871899509216,0.0044937153683009086,0.042475529870064525,0.026619094274692175,-0.09299507534429823,-0.07494645619950067,0.016591038861588407,-0.16404557345007137,0.014387054628701199
circ_chr6_104833042_104843298_HACE1,0.092764240649078,0.050070069945400315,-0.001442147837872955,0.013962261540574547,8.532369244325306e-05,0.0007194535127909809,0.03494879547061522,-0.012519582215376438,-0.039196584043194066,0.006618421303719186,-0.008777357948415814,-0.003846133265163118,-0.014195094625476029
circ_chr6_10703405_10704844_PAK1IP1,0.004732030190342833,-0.031103612858426277,0.026033088008475043,0.00368189832708317,-0.05641999886636266,-0.00604663999370814,-0.014250508372542483,-0.013669331426900999,-0.24406378898001305,0.011643840480562868,0.0198220185722759,0.020695962545907838,-0.001678310978842136
circ_chr6_107503657_107506427_SOBP,0.12452778411651048,0.004571794448354042,0.001491257621986558,-0.006197982650475919,0.006199949657325153,-0.008959037812214616,0.0032135897508224257,0.000567949509215626,-0.19430810712670438,0.011440032032662339,-0.004384740563478758,0.02403117075986408,-0.014861597095750892
circ_chr6_107901370_107924932_SEC63,0.012773036540365814,-3.7137803751063474e-05,-0.0034989877829900346,0.02282065673173109,0.04238288099625907,-0.007603498757321959,-0.009232414207440153,-0.010774404904803808,0.0689094359418364,0.003226526970905089,-0.001978345511525947,0.01628112859915231,0.014549000706035275
circ_chr6_107921797_107929514_SEC63,0.013870849509885742,0.0032169192474374056,0.0016373481808786173,-0.02540206329348851,-0.008941080004783409,-0.009032216288494559,-0.006626399692573884,-0.008092181365601261,-0.004624110171198622,-0.018398755191882988,0.00011177483584789161,0.0032349006658235315,0.007004927220373693
circ_chr6_109475399_109476930_ZBTB24,-0.049201850920794495,-0.01756604749846525,-0.03328144580260951,0.006045605174503469,0.050301374188622974,0.042689358837890795,-0.026602737149994206,-0.008337468729037359,-0.11387606171454805,0.010633419848851135,-0.016044723834991573,-0.06332896339538177,0.010440823870052887
circ_chr6_110887505_110890356_AMD1,0.016636689353364497,-0.003061521490905127,0.016614909016341363,-0.06091041667439203,-0.000739056985733305,-0.010469085429547725,0.04607672656569984,0.00476427851056794,-0.45997932595051194,0.03502941304128895,-0.013409211299950395,0.04529384636480897,-0.030724169273847114
circ_chr6_111172695_111177665_SLC16A10,0.02848140469209308,-0.092576606315847,0.0030726220387114196,-0.032726253059317235,-0.006198169489762371,0.00907601669650674,0.021938062188183345,0.0017531057883762454,-0.08379528835116729,0.003458394141610738,-0.0006951260447993767,0.023163828075586472,-0.001840625542114474
circ_chr6_111262257_111263946_MFSD4B,0.048217716034571555,0.023768616108735832,0.018944469532033437,0.018211447605573108,0.0006136567170407172,0.027191071343047674,0.014624454062892067,0.02250255981280328,-0.3808688045481479,-0.009575139712394891,0.033006465860914894,0.07477181734557967,-0.014758672619885883
circ_chr6_116689320_116692392_KPNA5,0.23131261852222282,0.03297499903320859,0.002207140607775932,0.001989533437634185,-0.0007623633589860165,0.09302512358823163,0.15778346672780452,-0.07157703078777947,-0.5204722685329681,-0.04252880720767539,0.017379967586016624,0.044450419180300266,0.002481798418135527
circ_chr6_116689320_116705160_KPNA5,0.08529650918052298,-0.008987477397134663,-0.01929790536924494,0.03718261663942229,-0.02604129163434653,0.007268752848352885,0.021222739894443,0.009101633631757698,-0.19915844205298516,0.013833397282577247,-0.01025290983822263,0.005039391918845974,-0.013546955620337432
circ_chr6_116698704_116705160_KPNA5,0.17644404361904453,-0.010406601502573007,0.005739432476286027,0.10003580379192555,-0.010047256338825144,0.013765972602828025,0.024939526954702914,-0.028318587485857586,-0.47134963551938325,0.03653936241329015,0.008406047827465537,0.039148297021821446,-0.017190519752095457
circ_chr6_118511298_118566316_CEP85L,-0.002169591089928429,0.00436775103991149,-0.07156400095969363,-0.001340609613363505,-0.05270091319330819,0.0246363699968828,0.03139244102534352,-0.03730414554443713,-0.0921272538036375,0.027546337095483243,-0.08285814664145773,0.0742705694633289,-0.0153976156219012
circ_chr6_119290683_119306992_MAN1A1,0.007107087189885427,0.007776221513285182,0.03291754692717132,0.0038736734994617656,-0.009061121108380645,0.002797526323616013,-0.012619668644796906,-0.010576290285408392,-0.007177884503139693,-0.006507367252999241,0.0005967326955618489,0.0160627395239863,-0.019482215319466555
circ_chr6_125045211_125058106_RNF217,0.007107087189885427,0.007776221513285182,0.03291754692717132,0.0038736734994617695,-0.009061121108380638,0.0027975263236160136,-0.012619668644796906,-0.010576290285408393,-0.007177884503139698,-0.006507367252999241,0.0005967326955618486,0.0160627395239863,-0.019482215319466565
circ_chr6_130175841_130184623_SAMD3,-0.008517957427396628,-0.021116055378952277,-0.07724164140929789,0.040127893407732214,0.009561089601400745,-0.019819337219614062,-0.032418337141408085,-0.011226167339877831,-0.15249241689309248,-0.06159340499405688,-0.011401708898915964,-0.022020342619582887,0.0001877986084091246
circ_chr6_130184103_130184623_SAMD3,0.1787659051374422,-0.025008212185764142,0.007086000723407963,0.31036877412779873,-0.011331503521391114,0.034010178993125355,0.11836824379114597,-0.0015016520410676794,-0.3878431942444611,0.03774036872302538,0.01314419080903333,0.0068696103333407595,0.002635383790559314
circ_chr6_130926605_130956499_EPB41L2,0.25818221886327486,0.0853364590878575,-0.20717617964012408,0.02007748723663561,0.02464319391760126,-0.018502450671752036,0.006688325584203362,-0.0002256105217131216,-0.21709434091561283,0.02082552255508345,0.022517075359702425,0.033077399759585464,-0.023562067285445135
circ_chr6_130955105_130956499_EPB41L2,0.16549433492303797,-0.009627687809885592,-0.03923558332286694,0.023835109002993387,0.007016665237863415,-0.0035034329469702478,-0.022315225594220178,0.012485152450836428,-0.14213447904396578,0.018265342377005243,0.0046292308977196415,0.008619677082861016,0.011900479223030514
circ_chr6_131145285_131169273_AKAP7,0.10696458384190555,-0.043300203177067446,-0.02633975367125498,-0.07115440841211451,-0.02515430933779027,0.005691986067388474,0.009393689382845856,-0.022696756721676842,-0.1213445161917639,0.025074611192491995,0.002845640076430796,0.026219565109025716,-0.008324881201662642
circ_chr6_135039573_135042126_HBS1L,0.09462400685184377,0.0035096839163193936,0.048070065115314496,0.05162992065443716,0.0362899793620646,0.010079482948386998,0.006762741009664157,-0.01786426159415177,-0.36361457660520313,-0.002137026184408204,0.0007191364740332108,-0.026179322638383105,0.0233857317285024
circ_chr6_135300500_135323324_AHI1,0.04065099226420919,-0.027824945323457032,0.015972518086818405,-0.027225847344924985,0.033568701897043626,-0.0013731186266931936,0.014085608220939036,-0.005836495702885799,-0.019916081890200662,-0.0043280690642843395,-0.006214297698412879,-0.0012903160506316375,0.003194687955551012
circ_chr6_13579451_13584225_SIRT5,0.0897928188447178,0.0005650161122728995,-0.03015668199674177,0.0064650127873841145,-0.029929482935587174,8.033558817072994e-05,0.014847108987854093,-0.0014073800298531048,-0.47709897903777004,-0.035851875665574684,0.007890939464688659,-0.0017301418212375954,0.018496186706498212
circ_chr6_136151160_136155758_PDE7B,0.0075045232333387805,-0.028807565487248107,-0.0106072070507927,-0.0019065738908981768,-0.016091790360303643,0.010306265408766765,0.008663643431984367,0.0033734278768794406,-0.14593772765315943,0.009079123818615734,0.004329501572198119,0.022229168938038855,-0.0065026961296923095
circ_chr6_13632370_13644729_RANBP9,0.1100101239827179,0.1917538876410434,-0.12953467758649026,-0.03381712292713069,0.12113906706380617,0.060076940417936146,-0.019073264694462914,-0.08897412771342042,-0.8269065480810139,0.025576055198970007,0.013182937498215102,0.03514686058163365,-0.0008921867335898925
circ_chr6_136388393_136389517_MAP7,0.00034413793119861865,-0.024335530768369543,-0.06923686639231927,0.023582971807596782,0.02023012990971565,-0.010327629963192071,-0.005244795022682894,0.09321655692268063,0.01978724812666277,-0.020219287162791536,0.053718481578634174,-0.22911463136486115,0.05495333003225237
circ_chr6_13639563_13644729_RANBP9,0.04297278166854169,0.0052916998780648756,-0.04416785385316358,0.03153070991843892,-0.0010433588542362194,0.022147959671565645,0.0047969490426863,0.006244705511204512,-0.48081313179070434,-0.012581233061861838,0.01055726937649675,0.05847615227332273,0.011835863935577035
circ_chr6_136669283_136698682_MAP3K5,-0.011351268263716909,0.0024982543056634677,0.012193611512393093,-0.026288594373563373,0.009064558680769167,-0.006995677612598252,-0.012758429169205113,0.014557450043101126,-0.0692672812366604,-0.017672394135498135,0.0065922124338418835,0.020421840896873846,0.017680649019664152
circ_chr6_136694140_136698682_MAP3K5,0.09418652797912776,0.0068151023063625915,-0.0019127728622633042,-0.029696803353061334,0.09153608244876385,-0.003210411633983903,0.01563275301400701,-0.02446716048145658,-0.6802868068843343,0.021731375882673768,-0.013612867766308767,-0.06873899235210362,0.03878074572391193
circ_chr6_136694140_136720589_MAP3K5,-0.01638543231439332,0.016884798211544906,-0.01044859131323138,-0.02764727362174233,0.01804132412454632,-0.017057524322332887,-0.013202661988677953,-0.008760366513896606,-0.045719376038722254,-0.02888751532143724,0.0030885641827549885,0.007268642328976745,0.04624780878555244
circ_chr6_138943513_138944622_REPS1,0.23672712525913792,-0.017788901150413768,-0.11954218642105387,-0.020974620551511454,0.018340179721715314,0.005535165257028117,-0.007798883037876236,-0.09352368620075546,-0.7255830762185329,0.0660350860306818,0.004870552171661025,-0.07759222405334446,-0.00276986739359349
circ_chr6_143765261_143777383_PHACTR2,-0.018286281889698122,0.007835276476947192,-0.12836977070846728,-0.004898075842079983,0.0009213163624133535,-0.00887190858102118,0.025436776288908586,-0.06448370323305881,0.025155734915510118,-0.020904090297843105,-0.044075134257638676,0.09955251140064407,0.0036961297300452307
circ_chr6_144451370_144459354_UTRN,-0.026040964916946515,-0.034649458903154295,-0.12115506468704974,0.01071371292281284,0.07376741940488665,-0.2201189823770053,-0.0273069236832922,-0.2685425278886138,-0.13796780217717716,0.15664049770108887,-0.01184152488837649,-0.4209713105978359,0.003636801867175085
circ_chr6_144487548_144493456_UTRN,0.18989121330326572,-0.0017288936459748491,0.006937550347416117,0.02799640765156903,0.0526781655632259,0.01338211711108379,0.04472009780931152,-0.006620270837997452,-0.34020721747356497,0.0011923082296037407,0.0022119508050178695,0.017298836397068026,0.02364131330143205
circ_chr6_144521980_144523188_UTRN,0.007107087189885426,0.007776221513285182,0.03291754692717132,0.003873673499461768,-0.009061121108380638,0.002797526323616013,-0.0126196686447969,-0.010576290285408393,-0.007177884503139693,-0.006507367252999241,0.0005967326955618486,0.016062739523986295,-0.019482215319466558
circ_chr6_144537582_144539443_UTRN,0.19646056080324367,-0.004786633922050567,-0.014212285792393827,0.18319461706833562,-0.017061299402858412,0.008977188198685992,0.0238314221915947,-0.0048866029379250105,-0.5266761849165643,0.022886035619788126,-0.009796733306597765,-0.0027913396718007373,0.0014897303536577594
circ_chr6_144537582_144542870_UTRN,0.018607276925433673,-0.013247491611636544,0.004732460366748876,0.009248426868271438,0.006714011855759832,0.015704675347790215,0.01057358110497638,0.00901070995795346,-0.06548399229725123,0.00666877511353101,-0.006370240347096945,0.0009338661657909169,-0.013198240650957194
circ_chr6_144781922_144803147_UTRN,0.14329192998972218,0.008683620114528242,-0.020539886883070985,0.05015659106203202,-0.009541371811280423,-0.004250241850305906,0.035214679443316514,-0.057456207618523936,-0.24061434626478784,0.0297929129533784,0.003589412423807833,0.09944605500364047,0.002465298639504844
circ_chr6_145888020_145894977_SHPRH,0.04480967213477715,-0.008693897015188974,0.002972409634305422,0.1371779975716793,-0.014079424425988776,0.009932575486880976,0.04040184831840591,-0.013476737115249033,-0.24395510109087024,-0.0027226926064276335,-0.0008559261541305887,-0.01358236929009754,0.018635338743347458
circ_chr6_147205971_147239270_STXBP5,0.0031213084530363963,0.014518782029764936,-0.027052897182337526,-0.01684429323333351,-0.020892911452582305,-0.01593984078275525,-0.009235961536069884,-0.001882409948813448,-0.00020836762893140036,0.030398531788013838,0.005845223378340794,0.10376731553801989,-0.01958589431523575
circ_chr6_149342685_149370099_TAB2,0.022993599260299435,-0.01620436648472317,-0.001782312135761681,0.0009854663342769175,0.0142233898142542,0.007431781939083958,0.008772133738061707,0.00522242081244925,-0.01858658341627424,0.0014807151664648634,-0.01877348759098192,0.000874098544040593,-0.004368659255749602
circ_chr6_149572285_149582603_GINM1,-0.0009149462781291694,-0.006465201129246501,-0.03230058074516547,-0.031651230579189726,0.00520109145062967,-0.003399202999424306,0.027395294218098793,-0.053099444232580006,0.002055325412497181,-0.0172157456391073,-0.046914168996157114,0.08893792642607166,0.0038364915960309885
circ_chr6_149771162_149773169_PCMT1,0.04139278065483301,0.012812741322153686,-0.016945151105456097,0.03281422464433721,-0.01790826242926206,0.005580906881505309,0.012193818299532368,0.004514477711278592,0.010491184837222363,-0.0015316321665058514,0.0055850017476324195,-0.014650877796301318,-0.022978795303436914
circ_chr6_150795856_150800869_PLEKHG1,-0.04444254265856334,0.01273172447415382,-0.10680460031792288,-0.023774616965179702,-0.0003789539270929785,-0.011834079900122939,0.005942958466849811,-0.023298276018738656,-0.03945231377318809,-0.03852639538669077,-0.01908121441363973,0.058450809807432294,0.03121260073936525
circ_chr6_150804610_150819774_PLEKHG1,0.007107087189885433,0.007776221513285187,0.03291754692717131,0.0038736734994617725,-0.009061121108380643,0.002797526323616014,-0.012619668644796902,-0.010576290285408399,-0.007177884503139697,-0.006507367252999243,0.0005967326955618469,0.016062739523986305,-0.019482215319466555
circ_chr6_151348711_151353752_AKAP12,0.005564077957038589,0.11371291789257604,-0.07676011126099037,-0.010681268644853283,0.018031031883147548,-0.021011759549523692,0.002345429380648311,-0.041263982480048846,-0.01618147047799404,0.09801650632364951,0.028987304890233188,-0.016148609672048352,-0.0011883564800755976
circ_chr6_152329730_152331890_SYNE1,0.0075045232333387805,-0.028807565487248107,-0.0106072070507927,-0.0019065738908981768,-0.016091790360303643,0.010306265408766765,0.008663643431984367,0.0033734278768794406,-0.14593772765315943,0.009079123818615734,0.004329501572198119,0.022229168938038855,-0.0065026961296923095
circ_chr6_154773989_154795139_SCAF8,-0.00036298805208677675,0.07012916796468291,-0.16929853612382367,0.022930016449169692,0.035185624087083846,-0.015723682922197918,0.03336512625090895,-0.0149088504912482,-0.0980689393887939,-0.00021621009765750547,0.048612418246836285,-0.05027382650186902,-0.0016152243709331112
circ_chr6_154773989_154833409_SCAF8,0.007107087189885433,0.007776221513285187,0.03291754692717131,0.0038736734994617725,-0.009061121108380643,0.002797526323616014,-0.012619668644796902,-0.010576290285408399,-0.007177884503139697,-0.006507367252999243,0.0005967326955618469,0.016062739523986305,-0.019482215319466555
circ_chr6_157036835_157084905_ARID1B,0.013279670845267625,-0.027296524546559762,-0.014213869956446162,-0.04437165753081762,0.07827182306244333,-0.04211231275151626,-0.034150705696267145,0.00019340332747518939,-0.07339172222592576,0.0254745021106814,0.009138024365080778,-0.1105755047757328,0.004842958458949454
circ_chr6_158573420_158589782_TMEM181,0.06856484843010457,-0.12376906471619004,0.011949282722930266,-0.043207141300605156,0.15714028391677337,-0.01772677824313588,-0.0050821199567849485,-0.06484955903063562,-0.3556301613906593,0.008404588045186945,-0.00986478026138835,-0.03195119533133353,-0.00582121868208021
circ_chr6_158580940_158589782_TMEM181,0.11390542658750694,0.005345870017461337,-0.0038961459352452976,0.0025197817025385746,0.02344876335854192,0.014229884716738927,0.013991013832299224,-0.028342780564702217,-0.6423447592549985,0.00819518797917812,-0.02046000479419951,-0.04650762527131747,0.012929920984661272
circ_chr6_158583954_158589782_TMEM181,0.043183256670692574,-0.0014555484621638643,0.017077653123569805,-0.014237572527814017,0.17143272861965128,0.02332122252962673,0.06507725231832853,-0.02854573280270997,-0.5320496401516138,-0.018974019261300264,0.0034671486391155246,-0.1110785959288574,0.024552316970147356
circ_chr6_158605267_158608750_TMEM181,-0.018286281889698122,0.007835276476947192,-0.12836977070846728,-0.004898075842079983,0.0009213163624133535,-0.00887190858102118,0.025436776288908586,-0.06448370323305881,0.025155734915510118,-0.020904090297843105,-0.044075134257638676,0.09955251140064407,0.0036961297300452307
circ_chr6_159682474_159688242_SOD2,0.009692047466277536,0.0069370454124723195,0.00598991350240525,-0.11143301868914425,-0.07385099294799519,-0.05794626535663419,0.04901620743633968,-0.016970571157619935,-0.5123698307442701,-0.01051757310167278,-0.023135007733463303,0.06775691133469355,0.007702504977725944
circ_chr6_160046498_160048543_IGF2R,0.005164227917275175,0.083876039069169,0.03690072119194579,-0.041186775908712496,0.04971819783335421,-0.007978910128420657,0.004216614878816121,-0.006435871044833136,-0.0323546127126288,0.024180425552940896,-0.012075432669099256,-0.0072011470861783776,0.021859513046370165
circ_chr6_160397979_160410846_SLC22A3,-0.018992744611363487,0.01054281297670071,-0.00607987608199876,-0.03497588809325814,0.03737976019539425,-0.00022068690414127787,0.02118446805290212,-0.10640038714583563,0.001024674515638048,0.024284340493497873,0.00030910611415298824,0.03454043826314151,-0.021048872569727768
circ_chr6_161034259_161049979_MAP3K4,-0.0062998399326442455,0.07753526152030811,-0.0006400849269043694,-0.06065839103759934,0.0627350010405842,0.051518990044699425,0.03337788927636644,0.03249359654549957,-0.07514065268192777,0.018048707521006853,0.031097662563072132,0.008330188639536528,0.01662462737655999
circ_chr6_161048616_161049979_MAP3K4,0.007378906494912027,0.0456974911843906,0.021394899943484466,-0.0010357869720062332,0.020972944617130444,0.009087695128053033,-0.0043795982016044165,0.0023602345737575876,-0.16453414313671386,-0.006265883552477832,0.003510724817615511,0.014010810454732535,-0.0005797735734473507
circ_chr6_16326394_16328470_ATXN1,0.015398002370726612,-0.0039974862017000306,-0.06062215467488103,0.11664371905472243,0.18192954306233056,0.032712447981333256,-0.03095116282191327,0.0006085602060356453,-0.04980736012164041,-0.0022012155441836034,0.01175632751464235,0.07677133697064689,0.0027220066952050137
circ_chr6_163455279_163478896_QKI,0.03697053443555182,0.007597080351900396,-0.01593757883714052,-0.02798505506709936,0.015312588769784688,0.024087057765938124,0.012944197120812828,0.0646571286914385,-0.0745398438791071,0.0038916008362771025,0.013456846370321232,0.0699956067475987,0.03948925459019272
circ_chr6_163455279_163535125_QKI,0.004425912994031719,-0.014787023247039817,0.010190071333816306,0.0024446737433130397,-0.02726390881899376,0.006303213692905651,0.002114163428903439,-0.0009517740908558488,-0.061626528406780574,0.012324910017172681,-0.021031155017093243,0.032781194681874154,-0.00017364983268542333
circ_chr6_16485972_16657901_ATXN1,-0.06907651096996077,-0.07184998242238294,-0.060628240892412956,0.011212556022120982,-0.013997682218617018,0.13040541166304495,-0.010373490707011313,0.04003174665093667,-0.04279113177665574,0.0076787884647495815,-0.10233641517471699,0.04540246857750308,-0.08080080674329852
circ_chr6_165448928_165543568_PDE10A,-0.008978767320196528,0.0044438309816491285,0.00013750343455898838,-0.011020845042765072,-0.052882667788925114,-0.0283316358949265,-0.0010099797445340714,0.02581812841147487,-0.028465444885883345,-0.14013496413332716,0.01487491954214747,-0.22747137691068736,0.027635881493087076
circ_chr6_16585780_16657901_ATXN1,0.034750930001293714,0.021695525948450207,0.017610796890308898,0.040434945340575575,0.09478015965407809,0.0012566467630031803,-0.003570462516015151,-0.012227783921203977,0.02976028126793437,-0.012648314777632258,0.006272573519744787,-0.0010823378710213306,-0.02067907147150828
circ_chr6_16585780_16753347_ATXN1,0.0944176592956662,0.01820363993037472,0.011512442905484862,-0.012597254475445548,0.03707969610556266,-0.009634910331195238,0.0013636033070339923,-0.023919117936830082,-0.09660622360461588,-0.040460357505512155,-0.000681783609998268,0.004938908472888863,0.025216155565429648
circ_chr6_16657776_16753347_ATXN1,0.011861820926279517,0.004007297005690136,0.012470188000026807,-0.0017045666626656672,0.020761737042674703,0.0021371895339705317,-0.011248297423505364,0.01998771971045075,-0.014782065786413882,0.007610947140393123,0.014633125434949028,0.016422412959604647,-0.005614173826374361
circ_chr6_167022409_167033971_FGFR1OP,0.019842823904926407,-0.00997162058010722,0.008324502638830621,0.0003429932288027631,0.010486621225760145,0.002457376404887706,-0.006367661753186507,-0.006859419557145356,-0.0013729822728380408,0.002742464852773208,-0.00014350761670651113,-0.006021653086851113,-0.009370703001157573
circ_chr6_167870383_167889326_AFDN,-0.0016953052659675447,0.018990151152459167,-0.050720957197952235,-0.05378924369639238,0.002781320197688954,-0.006951805746854803,0.07922178515924505,-0.03352236386383638,0.029549540081552233,0.0060574329768621656,-0.012704610778799896,0.06029834674596371,0.0032183124829598853
circ_chr6_170543601_170549113_PSMB1,-0.017458357511505457,-0.020947271783253736,-0.05471998345146466,-0.0001655586759233604,-0.013684741764957778,-0.01834042726227538,0.015842487708278973,-0.03822315669347498,-0.08893345339545317,0.0688817654593489,0.05771610530565141,0.0078461637514438,0.012196334702711833
circ_chr6_17665239_17669028_NUP153,0.01795885957530494,-0.004556416894798886,0.0038230683014718416,0.010482143850584989,-0.007180644870600083,0.004370525100773395,0.02245123390691603,0.0028076743636427435,-0.023513392434932636,0.014943783758007333,0.002395541165150841,-0.003016110076452764,0.025473025520645443
circ_chr6_18159883_18166378_KDM1B,-0.0006991805132314608,0.04012580484617471,-0.005762318530807773,-0.051603070630383996,0.00733939724349664,-0.00869879660569882,0.004611719404333129,-0.02957072024037159,-0.05134296100518931,-0.03804947500932111,-0.021009706736012865,0.06663361950213671,0.0019848111237185362
circ_chr6_18212488_18213781_KDM1B,-0.001105807905123838,0.014991647741121121,-0.03892300701053266,0.05775236209929979,-0.007842609292310128,-0.0055133430926617944,0.006268358329608937,-0.01404768696794546,-0.3730508813844483,-0.01797619859077812,0.007864687444632722,0.013357699964066385,0.021573748868846776
circ_chr6_18236452_18258405_DEK,0.03736510435481589,0.015191030499835093,-0.020056118500172162,-0.018236580524604293,-0.026777496539237444,0.00895913389933569,-0.02721575815296627,-0.08626939249946147,-0.21556667635195748,0.015124740212740522,0.004454353605336692,0.026542183167477043,-0.04182820268434692
circ_chr6_18237381_18258405_DEK,-0.010356668067028561,-0.03603271187732231,-0.0004698201891074497,-0.01937437445085681,0.01496344322845923,0.04963219400059563,-0.00413030651916073,0.0024218063954136626,-0.10573449625497755,-0.0026160665086335726,-0.0629581564842177,0.028628222890482516,-0.005767479488328758
circ_chr6_18256361_18258405_DEK,0.0009187471465843698,0.02316448533105598,-0.004797652066915161,0.025230136501651665,-0.008904413930757462,-0.020790911584454886,0.007890640268223921,-0.009808426737313478,-0.003224300527920296,0.009665270371328989,-0.02259361905036378,0.02800351294721957,0.041521816564189254
circ_chr6_20781145_20846178_CDKAL1,-0.0013560595850573955,0.002825006127324081,0.0031106488671388253,0.02011312921554084,0.012785437099324316,-0.19927954256280273,0.084874268577174,0.18973811328973172,-0.010104965869383633,0.014680267564939894,-0.010110676016079062,0.030147671102094854,-0.07411237755287572
circ_chr6_21108401_21201274_CDKAL1,0.012773036540365814,-3.7137803751063474e-05,-0.0034989877829900346,0.02282065673173109,0.04238288099625907,-0.007603498757321959,-0.009232414207440153,-0.010774404904803808,0.0689094359418364,0.003226526970905089,-0.001978345511525947,0.01628112859915231,0.014549000706035275
circ_chr6_22020339_22020542_CASC15,-0.010110222670078146,0.21764391039729608,0.006168281194879919,-0.32415527223857604,0.09825663942755786,-0.00542815306501922,0.038142488820340915,0.027043492107893204,-0.06238894440923102,-0.012840503639713284,0.030548767684409332,-0.007509488843843522,0.019289173612352325
circ_chr6_22020339_22056690_CASC15,0.0031213084530363963,0.014518782029764936,-0.027052897182337526,-0.01684429323333351,-0.020892911452582305,-0.01593984078275525,-0.009235961536069884,-0.001882409948813448,-0.00020836762893140036,0.030398531788013838,0.005845223378340794,0.10376731553801989,-0.01958589431523575
circ_chr6_22056546_22110920_CASC15,-0.018286281889698122,0.007835276476947192,-0.12836977070846728,-0.004898075842079983,0.0009213163624133535,-0.00887190858102118,0.025436776288908586,-0.06448370323305881,0.025155734915510118,-0.020904090297843105,-0.044075134257638676,0.09955251140064407,0.0036961297300452307
circ_chr6_2835856_2836250_SERPINB1,0.01811895227886264,-0.01958789231909585,0.0369936488260316,-0.0006101232988164596,0.027554548315135034,-0.004904424979006765,-0.024729797941201486,-0.009098993550922653,-0.0026782596313628874,-0.019660445740947045,-0.0022178047839340014,0.0034402682762948236,0.00045453350021494896
circ_chr6_3076764_3077935_RIPK1,0.2003902982131744,0.0038474425167457026,-0.0017400682114501339,-0.017195429650195063,0.008515140276265532,-0.0024808324496793455,0.010719561178422493,0.024657078317183737,-0.3149155284099035,0.026132805707389975,0.0020677697275846675,0.03919215271529812,-0.02217439763254953
circ_chr6_3076764_3089657_RIPK1,0.03879809882681751,0.0012169645646941684,0.0010185379119190241,0.012820074736152617,-0.01157255544658935,-0.004008338783554833,0.0030602129962166613,-0.002893952616169704,0.03829391501011438,0.00022356587586562114,-0.0006624180386758838,0.0003074411011004781,-0.007597464340876657
circ_chr6_3410188_3415855_SLC22A23,0.0031213084530363963,0.014518782029764936,-0.027052897182337526,-0.01684429323333351,-0.020892911452582305,-0.01593984078275525,-0.009235961536069884,-0.001882409948813448,-0.00020836762893140036,0.030398531788013838,0.005845223378340794,0.10376731553801989,-0.01958589431523575
circ_chr6_34606555_34606904_C6orf106,0.017976525378288213,0.005609901353426497,0.004794693198087847,0.16683534953087054,-0.025427645299754678,-0.0017942480347505683,0.0013948338513206603,-0.006256680892414605,-0.06670849402300869,-0.013109343422145026,-0.012500860813482529,0.001460904314988342,0.0006146817730074534
circ_chr6_34646601_34654779_C6orf106,-0.018286281889698122,0.007835276476947192,-0.12836977070846728,-0.004898075842079983,0.0009213163624133535,-0.00887190858102118,0.025436776288908586,-0.06448370323305881,0.025155734915510118,-0.020904090297843105,-0.044075134257638676,0.09955251140064407,0.0036961297300452307
circ_chr6_35312302_35312772_DEF6,0.032131368086199964,-0.03164126122183259,0.05782499194649514,0.27079528070548514,0.05160256709248481,-0.046127728363255474,0.06613501087481037,0.0935827017886902,-0.12705751900169632,-0.0020356779013350704,-0.014998025820140726,0.031674978982384194,-0.0023921719992769526
circ_chr6_35619096_35642843_FKBP5,0.01005603302427278,0.0030330846777990275,0.03958191084894992,0.012062791539843958,0.10018654721798163,0.01354610952446098,0.014069921502131589,-0.02090620358699418,-0.0029382532557714843,-0.05247390755395228,0.010940044770816261,0.025221581370845656,0.015997735748325234
circ_chr6_36524341_36540207_STK38,0.043048375850381265,0.0031948212851300064,-0.0025671946225241595,0.2548496028367362,0.07267165431752758,-0.0017084624584996241,0.008393614030428816,-0.00725287164048607,0.14895410619703647,-0.0036276718220665215,0.0035059869680558373,0.04006965244533419,0.014910450802210217
circ_chr6_42592151_42594304_UBR2,-0.0022469040999306606,-0.015311791021879056,0.0065202730503898555,-0.032951184827025796,-0.0049615440485697914,-0.010294881823339696,0.002390211931659158,-0.08953957178057652,-0.09378420214865112,-0.012800919890061711,0.004292277941357707,0.008121195912056485,0.005853474093566975
circ_chr6_42603588_42606651_UBR2,0.026258311644869893,0.005038010914687999,0.0025364122932215604,0.17742942764992942,-0.006230127537417481,-0.005151945814431084,-0.0028573371186376177,-0.010079448635684402,-0.02291193571955987,-0.009893798877905615,-0.011877044992358003,0.00922920943149234,0.006740117053073418
circ_chr6_42934475_42935670_CNPY3,0.0036669577310647775,0.018535944524527732,0.02234758818744912,-0.01587431607258089,0.0215675913016076,0.006143334272296298,-0.013182490260458594,0.0007861846642897998,-0.04023355719285085,-0.0052486333330701435,0.001056913246171943,0.03551557528624602,-0.006541672526240501
circ_chr6_42974003_42975038_PEX6,0.014926668489516315,-0.003352290829424386,-0.038684613116338876,0.2003330883052978,9.832032596746088e-05,-0.007225531181588325,0.004676248372683153,-0.018736093855905838,-0.0478652803341463,-0.00027475624217390525,0.005200328855891232,0.12684613642556808,0.004853564669731355
circ_chr6_43055545_43056445_MRPL2,-0.019706935485277383,-0.09214558434563835,0.0013870749961639214,0.022766283479210288,0.017515122399456684,0.08834126215583435,0.007448077491274384,0.03116714638827736,-0.3798922559899277,0.02336014124364327,-0.04019880003491495,0.020316111102542007,-0.036832537581740314
circ_chr6_43597696_43601091_POLH,-0.026040964916946515,-0.034649458903154295,-0.12115506468704974,0.01071371292281284,0.07376741940488665,-0.2201189823770053,-0.0273069236832922,-0.2685425278886138,-0.13796780217717716,0.15664049770108887,-0.01184152488837649,-0.4209713105978359,0.003636801867175085
circ_chr6_45431863_45438051_RUNX2,-0.014210475463431325,0.025904367440162942,-0.025982471368735355,-0.0220076737756663,-0.007406858754933608,-0.007605619786785902,0.004633843762407371,-0.03381844583008705,-0.0007636432071494923,-0.0018504396977088607,-0.020729841868382354,0.05375816095804117,-0.011060315954618974
circ_chr6_45491941_45512407_RUNX2,-0.02915504184408116,0.010909304860393178,-0.018651556819433465,-0.017259272162231686,-0.0076352983150693,0.089931226303588,0.05140412676032794,0.10052492385378878,-0.008190836590044959,-0.037044191496437576,0.12706417337967316,0.5246105193982237,0.031063570047928715
circ_chr6_47283938_47286595_TNFRSF21,-0.03506231432705024,0.027872560695163005,-0.183359934416629,-0.2988546157623639,0.18329132955759342,-0.01281458586081536,0.033480362835728354,0.06873663957009518,-0.0974808500137844,0.0029479528385208584,0.006040947247496163,0.0013982138868536373,-0.011869295075634645
circ_chr6_47503280_47554766_CD2AP,-0.020013610902693626,0.013970241982017942,-0.01675591559747493,-0.08649953966584985,0.0063817478259763985,-0.04296102507288767,-0.002426856577111584,0.12437217276705151,-0.1218931353200343,0.026536658706312322,-0.027889221079312,0.08331828349794881,0.019597170806837014
circ_chr6_47533602_47554766_CD2AP,-0.026040964916946515,-0.034649458903154295,-0.12115506468704974,0.01071371292281284,0.07376741940488665,-0.2201189823770053,-0.0273069236832922,-0.2685425278886138,-0.13796780217717716,0.15664049770108887,-0.01184152488837649,-0.4209713105978359,0.003636801867175085
circ_chr6_47574064_47582065_CD2AP,-0.06907651096996077,-0.07184998242238294,-0.060628240892412956,0.011212556022120982,-0.013997682218617018,0.13040541166304495,-0.010373490707011313,0.04003174665093667,-0.04279113177665574,0.0076787884647495815,-0.10233641517471699,0.04540246857750308,-0.08080080674329852
circ_chr6_47607927_47612536_CD2AP,0.00022403770178782982,-0.021301821535743476,-0.023540201228406017,-0.007305179298559785,-0.008549273738833804,-0.006676700889609178,-0.005307170378571159,0.026505370200621797,-0.23167837575705344,0.02052441389054711,0.021121597402814236,-0.04950521366472911,0.01080167155188774
circ_chr6_4891713_4892379_CDYL,-0.023224364870568767,0.025698688062907163,-0.04582760867572256,-0.029516979496545935,0.1316700205027247,0.01621134471316343,-0.009025534761735073,-0.007220695344202186,-0.5875110757054841,0.010783633996474582,0.00702002597800885,0.030607767720599453,-0.0012899124086377868
circ_chr6_51830861_51870639_PKHD1,0.143194757163804,-0.2403769781511698,0.06672887225984478,-0.27585020056231874,-0.021687315096909902,-0.006804191126439461,0.02726680162494175,-0.027972955815400977,-0.09934148757164646,0.013172981493048422,-0.07904986053027725,0.006117379575592585,0.01514477337606511
circ_chr6_51830861_51887245_PKHD1,0.014655476105966986,-0.002817771026957211,0.0024464816186976993,-0.009103521397267379,-0.04156786518372873,0.003975893173312935,0.003492201468848795,-0.0002426896756330692,0.0235872018097642,-0.010587413908029475,1.0958081013861913e-05,0.00938905715909473,-0.00905644592453494
circ_chr6_51867863_51887245_PKHD1,0.01724074704711449,-0.04744080179183114,0.00355366076907205,-0.03751967513051714,0.009978184457444325,0.002373661460147,0.021487497330738743,-0.029258235036714597,-0.010189481192860535,-0.00857842936665336,-0.003966893723098937,0.06775763300014764,0.008815601042587547
circ_chr6_52010309_52035721_PKHD1,0.16955803543396494,-0.32731671536661855,0.026723872574208798,-0.3547795410200967,-0.016721653546694894,-0.009053815616179137,0.09507736822694585,-0.04861429992737225,-0.006068402327631095,0.012445505710246193,-0.005880541509228004,0.0417170643379112,0.056377635285248216
circ_chr6_52027829_52028351_PKHD1,0.14738658943269428,-0.1893593119973172,0.003628227729026169,-0.22654845334627594,-0.022088353750524658,0.017013002903823564,0.05289386684091069,-0.014773555407547897,-0.21820755719290422,0.006181202707808811,-0.023047189014176975,0.03386343642507434,0.005134508399591042
circ_chr6_53071057_53076543_FBXO9,0.09518824676273833,-0.04968222049289989,-0.0009109460782796624,0.016044712739824028,-0.018590348571498952,-0.04424113871268575,0.0742567527124305,-0.046661346495761084,-0.26540112581209635,0.019720112035790195,0.004267952815222938,0.1449431123942692,-0.010255726158727708
circ_chr6_5404542_5431172_FARS2,0.0002059038648120478,-0.0017559303000756522,-0.04395276944619569,0.023151663608229737,0.0067030268755710175,-0.003150995135425276,-0.003173217675672515,-0.023256684886492084,-0.18309981845251638,0.06160555048698529,-0.0010885170601259854,-0.04421703253007829,-0.0016699343949215944
circ_chr6_56101472_56141983_COL21A1,0.009722902061613213,-0.006006630711687551,-0.07812678247208138,0.02386343547597533,0.025962709177917175,-0.003919071704668264,-0.008295517819034117,0.07095091667418317,0.007501968753234518,-0.004801335401549373,0.047050154568470844,-0.1106819946097622,0.030382098569159993
circ_chr6_57124734_57142095_ZNF451,0.007416974918001871,-0.008903721440071184,0.001520152864531797,0.02886774132768429,0.053392019399170196,-0.0022915832094106132,-0.009653377666516305,-0.0008237380933517266,-0.07476830602703735,-0.03499145336569559,-0.0002653199176762885,-0.004828020496156562,-0.015064761950253601
circ_chr6_57193842_57210445_RAB23,0.030509059536283304,0.057336223883884006,-0.026046283817607874,-0.030348138304688414,-0.014286053960376363,0.004134992877628682,0.0036817373198993622,0.013712892464124826,-0.272664046120812,0.042097130157542705,0.030505760289020384,0.011935898445019764,0.005853697068883026
circ_chr6_592469_599225_EXOC2,0.00622660950371043,-0.031094119504650894,-0.04127458127958886,0.023811713775982492,0.017605369172594913,-0.006642617030129721,-0.012537890097515467,-0.004058646555881594,-0.11212955627555123,-0.034311816342182264,-0.022001420187675525,-0.013906009886480457,-0.0034087616910987795
circ_chr6_63694581_63700466_PHF3,0.007107087189885433,0.007776221513285187,0.03291754692717131,0.0038736734994617725,-0.009061121108380643,0.002797526323616014,-0.012619668644796902,-0.010576290285408399,-0.007177884503139697,-0.006507367252999243,0.0005967326955618469,0.016062739523986305,-0.019482215319466555
circ_chr6_69697563_69701953_LMBRD1,-0.00831461967575371,-0.007400003771948236,-0.023768427618690625,-0.014033636385331909,-0.017513881355120022,0.06652129551749945,0.041662834453175174,0.06326816605358276,-0.09298994833265783,-0.015648452379034405,0.07905182546030738,0.40118711996706996,0.014418766547346477
circ_chr6_70426439_70452571_FAM135A,-0.010074122718891992,-0.010314744534811918,0.03247734070840439,0.07819682102016066,-0.02316471124205641,0.008607617704927201,-0.016480184110610592,0.010746342194452552,-0.06556722749555961,-0.00542747793380018,-0.023840431572583677,0.03152484188694475,0.018252900478140925
circ_chr6_70475410_70502791_FAM135A,0.001494501243743605,0.03592479045264915,-0.07039736480783755,0.0023235331899327982,-0.01881560236975406,-0.005852087960104073,0.014722414217718579,-0.09692118342634176,0.017162667939572853,0.06394372074687826,-0.00792922709474824,0.0394766922727293,0.007803078663117605
circ_chr6_7176655_7189322_RREB1,0.03763384686035483,0.01283096598127939,-0.031242970800062574,-0.24209170188737303,0.1881726464782972,-0.01720732472588008,0.018550587174724905,-0.043161082891319834,-0.7619954398927486,0.01290498875463247,0.0018965995378140241,0.10203832709264178,0.03760143426916918
circ_chr6_7181124_7189322_RREB1,0.004786863014213899,0.01193125307604871,0.015099105189790888,-0.14745155668227458,0.02039846810863273,0.028093194107126705,0.006800559200345638,0.03358324681245734,-0.03763596488074627,-0.0030957393052187853,0.0030100229833905268,0.09877910845473692,-0.003411205018476622
circ_chr6_72295937_72333835_RIMS1,0.13336619591733026,-0.24568930289733887,0.12338035205155945,-0.3405801581935392,-0.02195605453915457,-0.014677815305786174,0.03624065262545316,-0.021546928527883515,-0.014804482409363733,-0.0402705953447941,-0.0026422124574679317,-0.008706604902359536,0.022419402728733107
circ_chr6_7303550_7310029_SSR1,0.06136407267625647,-0.027705754335483394,-0.006234794577640864,0.01625083298635632,-0.003952735304553745,0.013992690336786672,0.026894735949871705,0.002618085945370826,-0.10337193060795366,0.005748326067663028,-0.0038377809555546396,0.005783621592493544,-0.0127240986924639
circ_chr6_73466209_73466606_MTO1,0.028525178659953635,-0.02676792372235983,-0.001873375748623039,0.007607280866418301,-0.010622652871613496,0.0037847316933629456,0.02071448398767712,-0.005290933499168772,-0.11070254099038532,0.007389638354497579,-0.0026968722800727587,0.007131939272044608,0.008206812033440123
circ_chr6_73723251_73736508_CD109,-0.0024814620773473827,0.08748078623903002,-0.013278680637756073,-0.011991691025423426,-0.0066588636735650415,0.0033000591357419205,0.004867051843173205,-0.007265724039039774,-0.18936194397492967,0.05971963679525444,-0.005635707861435806,0.01854869720674701,-0.003418126112008933
circ_chr6_75188362_75192355_COL12A1,-0.018286281889698122,0.007835276476947192,-0.12836977070846728,-0.004898075842079983,0.0009213163624133535,-0.00887190858102118,0.025436776288908586,-0.06448370323305881,0.025155734915510118,-0.020904090297843105,-0.044075134257638676,0.09955251140064407,0.0036961297300452307
circ_chr6_75621532_75633726_SENP6,0.007107087189885433,0.007776221513285187,0.03291754692717131,0.0038736734994617725,-0.009061121108380643,0.002797526323616014,-0.012619668644796902,-0.010576290285408399,-0.007177884503139697,-0.006507367252999243,0.0005967326955618469,0.016062739523986305,-0.019482215319466555
circ_chr6_75621532_75634811_SENP6,0.011035395052688473,0.000992372932098764,-0.0197280636792173,-0.01817872014061663,0.01026917868408412,-0.017748893591905783,-0.008976326734750713,-0.01498278974649345,-0.06225595483441634,-0.042129542282382734,-0.0029677268943238575,0.00773268459211759,0.05634231805216086
circ_chr6_75621532_75647801_SENP6,0.012773036540365814,-3.7137803751063474e-05,-0.0034989877829900346,0.02282065673173109,0.04238288099625907,-0.007603498757321959,-0.009232414207440153,-0.010774404904803808,0.0689094359418364,0.003226526970905089,-0.001978345511525947,0.01628112859915231,0.014549000706035275
circ_chr6_75634707_75663518_SENP6,0.01955168679490305,0.008190948108770362,-0.009250037203525277,0.012398071785880191,0.01770100472396565,0.0012032575862703997,0.008117970121667614,-0.0023270053511889894,-0.012019418267594542,-0.019869346381200286,0.0009220884419331882,0.000669709077026494,-0.002057778858922927
circ_chr6_75634707_75670720_SENP6,0.010709113591423253,0.001852104419150915,0.01852191421202309,0.014789857093167682,0.032246541009442076,0.008583097442756047,-0.006149239107651377,-0.008404254913810926,-0.010625146704826564,0.02198683470615382,-0.013786037581482943,0.015639800834874866,0.008344475602444043
circ_chr6_75634707_75678927_SENP6,0.010385680400383719,0.021408781874403295,-0.02747500592981643,-0.014218588634983544,-0.022002170505793603,-0.015844274193421718,0.00789535644245391,0.0019992696326134878,-0.11302303486424443,0.005474176787475311,0.0009851800845148972,0.022693063504777445,0.012805976303446365
circ_chr6_75647731_75659407_SENP6,0.0013369203125019578,-0.0006764159844164176,-0.009318960874961368,-0.005665578924606647,-0.000972657270359981,-0.00802316154912747,0.007835370420233245,-0.0038839365836048027,-0.08174735534971372,-0.015111628645857845,-0.00409208979442591,-3.338014830066128e-05,0.0366212015887871
circ_chr6_75702645_75703072_SENP6,0.17152281902223268,0.003737202629289052,-0.03491834189566613,-0.006531139387646985,0.0048849602935119914,-0.005902996113707524,0.017181730627024838,-0.005178458057683344,-0.5640477183384985,0.0021950553019622404,0.007881401890260605,0.0002889409433060022,0.03521963699621868
circ_chr6_75702645_75711416_SENP6,0.02326084053346792,-0.015103224159778486,-0.016329189521820397,-0.025476390564521605,0.02488228322491046,0.008948761975399702,-0.030674783767599915,-0.01084295749328624,-0.26702857702643645,-0.01932742550834188,-0.020117080235180114,0.08021120641110728,0.007192095067160301
circ_chr6_79042843_79060818_PHIP,0.02923176204382197,-0.01418187220597283,0.009534922804867929,0.03287010082019436,0.007201413945468335,0.0017037067349135694,0.07556969815746743,-0.15737457899951166,-0.3621405570904875,-0.03008255680035788,-0.01588840480973862,-0.002128841086656879,0.024394743884967998
circ_chr6_82191073_82204958_IBTK,0.0008534985743986604,0.02723802913705912,-0.004657916860172759,-0.015758585373008734,-0.008824853787344003,0.016680951099870375,0.01082439227429025,0.009247953834729322,0.008331317287619416,0.0023905341122366815,0.004599052835521929,0.0036181393643086586,-0.02177576826760953
circ_chr6_82210814_82211572_IBTK,0.0057691206472471005,0.0031797903624635367,0.009172196931188793,-0.007437990193424655,0.008760810500850837,0.01813213515442292,0.005204654840254093,-0.003555495019477473,-0.16027787986075215,0.015326023078458137,-0.006168427241509682,0.010606995000358924,0.015496819362929732
circ_chr6_82210814_82212793_IBTK,0.13230428473478092,0.034576546266010304,-0.01842685423074475,-0.252595770312938,-0.0282103969203962,-0.001425043221535494,0.03978257454381796,-0.009665417127051955,-0.17674339863832333,0.01087739952407843,0.07518375428901417,0.013883281663244137,-0.017909696077739238
circ_chr6_82214227_82214829_IBTK,0.0651525314729862,-0.0031629261116109253,-0.00556446952105851,-0.01262280261156237,-0.010440953759843895,-0.008447377438553765,-0.01614699132485194,0.01036640259111339,-0.46039309638655157,-0.008814679696092604,0.027870502917673574,-0.056184797818686794,-0.0031838840282843225
circ_chr6_84185187_84186623_CEP162,0.02685864449208326,-0.008806218976135205,0.006199030023544602,0.012033755895077693,-0.00038544823492538523,-0.003469427945284289,0.018673645232377415,-0.009943205831759533,-0.021232153342105684,0.0016463528873469691,-0.007251472822211041,-0.009097864227628883,0.01677150795567004
circ_chr6_84185187_84204096_CEP162,-0.0007981316088216644,0.03679943874233526,-0.0606497823240863,-0.017273416088425933,-0.02210090080583034,0.012391980340677648,-0.004362550964626987,-0.00800828951221166,-0.15507525669768732,-0.0005289487563143856,0.0213164254868495,-0.04741867627385698,0.014462102183086783
circ_chr6_84444387_84470904_LINC01611,0.00034413793119861865,-0.024335530768369543,-0.06923686639231927,0.023582971807596782,0.02023012990971565,-0.010327629963192071,-0.005244795022682894,0.09321655692268063,0.01978724812666277,-0.020219287162791536,0.053718481578634174,-0.22911463136486115,0.05495333003225237
circ_chr6_85517756_85530275_SNX14,0.002808881725237164,-0.013313600516322669,-0.04968530729596795,-0.02649748874444886,0.014851012466256277,-0.0011302082688379401,0.02319920848673442,-0.02309339660868688,-0.0037588996241011163,-0.0084199798163902,-0.018741803867642192,0.031559836562804824,0.00044618289437633833
circ_chr6_85557976_85574378_SNX14,-0.02071538618876202,0.00380090905483376,-0.1016606753106265,-0.010640474384311474,0.027336656627088306,-0.012128706725182774,0.010827046634702396,-0.01097868273219212,0.022433375712803634,-0.03157820981873199,-0.006900726614143098,-0.008885446448668453,0.03268785544374662
circ_chr6_85618818_85619417_SYNCRIP,0.023677321407373393,-0.009206217597558542,0.007449663404600119,0.07786445164763356,0.046338937097631774,0.012129297519436383,0.016723105353142913,0.02800340611849106,-0.04542658381739363,0.009071151708343043,0.011259020476618697,-0.0020890663949645317,-0.002988600699230719
circ_chr6_87214998_87218731_ZNF292,-0.018286281889698122,0.007835276476947192,-0.12836977070846728,-0.004898075842079983,0.0009213163624133535,-0.00887190858102118,0.025436776288908586,-0.06448370323305881,0.025155734915510118,-0.020904090297843105,-0.044075134257638676,0.09955251140064407,0.0036961297300452307
circ_chr6_87215903_87218731_ZNF292,0.012075950326236408,0.06938178475497736,0.003391007565512408,-0.12066722426571429,0.1059736887679579,-0.02283253136385634,0.03137317783917258,-0.04096929309268578,-0.547261515698216,0.017356009013999165,0.03661964498766197,0.07688757338046422,-0.0031457173530786576
circ_chr6_89083753_89084643_PNRC1,0.018013954384584644,0.023234615680162007,-0.006787058611283696,0.022832398145241496,-0.025731078710836866,-0.014184794721496512,0.012374504275429092,-0.009445131142399933,-0.2984991892052997,0.05876606032762897,-0.014247236589316236,0.022405191720875413,0.02440429515001875
circ_chr6_89751431_89753622_MDN1,-0.012930974128968877,0.018386690690609303,0.02785544502881521,0.07058127129703934,0.01692265654577316,0.04881809644329344,0.04744095594207587,0.009592878697588028,-0.11155565936802415,0.0027939556230035596,-0.04111406322488789,-0.018763907522657164,0.014922823122366225
circ_chr6_89846562_89857199_CASP8AP2,0.04497550125241583,-0.014124235979401208,0.010438128792016966,0.00866533651453889,0.006484956397323059,-0.0012908373468710334,0.008148372987937752,-0.011873886596502249,-0.01592042580310206,0.0038899574431985853,-0.005397549074217894,-0.010819949920830811,0.004878738842693031
circ_chr6_90206569_90271941_BACH2,0.03446364102686022,0.0040608262546621456,-4.249768667658671e-05,0.2868689138287392,0.03868827484320643,0.0052073328240508105,0.022118870122103906,-0.0004387876093708421,0.07770129503034688,-0.009579948205749212,0.0056110890663927685,0.03217644462713801,0.005964539561237874
circ_chr6_98899268_98934879_FBXL4,0.022993599260299435,-0.01620436648472317,-0.001782312135761681,0.0009854663342769175,0.0142233898142542,0.007431781939083958,0.008772133738061707,0.00522242081244925,-0.01858658341627424,0.0014807151664648634,-0.01877348759098192,0.000874098544040593,-0.004368659255749602
circ_chr6_99412551_99416428_PNISR,0.016347493313539803,0.022292716912704506,0.02713449968201292,0.019748680906775482,0.04776430327525076,-0.008770340386750246,-0.021953217742390764,-0.011106220454607064,0.06551807867486437,-0.007109815926178696,0.00813691287801786,0.004875891319858391,-0.009692891553421875
circ_chr6_99439769_99465136_USP45,0.01244207668142611,-0.008580985595433655,-0.018186290226256563,-0.010205203437956872,-0.030859932450309963,-0.023738298602371546,-0.017948119684960046,0.013263088149167013,-0.06790400060182611,0.0033389955348089276,0.007589667535300802,0.0001557590120779122,0.0017784414356709624
circ_chr7_100023419_100024307_ZKSCAN1,0.11823713267018326,-0.13650703634926023,-0.29942676749010344,-0.06542735238934441,0.2047939828917283,-0.005987548298853591,0.026717760741649575,-0.05173721549222723,-0.9190441057079756,0.02249978204142936,0.003836710225552363,0.02301236476462359,-0.002901471159325893
circ_chr7_100812747_100813208_EPHB4,0.0018973294739097924,-0.010784038192102283,0.0018613089958649258,-0.24028087269465753,0.054814919760136915,0.003357450669925408,0.11512049453706662,0.033392980252190715,-0.8009201940938929,0.013474273132690342,-0.002902917097354207,-0.008206315588298435,0.04944150648527011
circ_chr7_100819557_100820296_EPHB4,0.003490394184456853,0.02669096009459721,-0.010251666151758569,0.009532461470172102,0.017957126557994283,0.013553767546134715,0.0035348098378601674,0.010431180847944872,-0.0060548320360953,0.027498289493689453,0.006504950583565919,0.013895848580017635,0.01827490425764954
circ_chr7_102227367_102227669_CUX1,0.025869089120728123,-0.03372988150182829,-0.044899389205667675,-0.03338618100597871,0.20765071154248885,0.02599259656243466,-0.0208045700491928,-0.018933968095910275,-0.23025890277519148,-0.016877392669893496,0.007159836418746705,0.013824628992674566,-0.00662752609910313
circ_chr7_102772409_102787469_FAM185A,-0.008517957427396633,-0.021116055378952284,-0.07724164140929789,0.040127893407732214,0.00956108960140075,-0.019819337219614062,-0.032418337141408085,-0.011226167339877835,-0.1524924168930925,-0.061593404994056904,-0.011401708898915971,-0.022020342619582887,0.00018779860840912232
circ_chr7_103025063_103029418_FBXL13,-0.009819073047019995,-0.026911696024581704,-0.01956455345742828,-0.04586318329487407,-0.0447446859032644,0.023279339593943682,0.04250890453956222,-0.04034991840515421,-0.1914220935187313,0.004918001905030154,0.008018986436499934,0.05420828677322211,-0.009924097488247076
circ_chr7_103303842_103304490_PMPCB,0.016347493313539803,0.022292716912704506,0.02713449968201292,0.019748680906775482,0.04776430327525076,-0.008770340386750246,-0.021953217742390764,-0.011106220454607064,0.06551807867486437,-0.007109815926178696,0.00813691287801786,0.004875891319858391,-0.009692891553421875
circ_chr7_103321932_103322794_DNAJC2,0.06933231133564756,-0.01771429290520534,0.030630524698070705,0.048028308019199634,0.016204738452794357,0.0057830678357522055,0.015128261286714378,0.004666611850358067,-0.08842579615086979,-0.02585964440705305,0.011188512673310159,0.020291679600133294,-0.012240110677282954
circ_chr7_105038126_105041023_KMT2E,0.01468794439790145,0.014620310677096918,-0.012951824561438048,-0.010631624876499195,0.025394415571336166,0.032502819196746566,0.014927561118568774,-0.001218563856201378,-0.16769153676988735,-0.013198330501672335,-0.009781571382437317,0.03287566265590796,0.006100466476241569
circ_chr7_105062164_105081797_KMT2E,-0.001066813862483668,0.0793512580213185,-0.08030664356519837,-0.01327097969890146,0.016252149817355347,-0.005113674965716058,0.026635812834500096,-0.03938772594003561,0.016433816276409857,-0.001989030768410961,-0.016818226104072798,0.03305993908255295,0.016841556673988324
circ_chr7_105073619_105077433_KMT2E,0.0669802296619624,-0.024793989144801885,-0.00048559459370187125,0.0525638389604814,-0.0019993275895803376,0.029511200872085256,-0.0023977084291018453,0.02199017986340112,-0.2034494580842678,0.0005462177399198155,-0.008261650156386696,0.05949860417662024,-0.04346628847579361
circ_chr7_105073619_105078963_KMT2E,0.1180522536334829,0.009519082150901277,-0.034584254141038606,0.0218951790161519,-0.02904874417882784,0.021603115003101064,0.040638482104452096,0.007215485831078405,-0.31045058962806016,0.0715200826294418,0.010549671794982235,0.027924895667206635,-0.008152634533521753
circ_chr7_105073619_105081797_KMT2E,-0.0011508468222432486,-0.007895401807627793,-0.011170025888929513,0.028406121103160202,0.00043792537971008063,-0.01100530297932267,-0.03420944276468571,-0.016002916046695258,-0.09206604849207813,-0.04356779972888124,-0.006708209487008193,-0.004175548246598281,-0.014000908763222637
circ_chr7_11061791_11111467_PHF14,0.029299681109758686,-0.005932631030777727,-0.0023628691231674663,0.12933160637200464,0.0018279937242097523,0.01287966996541609,0.014396255431438599,0.004207081795209717,-0.0001829225039886634,0.010093214465143042,0.0007312533512028133,0.08977830757615299,-0.0065909624795079625
circ_chr7_111935540_111945798_DOCK4,0.02685864449208326,-0.008806218976135205,0.006199030023544602,0.012033755895077693,-0.00038544823492538523,-0.003469427945284289,0.018673645232377415,-0.009943205831759533,-0.021232153342105684,0.0016463528873469691,-0.007251472822211041,-0.009097864227628883,0.01677150795567004
circ_chr7_112286873_112287074_ZNF277,0.08429141955795047,-0.035867819307821416,0.012997435992155467,0.07578199472273686,0.03352958328423305,-0.0020630763252347424,0.014666178234352406,-0.0020107034071162604,-0.03397374218330021,-0.008687078756749681,-0.0077236451788261305,-0.009461074089389537,0.012520103660205308
circ_chr7_112632558_112640218_LOC101928012,-0.012950794274658025,-0.031886943754364044,-0.03935636469290719,0.01890898880931396,0.033108254007122195,0.030943904237203314,-0.030450998113274563,0.02102184765058274,-0.02090489115439029,-0.009287237899182713,0.012412234293156528,-0.05352075481639576,-0.06584316095888934
circ_chr7_112632558_112707861_LOC101928012,-0.01295079427465802,-0.031886943754364024,-0.03935636469290715,0.018908988809313954,0.033108254007122195,0.0309439042372033,-0.030450998113274563,0.02102184765058274,-0.020904891154390284,-0.00928723789918271,0.012412234293156526,-0.05352075481639576,-0.06584316095888934
circ_chr7_116699071_116700284_MET,-0.05968077628937285,0.01670464892154458,-0.0033173550531392874,-0.03322157670964453,-0.01846718069824482,0.025861908598940924,0.027063900590182793,0.05319557421471559,0.021171573828200188,-0.00545567718419355,0.03716388461572486,0.25600429841360206,0.018869886862050517
circ_chr7_117504253_117559655_CFTR,0.16882394576057483,-0.26072003216301937,0.021976435090407035,-0.3020075511307496,-0.023022337945858444,-0.019672291594057995,0.10597310768936997,-0.07333491788889962,-0.03765594407480215,0.008557604963074767,-0.008463397564282939,0.01329081847328473,0.03263760488619817
circ_chr7_117530899_117559655_CFTR,0.1534111914579383,-0.21046991797448514,0.03947070205276343,-0.1966703731150809,-0.030783908654733454,0.002013615217924789,0.08883894596711257,-0.05533362137816804,-0.13005091036898353,0.00745992441443719,-0.021383054849713506,0.009460480209939495,0.021125193933575023
circ_chr7_117602826_117642593_CFTR,0.029186016080004498,-0.07483706155377558,0.015971248478303047,-0.052077537449058756,0.008428147440134495,0.0024959857555213218,0.021572506432197314,-0.0013402951890125285,-0.0041201404689443786,-0.00447238446157566,-0.005955499410275576,0.005679173571209036,0.0037631260104873713
circ_chr7_122113118_122133741_AASS,0.040646441372899474,-0.011381094383914426,-0.035607441059574196,-0.045087852328419546,0.0008027923006954577,0.020333850991835354,0.06823716115580228,0.00652606569663562,-0.1299968576023189,-0.0018741832175701114,0.005053842298792529,0.11861611766590392,0.00747077824533552
circ_chr7_12224226_12229819_TMEM106B,-0.007199966021385606,0.02069173442233244,0.006928567331523156,0.031460923311745395,-0.026266333992213863,-0.007012745195059066,-0.007123390038981013,0.007363105435905632,-0.22799449064418925,-0.0068234787775680586,0.010710273554859333,0.0015978310291946665,0.011862706814441619
circ_chr7_127373342_127377329_ZNF800,0.02020411177967821,-0.022583970978526543,-0.020199776575105976,-0.021112787111499227,-0.012764998002660169,-0.005058556806432196,-0.011211224425301572,0.005615463533671815,-0.005551941237832856,0.059767953082246895,0.013486690597108145,-0.021981038877925928,-1.5280511879287522e-05
circ_chr7_127704839_127721400_SND1,-0.13904530371881693,-0.0201651161780729,0.04587589612642451,0.006693747488960147,-0.007496396580904808,-0.0003576975721773514,0.06390304317593086,-0.5939305912608134,-0.026214964310351394,-0.07649951537388205,0.013684616148306256,0.17492890801330221,-0.14174922268677081
circ_chr7_129014979_129018157_TNPO3,0.11473177520509105,0.00750317938460785,-0.012172923391243295,-0.036269778156606286,0.06940972714457361,-0.04470194532427092,0.08099578682274329,-0.030426688825759312,-0.6563306489944164,0.018798912379947456,0.038759268623744195,-0.017101578561531782,-0.031435525584898795
circ_chr7_129205203_129206587_SMO,0.021050245742673175,-0.004359996552917917,0.020801177365931317,-0.14956355361833004,0.08795208655166357,0.018269743784427923,0.010815830350055643,-0.0010518353526050078,-0.17258460259842173,-0.019407568915147236,-0.002752485951695415,0.0011276238903857871,0.010552512173451701
circ_chr7_130039464_130049144_ZC3HC1,0.003705524065188986,-0.00878033044469605,-0.03623194336533778,0.17507855353384588,-0.007947308080643204,-0.014848557828108231,-0.020791898118739962,-0.013450551117786024,-0.21765011937959947,-0.05404156888076333,-0.01698829293386369,-0.014808691004924327,0.0006519505715143634
circ_chr7_130120749_130122202_KLHDC10,0.14211950708980883,-0.004427675513534249,-0.004651792451793125,-0.016539544101817464,0.06451027088953806,-0.027974465742221975,0.05650894406635175,0.01687645356304346,-0.5091314366846051,0.11120814294977682,0.033368055491704615,0.02923430626778927,0.003132982635790662
circ_chr7_131375424_131399433_MKLN1,0.0030355460920124967,0.012873161208174454,-0.05273259233876021,-0.0055391576141027785,0.001667954299234812,-0.0018575583511600065,0.022641151715396997,-0.048053832683322105,-0.5059868509132494,-0.0234249851380559,0.027898395173130613,-0.06913319569536568,0.02206935780106182
circ_chr7_131375424_131445903_MKLN1,-0.018286281889698122,0.007835276476947192,-0.12836977070846728,-0.004898075842079983,0.0009213163624133535,-0.00887190858102118,0.025436776288908586,-0.06448370323305881,0.025155734915510118,-0.020904090297843105,-0.044075134257638676,0.09955251140064407,0.0036961297300452307
circ_chr7_131387120_131399433_MKLN1,0.0020209860477111113,0.036194965810400395,-0.09872047261958693,-0.04243359241282859,-0.0031548111216796832,0.03643832365759566,0.0640502245525295,-0.02091068507584226,-0.18605108934371747,0.015684270985523562,-0.014415124492007495,0.2161468235938575,0.011947861392328377
circ_chr7_131437785_131470944_MKLN1,0.013870849509885735,0.003216919247437403,0.0016373481808786168,-0.02540206329348851,-0.008941080004783409,-0.009032216288494559,-0.006626399692573884,-0.008092181365601263,-0.004624110171198622,-0.01839875519188298,0.00011177483584789271,0.0032349006658235323,0.00700492722037369
circ_chr7_134947508_134950514_CALD1,-0.026040964916946515,-0.034649458903154295,-0.12115506468704974,0.01071371292281284,0.07376741940488665,-0.2201189823770053,-0.0273069236832922,-0.2685425278886138,-0.13796780217717716,0.15664049770108887,-0.01184152488837649,-0.4209713105978359,0.003636801867175085
circ_chr7_135577796_135593192_NUP205,-0.09262046832393443,0.012119083224810867,0.03668502934529121,0.09268800259959048,0.15324977827745886,-0.16533571831855065,0.09909154592418243,0.1189769299765434,-0.17283132562040676,0.0032871561039356147,-0.07643713945078193,0.05459555880256386,0.017924980857991716
circ_chr7_137645472_137690002_DGKI,0.004124876550617455,0.016032921191198746,-0.025545234863870593,-0.023997315710782174,-0.0336670940518234,-0.021243991624352115,-0.02750956356912709,-0.019185017356912793,-0.011388108159766108,-0.060254390563142655,0.0008700714970196603,-0.0006647957719020212,0.04370259319177388
circ_chr7_139266333_139272440_UBN2,0.016168005265130958,0.008947177119883661,0.002377689759289033,-0.02089167891751197,0.01102590126504367,-0.018214200676363663,-0.012041111007117328,0.0014875598751050373,-0.16748175237944626,0.008575949705783511,-0.010786223294644074,0.002393990659761373,-0.015096369473068118
circ_chr7_139398599_139409654_LUC7L2,-0.007321449822847588,-0.005705340629941006,-0.07038735163677187,0.01520047612959256,-0.0017355897655866117,0.00010573688013586114,-0.0009284250126990768,-0.010591560436117657,-0.0990306390266547,-0.05674298625175596,-0.013578012498252079,0.002897310065041252,-0.010305026988849707
circ_chr7_139715932_139717015_HIPK2,0.0319655318019936,-0.10890274163558347,-0.07132805633175253,0.05848121825928916,0.031244219064580865,0.10309950763234846,0.02204869121406102,0.023488036842798966,-0.6596156093386488,0.015115261864137424,0.027267545137718813,-0.017400468040727354,0.04072467900296731
circ_chr7_140046884_140058034_PARP12,-0.010528481544544945,0.0013066435662513827,-0.005546764045960732,-0.004009675174643027,0.019855445982942727,-0.037898227904004475,-0.004697378607739515,-0.0097343747803468,-0.1952044686214169,0.05772589978982545,-0.021078529582354278,-0.0714769305113898,0.03013338768068721
circ_chr7_140355668_140358785_SLC37A3,0.07826520791678368,-0.0034813820330841824,-0.02578601255225469,-0.07568199478141313,0.019349003881848157,-0.01423640876419014,0.032812542700590135,0.00023121964739373176,-0.7512586235647355,0.0365634924064578,0.009545658117065715,0.021137551956648116,-0.016344192045041867
circ_chr7_140355668_140369682_SLC37A3,0.014084066760466626,-0.005386491611368017,0.008362716650889999,-0.020684763336706827,-0.012329913524788117,0.006779659812586569,0.013494086672058028,-0.0046303231918446335,-0.04567893252510708,-0.00922464199680383,-0.022022477601069335,-0.006997585900255627,0.0017947844226991491
circ_chr7_140702866_140704963_NDUFB2,0.006862140944458334,0.010081978109275642,0.016769438041614418,-0.023641030408141455,0.053421266352907316,0.03483658286542345,0.023306343989361263,0.0216248932835107,-0.15334412691213162,-0.0016089712712537617,0.02857853274025558,0.11649640146413019,-0.004546681591310547
circ_chr7_140739812_140808995_BRAF,0.02685864449208326,-0.008806218976135205,0.006199030023544602,0.012033755895077693,-0.00038544823492538523,-0.003469427945284289,0.018673645232377415,-0.009943205831759533,-0.021232153342105684,0.0016463528873469691,-0.007251472822211041,-0.009097864227628883,0.01677150795567004
circ_chr7_140776912_140794467_BRAF,-0.010356668067028561,-0.036032711877322314,-0.0004698201891074497,-0.01937437445085683,0.014963443228459236,0.04963219400059562,-0.004130306519160732,0.0024218063954136626,-0.10573449625497754,-0.0026160665086335717,-0.0629581564842177,0.028628222890482516,-0.005767479488328761
circ_chr7_140776912_140808995_BRAF,0.02096212073344133,-0.007514011825954787,0.004614940122481711,0.0013433152500170384,0.01014691072610748,0.03268403724593637,0.007218152332375738,0.01667898651214511,-0.1375820464081404,0.02652019241915546,-0.008064034408789191,-0.007853270179550502,-0.01616209618825202
circ_chr7_140794308_140808995_BRAF,0.0075045232333387805,-0.028807565487248107,-0.0106072070507927,-0.0019065738908981768,-0.016091790360303643,0.010306265408766765,0.008663643431984367,0.0033734278768794406,-0.14593772765315943,0.009079123818615734,0.004329501572198119,0.022229168938038855,-0.0065026961296923095
circ_chr7_148766561_148767749_CUL1,0.007107087189885427,0.007776221513285182,0.03291754692717132,0.0038736734994617695,-0.009061121108380638,0.0027975263236160136,-0.012619668644796906,-0.010576290285408393,-0.007177884503139698,-0.006507367252999241,0.0005967326955618486,0.0160627395239863,-0.019482215319466565
circ_chr7_148846470_148847305_EZH2,0.04190952719618428,-0.0039191413102221285,0.0036525119900134833,0.16629989271468396,-0.02157251385605754,0.006258259451751013,0.030953427175217083,-0.0037170442138162703,-0.38415777546043894,0.005304420120017902,0.007329235000390817,0.0017085899431671429,0.012998914398451997
circ_chr7_149014904_149019197_PDIA4,-0.0026191994795655015,-0.005725126787183457,-0.013039988718307916,-0.007143737180708957,0.028966160737193884,0.001585659893216758,0.007262784029904137,0.017373676733399904,-0.005653694400457291,0.012237351383044937,-0.02099107822639384,0.044654925075972095,-9.039814840020125e-05
circ_chr7_149018992_149021147_PDIA4,0.09857182013849489,-0.01567713090131032,0.009014771583483553,-0.09210028204671886,-0.025579500558584684,0.01406710593015397,0.015980644325162833,0.0004090324981424203,-0.43344740900145257,0.001524993097122237,0.01890107534572885,0.06982550714813894,0.000717397853455982
circ_chr7_149153945_149154340_ZNF398,-0.008517957427396628,-0.021116055378952277,-0.07724164140929789,0.040127893407732214,0.009561089601400745,-0.019819337219614062,-0.032418337141408085,-0.011226167339877831,-0.15249241689309248,-0.06159340499405688,-0.011401708898915964,-0.022020342619582887,0.0001877986084091246
circ_chr7_152220523_152238826_KMT2C,0.04506779024888533,-0.04482647301459405,-0.0017632941567917674,-0.0006804916578419878,0.03942467104176802,0.021278725575032173,0.002862862973193262,0.005029332231338443,-0.20444865186360447,-0.0015997084789772722,-0.005395599450364017,0.0012473208865496346,-0.022775278482658697
circ_chr7_152249876_152250966_KMT2C,0.0029356488895285874,-0.005641447007723704,-0.013970618975800958,-0.015177419467624015,-0.03554789877459615,-0.014348779403814538,0.006179539204319708,-0.024525129466391835,-0.003675337250366955,0.005487647070465907,-0.008112909774979391,0.028310150051707863,0.007047368957793084
circ_chr7_152309966_152315338_KMT2C,0.05323472858218302,-0.007640576393271569,-0.04438610400462473,-0.07832000505522092,0.0011330005711086026,0.024018222763981873,-0.011357450370589004,-0.07481552436977747,-0.5120534644433773,0.08314990594480794,0.00409789018955404,0.27051652349013444,0.012359197942417128
circ_chr7_155665175_155680908_RBM33,0.14965193600671842,-0.1006401180296764,-0.025363737801066218,0.036556013132762404,0.008996866927980537,-0.002127044042995954,0.0015055849305021375,-0.021026066455428528,-0.5530547039742382,-0.004583649648850425,-0.024991779590201206,0.06761891677380956,-0.005032055236379318
circ_chr7_155672867_155680908_RBM33,0.004211347539647881,-0.005775882452184803,-0.2839655835556649,-0.024376434205340847,0.06008525162312503,0.045032033269614344,0.017308639255992263,-0.03238977562779949,-0.5236841490951605,0.008903523793148089,0.049451048501459795,-0.011613154516049476,0.016363849262980335
circ_chr7_155706860_155718443_RBM33,0.027097144744869933,-0.028315999844151774,-0.002774216900305844,0.006846863951890726,-0.011521175705890554,0.004576920644721613,0.020182108378480685,-0.004614491297271321,-0.12170293834226335,0.007786927647249428,-0.002085385881994575,0.00883192146084068,0.006989382287337429
circ_chr7_156734177_156756465_LMBR1,0.0025807421398508163,-0.005062656969213179,0.0647906272531237,-0.010857231885287024,0.014451522840261534,-0.0010998033858819506,-0.010216912459595313,0.014064335720805187,-0.011770430357872995,1.5515012567820567e-05,0.00831300590661821,0.018118003380617906,-0.005069159176786087
circ_chr7_156756393_156826744_LMBR1,0.00127547033840921,-0.01914743701366195,-0.031242757422220258,-0.02380417783837455,0.010953995518787143,0.038142024632119916,0.011765983208306595,0.03813657257144189,-0.07720736284312085,0.00878122901403641,0.05003742697525112,0.3966556884858655,-0.007463292715654707
circ_chr7_156826605_156836885_LMBR1,0.024696081231159114,-0.04908790868820579,-0.03335173859046606,-0.12888043787697703,0.018836412675088524,0.07291931820415981,0.07869895167090582,-0.017164891128394755,-0.7533268911569182,0.015795348850595817,0.00458011355425614,0.023316186395059498,-0.0207896633748573
circ_chr7_156966270_156967092_NOM1,0.010829978431050286,0.0009180623859362581,0.01462583873957045,0.014448678213039594,-0.02678582181869837,0.003125192911015877,-0.0008914561587017562,0.02675487159034015,-0.12322445079369854,0.027975837893794216,0.005071755993147976,0.038756927359448065,-0.003753365576500971
circ_chr7_157223254_157225539_UBE3C,0.008501983930356345,0.0006197410345723874,0.02739343349293186,-0.02217236862669033,-0.0034707459559892143,0.0008019679990968025,-0.015029396077274531,0.02196022231674226,-0.12018933786295341,0.04364155032178184,0.032942967109384685,-0.008224090049416153,-0.034015993302509505
circ_chr7_158759486_158764853_ESYT2,-0.004194167267020269,0.028499605429412118,-0.07267905381845471,-0.10785022753397536,0.023112865189026333,-0.02027752296206758,-0.023446062483155863,-0.023020664425739936,-0.45756801506721767,-0.03228856409369417,0.02540431943197013,0.14618768855139072,-0.0713852185600187
circ_chr7_158773341_158799072_ESYT2,-0.017090219270583084,0.019970301275739358,-0.01457647211842337,-0.10665097266543182,-0.04069866801872379,0.02233206125265843,0.015150552837920992,0.02255023203250857,-0.06522927592979633,-0.028680772132645117,0.015720591343713706,0.38480438251733545,-0.006544556247827926
circ_chr7_158788004_158799072_ESYT2,0.1031093863111721,0.05863731852133974,-0.06344747374296202,-0.2253418225324043,0.06637706643610489,0.06803644473282425,0.029682413591952016,-0.11404143377845231,-0.6726515836951558,-0.008211059784952473,0.040356773509166007,0.02735203991727339,0.042274486288905
circ_chr7_158869855_158876691_WDR60,-0.005288624315638247,0.04046064530579157,-0.08516083208899179,0.008824366015301767,0.0030034250219279487,0.0037070189714150828,-0.02306153132754803,-0.06502290697153709,-0.05608987960041595,0.000526699226979696,0.008461287339707819,0.07400046762300494,-0.0142183381137867
circ_chr7_158879684_158891333_WDR60,-0.022647331382499795,0.004778754552086904,-0.0982119862401966,0.004553347043754331,0.008929051600767724,-0.06367459694212811,-0.01284030609558429,-0.045947260014208825,-0.000763928097456972,0.08732522908323123,0.008286251600561942,0.02336583405570553,-0.006942954552879264
circ_chr7_158879684_158906091_WDR60,-0.017044460340697207,0.018244418807915396,-0.0005875376903099932,-0.02078996977470394,-0.014683753298026063,-0.0015894387685842493,0.0033611980997597934,0.0028828507538936573,-0.09707490166271465,-0.008551891357916976,-0.03843608200294339,0.04462391521583413,-0.020585956839908583
circ_chr7_158879684_158918869_WDR60,-0.017044460340697197,0.018244418807915393,-0.0005875376903099901,-0.020789969774703935,-0.014683753298026073,-0.0015894387685842473,0.0033611980997597917,0.0028828507538936586,-0.09707490166271457,-0.008551891357916975,-0.03843608200294341,0.04462391521583412,-0.02058595683990858
circ_chr7_16216066_16278226_ISPD,0.007997653046171106,-0.0074436436224758545,-0.011158861908435961,-0.07729155576852985,-0.026564766299851505,-0.0065832664265682485,0.008309477650823849,-0.003396627502974694,-0.2187246801988409,0.015682174694992942,-0.015019606180645576,0.07695293121997163,-0.014828219966232755
circ_chr7_16258390_16278226_ISPD,0.09142088701488718,-0.0010165129099986613,-0.0715738674385009,-0.057405775834251084,-0.01797790069523611,-0.018065033199026602,0.06342845622097472,0.010465548462697528,-0.628361517264979,0.0657064065580292,0.001898473289487235,0.06174976149233781,0.007234929834722083
circ_chr7_16376092_16406337_ISPD,0.007107087189885427,0.007776221513285182,0.03291754692717132,0.0038736734994617695,-0.009061121108380638,0.0027975263236160136,-0.012619668644796906,-0.010576290285408393,-0.007177884503139698,-0.006507367252999241,0.0005967326955618486,0.0160627395239863,-0.019482215319466565
circ_chr7_17845595_17850964_SNX13,-0.005585573766451897,-0.026368117432164103,-0.13038999025586576,0.06916393763400498,0.09579907596745421,-0.0898519571047638,-0.022202188108814545,-0.11931836638450098,-0.2375115177044906,0.0007160409031645188,-0.015094541666178303,-0.20842612241671227,-0.007304068234669225
circ_chr7_17868407_17875790_SNX13,0.008953569043230454,0.0189590376134786,-0.11775370271690008,-0.0066083028840857524,0.02393285254762386,0.013922812536208485,0.019614762294619014,-0.019340325742127948,-0.5860109498524807,0.0064178286886915755,-0.03548594565152524,0.023771279719755997,0.03299157034400484
circ_chr7_17868407_17897446_SNX13,-0.004969131339719772,0.0408729342467421,-0.018873097315653963,-0.026598844326932942,-0.004421251333081335,0.00024344984621969706,0.03358205342251322,-0.0014678756724676564,-0.033693585620014156,0.0037317865308443762,0.0014729083489579877,-0.013151502122292845,0.03795803736733003
circ_chr7_17890363_17897446_SNX13,0.00776969906433204,-9.389273141692792e-05,0.008614996250129599,-0.017890797381386978,-0.0035424284845984835,-0.0016559512677823,-0.01595435861036499,0.006944908944182648,-0.003751250454373026,-0.005620339466383439,-0.01795687701104013,0.02213959756648385,0.0014894230210486515
circ_chr7_18666213_18666476_HDAC9,0.034463641026860246,0.0040608262546621456,-4.249768667658866e-05,0.2868689138287392,0.03868827484320643,0.0052073328240508105,0.022118870122103916,-0.0004387876093708426,0.07770129503034691,-0.009579948205749214,0.005611089066392769,0.03217644462713802,0.005964539561237874
circ_chr7_20154193_20161870_MACC1,0.007504523233338777,-0.028807565487248103,-0.0106072070507927,-0.0019065738908981746,-0.016091790360303636,0.010306265408766764,0.008663643431984365,0.0033734278768794397,-0.14593772765315935,0.009079123818615736,0.004329501572198123,0.022229168938038862,-0.006502696129692309
circ_chr7_22266964_22318037_RAPGEF5,-0.0383058211120249,-0.07513943572085732,-0.08303805279727745,0.013583424565033126,-0.022733163272513134,0.03239092637299419,-0.011744632399631505,-0.027949255888512773,-0.3790507874685567,0.010434622987079938,-0.0043549892978887355,0.05645015799314453,-0.022674825258937645
circ_chr7_22291175_22318037_RAPGEF5,-0.01920108662632434,-0.16430584900433773,-0.07048445143112539,-0.25648998370624293,-0.006531780553812371,-0.013568782327558085,0.14938105108915067,-0.03971195742526582,-0.5276134968328784,0.021044459791575047,-0.012763016230409823,-0.0029004135225296464,0.008385711782233603
circ_chr7_22308339_22318037_RAPGEF5,-0.017197037127128827,-0.2220418951389254,-0.007765088151045169,-0.22618645027516665,-0.008011794230576762,-0.0038217280168037354,0.07076711768915249,-0.004761404513563131,-0.5113168645614691,-0.013125097649409834,0.002317720373929077,-0.024883869250562143,0.021999355999661678
circ_chr7_22960256_22991139_FAM126A,0.1661770174270145,0.03597312371465736,-0.09266369957606689,0.016839845627495926,0.01609392364599481,0.002549110497195338,0.06664798199263139,-0.015517139458813695,-0.5346414979381123,0.011828041235484399,-0.017806203235766892,0.04128522467292254,0.05221740197738231
circ_chr7_22976210_22984045_FAM126A,0.014762708955108818,-0.01123680283449396,0.019575988237605826,-0.018501103210975544,-0.02748132688817099,-0.006973447068232517,0.005834286713707024,0.00013699106634578167,-0.1754199697108999,0.003590149025207726,-0.027219891795506573,0.006001077048293083,0.002913583635822799
circ_chr7_22976210_22991139_FAM126A,0.06410375696957249,-0.00114030347006054,-0.019472071116766337,0.006277979369964377,-0.026225102278629453,0.001578823823058252,0.016520618816901887,-0.007097627367526778,-0.07829268034000902,0.057993974094075494,0.0131732941639156,-0.0041081752355746175,-0.01000985284342164
circ_chr7_23611171_23611553_CCDC126,0.03643277271700331,0.019672001577940093,-0.10726710134065844,-0.2429262768058569,0.0024438799173848516,-0.007016082004406374,0.010608135224449231,-0.017699720750900944,-0.8523728299918302,-0.016981395257612174,0.01738475946130801,-0.020597210233551842,-0.042829828888795
circ_chr7_24620052_24668660_MPP6,0.12489867266724419,-0.07264792888795328,-8.294522598715351e-05,-0.17215226866627628,-0.05276806549218722,-0.00043429590763721535,0.03009704230101916,-0.02142889049702799,-0.3647327182423293,-0.0006041529665111983,0.0073937582744951005,-0.0003431083558147101,0.02893270403032119
circ_chr7_24623666_24650712_MPP6,0.16236578380640856,-0.015594441502172363,0.0005713876560741143,-0.18802942037518813,-0.00357776851046497,-0.026318359245451364,0.11729664449277588,-0.0320198774248276,-0.3662806102934607,-0.02386076302059041,-0.03855318806160795,0.03765684453075091,-0.029322972551699793
circ_chr7_24623666_24668660_MPP6,0.19894938986473146,0.017905550761835542,-0.1393596178977459,-0.25237589797096743,0.056331566655489315,-0.06147328841010069,0.19165976816958025,-0.030804051041891423,-0.5075315876666174,-0.009297236163584698,0.0067921797605016345,0.0887317555329987,0.02645963215899331
circ_chr7_24623666_24680520_MPP6,0.12632837933729438,-0.13286635300203972,0.04684354649807766,-0.07926278184975522,-0.008894098064428394,0.016567400104758302,0.014406621537272209,-0.013195246931128305,-0.13382618100262855,0.0022684755091977164,-0.06667226671625279,0.026276490523816694,-0.0039032312378388
circ_chr7_26196401_26197732_HNRNPA2B1,0.0031213084530363963,0.014518782029764936,-0.027052897182337526,-0.01684429323333351,-0.020892911452582305,-0.01593984078275525,-0.009235961536069884,-0.001882409948813448,-0.00020836762893140036,0.030398531788013838,0.005845223378340794,0.10376731553801989,-0.01958589431523575
circ_chr7_26684736_26727006_SKAP2,-0.01828628188969812,0.00783527647694719,-0.12836977070846736,-0.004898075842079979,0.0009213163624133521,-0.008871908581021184,0.025436776288908593,-0.06448370323305884,0.025155734915510125,-0.02090409029784312,-0.04407513425763869,0.09955251140064401,0.0036961297300452333
circ_chr7_26844030_26854890_SKAP2,-0.05380893296409624,0.021659000092907586,-0.025203962934356016,0.0014845640221791644,-0.00030183227635267266,0.0675175111291822,0.03525581226784532,0.08407244125842016,0.040056190134662426,-0.01172638031921898,0.1030187814426178,0.508521656611901,0.02336452499413575
circ_chr7_27629371_27632445_HIBADH,-0.03606171405407532,-0.012320750280301676,-0.002942900342479003,0.01740655586426864,-0.0005711109306322116,0.006847127705793951,0.12781906589118427,0.015121545717611958,-0.29426213340410085,-0.02020766180814053,-0.034685368501705144,0.20903770625161042,-0.020029475505806384
circ_chr7_27629371_27649633_HIBADH,0.017972333927708802,-0.002942387337791544,-0.15995207274354273,0.05862348034252712,0.03265082861778825,-0.06907953309467633,0.03927720349543044,0.006250914039152793,-0.3257860544502521,-0.005476708755362672,-0.01999781887824033,0.2050156721860326,0.005269132129954877
circ_chr7_27785163_27785489_TAX1BP1,0.15621036501805385,-0.0051977631582071065,-0.003761034537433332,0.024767651720497653,0.01799909706354348,-0.01934094094013568,0.016192401118866537,-0.005022993788216205,-0.13793717144632955,0.03258419712350394,0.012832774752518176,0.0006764677363222186,0.018098892698958844
circ_chr7_27785163_27800090_TAX1BP1,-0.02919684876803324,-0.13379474082900752,-0.13365583681138998,0.013642555899607993,0.023905675672651474,0.008466917229990718,-0.008738593969539035,-0.03822166952665474,-0.2049420107436192,0.006838885937502337,-0.055153634341425145,-0.06874435864177598,0.002779950622293714
circ_chr7_30550636_30562128_LOC401320,0.09033412117530377,0.08361421109195728,-0.0023767903023434816,-0.08207675711262936,0.16866925309578149,-0.010965583535054172,0.03946864612083646,-0.006797396805686693,-0.4047182094802633,0.05315608381415388,0.026487895387259208,0.14789854472594666,-0.04199070798230771
circ_chr7_30621393_30622462_GARS,0.0254534229194918,0.013407511146851505,0.002410782123569129,0.013623711611843548,0.009157892840972556,-0.03740562738836018,0.038526460439810326,0.01693439383796743,-0.07300217415088125,0.033716114962460346,-0.0625113101217792,0.023841433919729607,-0.025140566768673513
circ_chr7_32544694_32554596_AVL9,0.0020715015745308265,-0.0013959855394530595,0.010931285799517116,-0.033657272786011175,0.02631090988304788,0.0045560989067862856,-0.00845692028008421,0.00735683737497868,0.03395736536008454,0.00843429544359668,0.0013160344143398634,0.039699123530355554,-0.003759562262522181
circ_chr7_32632543_32639365_DPY19L1P1,-0.009319145056000762,-0.0008947362917411951,-0.023087270970551698,-0.04336579623490696,-0.025553942417149332,0.030260777972719612,-0.011522136786364512,0.010919834359060496,-0.2884445084192094,0.006231003678529102,0.013803832384170003,0.08369786785119794,-0.024396051292510913
circ_chr7_32632543_32679130_DPY19L1P1,0.00913309883965315,-0.042468021735635644,-0.006416492575362618,-0.02306212583502844,-0.03863349250946217,0.0034992655286459565,0.009039807414803785,0.01816470777969047,-0.008228020905126842,0.015078521628580682,0.020274718955127616,-0.03134068650634105,0.0018900200801900682
circ_chr7_32988507_32988652_FKBP9,0.06515241667845197,0.09644101567226647,-0.024713576945488543,-0.12875915281968658,0.06341250898320165,0.01196386935218653,0.018048292902953903,-0.005683599093499613,-0.017955713023778776,0.001696531568066328,0.0022592301010041713,-0.0036240695524602626,-0.019915236674371443
circ_chr7_33146242_33177591_BBS9,0.08393369183602391,0.0770268978617311,-0.07317414203755976,0.0009878454825514582,-0.010867155784799477,-0.06196295695043998,-0.0004598173224488225,-0.03045576690983882,-0.4457705125142132,0.0036032129052052282,-0.009612115195430438,-0.05593523691544533,0.017082759352169262
circ_chr7_33349068_33388144_BBS9,0.0020715015745308265,-0.0013959855394530595,0.010931285799517116,-0.033657272786011175,0.02631090988304788,0.0045560989067862856,-0.00845692028008421,0.00735683737497868,0.03395736536008454,0.00843429544359668,0.0013160344143398634,0.039699123530355554,-0.003759562262522181
circ_chr7_33357855_33388144_BBS9,0.05789418329373758,0.02781406096456079,-0.041364413983998996,0.02412519577660209,-0.018938099392667367,0.001753225286090234,0.01481097770330108,-0.0029453814378807945,-0.2662990649615984,-0.001857397270473796,-0.006361333903336234,0.14759395574450676,0.013183326369581125
circ_chr7_33367767_33388144_BBS9,0.02176406603851956,0.0054097029384403295,6.881490679906523e-05,0.02904466977808344,0.056694925678730725,0.012289624826545165,0.01734431142493481,-0.0052065787902777945,-0.009608210222143695,-0.011750915622825302,0.0004770621242136798,-0.0071817119798024,-0.01930433881826479
circ_chr7_34966894_34973605_DPY19L1,-0.023278921671259566,0.002935688486424431,0.01778652358160715,-0.021796407273160928,0.01413721770194913,0.024007098385936988,-0.0027361196556205986,0.006073172568282633,-0.24875463278252302,-0.020444256247700673,-0.027654593895000957,0.09044062845794412,0.02976537937569541
circ_chr7_35010468_35018596_DPY19L1,-0.02622883992221838,0.02086753664335272,-0.13981594374902453,-0.028796906383265746,-0.01113842895700425,-0.02130104146096638,0.003129243406660807,-0.026473015108604604,-0.022414484575590563,-0.013754669865940237,-0.01738285887176163,0.14680788587488605,0.012390107150818851
circ_chr7_35667434_35673278_HERPUD2,0.09032407031353314,0.041753315114301776,-0.0083714892205832,-0.020395358371172886,0.021395778624572693,0.03055128081962762,0.08229310139395096,-0.04017761246130386,-0.735110133149586,0.10954191868040368,0.02210061552880319,0.03649916222280543,0.03737745580911651
circ_chr7_3619080_3642105_SDK1,0.019623534061631618,-0.02020129652111292,0.028429077553972126,-0.04193923552848186,0.0065405478384221866,0.003184815764928641,0.012315343994470837,-0.009161311265497768,-0.02714914492113382,-0.00630427987476165,-0.01953756177284793,0.022133984129047272,0.0034863365157029136
circ_chr7_39987599_39988258_CDK13,-0.006515397263523387,0.020736124972133993,0.013755387647189296,0.024167574350154066,0.049200437902286495,0.030193955872898335,0.019391991598721736,0.0024280015994961185,-0.4431532801181159,-0.010766255122809867,-0.01898927257839084,-0.01689482807227627,0.05420746958979956
circ_chr7_39987599_40002031_CDK13,0.1181646800715125,-0.00232731836851444,-0.010326431784313994,-0.05558040768447342,-0.01136024312888181,0.04475282698314131,0.06492725673810121,0.004303315877608172,-0.3276473832107432,0.008071452938010757,-0.004025067080734257,0.07926872171087712,0.04236152208837267
circ_chr7_43639449_43640649_COA1,0.012781210964748612,0.0007372917366052581,-0.0579127513231528,0.010721401380534611,-0.029394739282896317,0.018868954542631135,0.032208356105157016,0.0012903495576651162,-0.4438304472776424,0.012999218662077755,-0.0034008446768505666,0.0036650472018130683,0.0016964824503365233
circ_chr7_44645327_44647759_OGDH,0.0018539325740571252,0.013845674328659598,1.116654982488622e-05,0.11031260143317671,0.07549562620678811,0.005221316758523493,0.010083708749115416,-0.0019109179255525654,-0.014824897816606949,-0.013709576210820737,0.011493324400575227,0.0009953872435024065,0.027373551141282145
circ_chr7_44674411_44675268_OGDH,-0.0048806428395301036,-0.004887414596721661,-0.06883835493636736,0.09674650634234586,-0.01541092438803153,-0.13458378686846306,0.02607647407391744,0.003697023257771764,-0.2202388340246647,0.010469379159042086,-0.024789357504492203,0.06945779383191211,-0.016373577349287415
circ_chr7_44840899_44843354_H2AFV,0.022475218882603044,0.053480980169325225,-0.007883713924002701,0.003814616581111466,0.004368104381645109,0.013309061594272874,0.00841725480072573,-0.006744830428815592,0.02138149317003476,0.005644350684397649,0.01136741881696774,0.01871124998371222,-0.011948183659169455
circ_chr7_47411727_47442055_TNS3,0.007107087189885427,0.007776221513285182,0.03291754692717132,0.0038736734994617695,-0.009061121108380638,0.0027975263236160136,-0.012619668644796906,-0.010576290285408393,-0.007177884503139698,-0.006507367252999241,0.0005967326955618486,0.0160627395239863,-0.019482215319466565
circ_chr7_50319048_50327757_IKZF1,0.22899079046146686,-0.026294498362678373,0.001854207490773089,0.36194791220619016,0.044645176052651725,0.011252273249513977,0.05292657736624974,0.00624516698795024,-0.2718498569442224,0.020417647898861947,0.019325875043673467,-0.013186420753576374,0.006200448036576751
circ_chr7_50669722_50703908_GRB10,-0.0049573417401438434,-0.03820505597762542,-0.014503043610469024,-0.09073824752370264,0.002610954739276783,-0.001998344278127933,0.02347670584035271,-0.005168333671479236,0.013769903680240626,-0.009470764646581373,0.003966722387356067,0.023844671930307183,0.02539636680592858
circ_chr7_50669722_50710990_GRB10,0.009758099056183588,-0.07097060677596509,0.005030685824660027,-0.021381319815875276,-0.04209405710623843,-0.009508420514730508,-0.016584965273368203,-0.021369345048455037,-0.14118679253150476,-0.001865746172339098,-0.004820165677742583,0.016592687979131028,0.014290713868468448
circ_chr7_50703821_50710990_GRB10,0.035858764993994506,-0.09927982717808005,0.034977704263886064,-0.07440243043598406,-0.00542296364981401,-0.005552764673205534,-0.00416434223227613,-0.018918911340912687,-0.08194972399696776,-0.006338872955394081,-0.005993471468175836,0.018059685737926892,0.01314305119229952
circ_chr7_55982210_55983868_NIPSNAP2,0.021094544684586734,-0.0006579207587160144,-0.00040891078223978793,-0.06162261734392614,0.001419300156009345,0.0040862125064850445,-0.003499561050739525,-0.043816724340325186,-0.4197974917740985,0.017856999927726165,-0.00043733093965682505,0.08409144343757759,-0.0006255524217892623
circ_chr7_5641154_5652510_RNF216,0.0009187471465843698,0.02316448533105598,-0.004797652066915161,0.025230136501651665,-0.008904413930757462,-0.020790911584454886,0.007890640268223921,-0.009808426737313478,-0.003224300527920296,0.009665270371328989,-0.02259361905036378,0.02800351294721957,0.041521816564189254
circ_chr7_596146_607452_PRKAR1B,-0.008517957427396625,-0.021116055378952277,-0.07724164140929787,0.04012789340773221,0.009561089601400745,-0.01981933721961406,-0.03241833714140808,-0.01122616733987783,-0.15249241689309248,-0.06159340499405688,-0.01140170889891596,-0.022020342619582876,0.0001877986084091238
circ_chr7_64336259_64336982_ZNF736,0.05846391378005174,-0.015773856194722737,0.02650732367210593,0.14883297555898686,-0.0014926774998213817,0.0026332006365115276,0.006653567966705644,-0.009910433177798599,-0.11424557720020032,-0.0003925031353823691,0.007820021951507617,0.008152900300370632,-0.010555556218761605
circ_chr7_64543707_64544432_ZNF680,0.158660328815714,0.17476905326772083,-0.10365347182157819,0.04485092642272257,0.03648949202902703,0.0044437631125408385,0.032030605728008095,-0.027952138073923462,-0.29794952950735215,-0.000448183663832042,-0.030741254357717775,0.09628496799826063,0.04492741712920089
circ_chr7_6585016_6585260_ZDHHC4,0.01726716758170783,0.010200601645136129,0.036588642684973735,0.035709446396209134,0.001524967503594918,0.010561199446583597,-0.002246183047296205,0.007725773838466168,-0.07035033941460649,0.02475956824985256,0.01761018605851129,-0.02061277037149983,-0.02023051753797969
circ_chr7_66127704_66134374_CRCP,0.03854817563437192,-0.0046264798090318564,-0.05447121955086935,-0.013614113255571892,0.07736884154025006,0.052513973855317045,0.021742716503970156,-0.01290953961724332,-0.7598663851842363,0.009738114508172009,-0.0016979120462853727,0.02251769206911368,0.03481275862012894
circ_chr7_66130744_66134374_CRCP,0.007107087189885427,0.007776221513285182,0.03291754692717132,0.0038736734994617695,-0.009061121108380638,0.0027975263236160136,-0.012619668644796906,-0.010576290285408393,-0.007177884503139698,-0.006507367252999241,0.0005967326955618486,0.0160627395239863,-0.019482215319466565
circ_chr7_66240325_66241270_TPST1,-0.005774793074884624,0.10652897355699857,-0.01314477740575538,-0.2221813841147287,-0.004327360134063753,0.010187127277966774,0.006027396974603729,0.024835262059912704,-0.10465916040491642,0.01529381847670215,0.03625822845349614,0.057253511887553926,0.008159598778817079
circ_chr7_66240325_66286709_TPST1,0.171861924100169,0.10480006421898513,-0.0001954279129631928,-0.2235404088710239,0.00014922554593741074,0.08856524954373775,-0.031304762157412014,0.02555574094190944,-0.46672796954635837,0.04818532890517793,0.022283647972372155,0.014762000307365802,-0.0338520423637332
circ_chr7_66286511_66286709_TPST1,0.01562951355092529,0.11219703874725294,0.007645798756093646,-0.029908994428688624,0.015355093858367554,0.001261286496276112,0.009059363375751193,0.0095985940868298,-0.07388251403409346,0.06188988115431955,0.029634543748196886,-0.002802847189649373,0.012584006981106604
circ_chr7_66797374_66805396_RABGEF1,0.012773036540365814,-3.7137803751063474e-05,-0.0034989877829900346,0.02282065673173109,0.04238288099625907,-0.007603498757321959,-0.009232414207440153,-0.010774404904803808,0.0689094359418364,0.003226526970905089,-0.001978345511525947,0.01628112859915231,0.014549000706035275
circ_chr7_66941848_66948694_TMEM248,-0.008517957427396633,-0.021116055378952284,-0.07724164140929789,0.040127893407732214,0.00956108960140075,-0.019819337219614062,-0.032418337141408085,-0.011226167339877835,-0.1524924168930925,-0.061593404994056904,-0.011401708898915971,-0.022020342619582887,0.00018779860840912232
circ_chr7_66991137_66994341_SBDS,-0.003807502894038237,0.04247736159900013,-0.10750614541926826,0.047079780890271455,-0.007770912805171247,-0.04569860314065484,-0.002127220871180023,-0.07915881549902049,-0.20884508467255994,0.030130297727310188,0.00703547583961205,-0.016481525040727755,-0.009497831979649271
circ_chr7_66993217_66994341_SBDS,0.007280358902032077,-0.012729883714861468,-0.059404722861829955,0.03893573184521256,0.02097991148060576,-0.06696985376141162,-0.0010016368073912005,-0.07706161376332317,-0.012529309988806001,0.03522100614213609,0.00023706968902335914,-0.06588446465007322,0.00720070302268193
circ_chr7_677229_711527_PRKAR1B,-0.1679161821541368,-0.09174184537171912,-0.0745909935035914,0.07430430946416373,0.12632322072364616,-0.3317820376902409,0.009059503899224258,-0.2295551205238391,-0.29410365813433936,0.0010280401922532698,-0.013721102217114436,0.03307483958625903,-0.11042007248805404
circ_chr7_6814764_6823360_CCZ1B,0.012677444732855777,-0.006920647846816983,-0.04169065140751115,-0.0033515664899989015,0.033743600113848395,-0.028493315346057112,-0.00023999050702084866,-0.04788603993463991,-0.28126031247770383,0.0486307533084482,-0.000845364724761389,-0.08126302855008423,0.0007331601878885747
circ_chr7_7234303_7243750_C1GALT1,-0.027699865868957587,0.007689415455052357,-0.12052267102213904,-0.024685249088537125,0.0071556920593119884,-0.03976630137121677,0.005097574385872487,-0.03365808096302094,-0.04682831291129529,-0.016182905439219485,-0.01249002304450903,0.034701341376683036,0.02716652084106207
circ_chr7_73469517_73470483_BAZ1B,-0.07381706352722621,0.002307028253840511,0.023316456407350142,0.00734723300317774,0.08425919185493791,-0.41690061323952365,0.09186759962565039,0.23130523686320256,-0.004082218526019759,0.0022797134261644788,-0.02398200378370296,0.17274983528389926,-0.029251397980968263
circ_chr7_73686636_73687095_BUD23,0.0036786197823638588,-0.007194772717524485,0.0024450191684266425,0.007059414920775122,0.06495200583572633,0.03189005805900847,0.016340433968613385,0.036684566445528304,-0.444970741563192,0.014215692856718259,-0.0006779340709584895,-0.04566511120020964,0.03701821011478167
circ_chr7_74219744_74220734_LAT2,-0.01994668489890071,0.004209465500406575,0.04771560323763425,0.16082636230681852,0.03634667401363076,0.04663419276479896,0.05052559635428543,0.004852096957989772,-0.22381305563742696,0.002438820049407146,-0.06883009680504436,-0.02638073662847573,0.04420004174828209
circ_chr7_74356410_74357477_CLIP2,-0.006426985384904421,-0.0038534343785174255,-0.00480730575972431,-0.03934364262983825,0.06581404366199294,0.0068284379881756825,-0.011100225983399036,-0.014394834713873048,-0.13220532161286766,-0.028553419727353622,-0.03531814695724603,0.030528844006508616,0.03879907709564797
circ_chr7_74705164_74716950_GTF2I,0.06804870954472589,0.20101764108571907,0.0038569434977555024,-0.1589185644435552,0.06335469070455955,-0.004289927679433606,-0.008056289718073782,-0.023447300260916785,-0.2650204504648649,0.009662463105835194,-0.008865960579275238,-0.011392843425087616,-0.010181359371062591
circ_chr7_74705164_74718941_GTF2I,0.01557201782218598,0.006017375951698901,-0.019311764227728987,-0.010857843111100416,0.045425002914574436,0.047466481420895025,0.022553768976288725,-0.0036505750448990702,-0.06329420436444948,0.01663659858509872,0.0263214196380926,0.0955004923115078,0.010640993438751195
circ_chr7_77274482_77280653_CCDC146,0.021412317996122095,-4.7271156503153964e-05,0.012643742502947723,0.00625440742284755,-0.0013764261541668417,0.003496870170112215,0.005882372021945721,-0.006790994559203463,-0.01303338333891334,0.014913563656296317,-0.01876542561115269,0.003591649749432369,0.006190764033005424
circ_chr7_77360824_77377390_GSAP,-0.008517957427396628,-0.021116055378952277,-0.07724164140929789,0.040127893407732214,0.009561089601400745,-0.019819337219614062,-0.032418337141408085,-0.011226167339877831,-0.15249241689309248,-0.06159340499405688,-0.011401708898915964,-0.022020342619582887,0.0001877986084091246
circ_chr7_77571078_77585581_PTPN12,-0.017044460340697204,0.018244418807915396,-0.0005875376903099913,-0.02078996977470394,-0.01468375329802607,-0.0015894387685842478,0.0033611980997597917,0.0028828507538936577,-0.09707490166271461,-0.008551891357916975,-0.038436082002943406,0.04462391521583413,-0.020585956839908583
circ_chr7_77571078_77592256_PTPN12,-0.027444456820186012,0.008985209632974105,-0.026271338218027303,-0.025505250559287325,-0.0011873995697816134,-0.00827357389088408,-0.00789050961025594,0.0054242773500877825,-0.09299382664387826,-0.02638146648258643,0.0017635755977336719,0.010125429337205668,0.0338452373276149
circ_chr7_77571078_77600806_PTPN12,-0.010393895600995363,-0.014299304813647398,-0.004529244339171153,0.009914390992052675,-0.03136284124558969,-0.019206558967735755,-0.007348859111744252,0.026691969462455535,-0.14495692916371655,0.05463927607615499,0.1777214722653605,-0.0018802252358310803,-0.03780436552865197
circ_chr7_77581427_77583650_PTPN12,-0.0008605265785516015,0.00379153312548877,0.038559774438526505,-0.005548942918494074,0.02807344846962127,0.01114848554363237,-0.001619878996254437,0.023812325141764987,-0.04550522434065999,-0.030486500794702845,0.01778853048018718,0.02242210506136109,-0.009066942672407869
circ_chr7_77581427_77592256_PTPN12,-0.018286281889698122,0.007835276476947192,-0.12836977070846728,-0.004898075842079983,0.0009213163624133535,-0.00887190858102118,0.025436776288908586,-0.06448370323305881,0.025155734915510118,-0.020904090297843105,-0.044075134257638676,0.09955251140064407,0.0036961297300452307
circ_chr7_77581427_77600806_PTPN12,-0.014963975345261123,0.017364507485472785,-0.04641877284633206,-0.034270842306295915,-0.01324370863820101,-0.017022481120958527,-0.01182192594626176,0.0034697493402721727,-0.06434998374302472,-0.0030903344332415925,0.004512740940242969,0.062698392661615,0.012999524061125808
circ_chr7_77585543_77600806_PTPN12,-0.009552421290382366,0.09832864791879496,-0.0862397865361668,-0.12698442306129817,0.0115639742940637,0.006458570973718227,0.010293053635544645,0.008022059791109164,-0.6213455239557227,0.0348400281784767,0.033072620665726485,0.04264835959228331,0.013491468225552212
circ_chr7_77607235_77632425_PTPN12,-0.04311321915294707,0.06621777141014061,-0.10786108407163673,-0.045823040709965075,-0.008944138520469649,-0.025725817069144015,0.0005313006220068315,-0.04365068668337824,-0.015896125643040503,-0.06026208077939156,-0.022299991611843872,0.033605084652082916,0.038754383998135536
circ_chr7_77765495_77773314_RSBN1L,-0.018286281889698122,0.007835276476947192,-0.12836977070846728,-0.004898075842079983,0.0009213163624133535,-0.00887190858102118,0.025436776288908586,-0.06448370323305881,0.025155734915510118,-0.020904090297843105,-0.044075134257638676,0.09955251140064407,0.0036961297300452307
circ_chr7_77778338_77778814_RSBN1L,0.039366794814242496,-0.0013224848588063761,0.013840183254146366,0.13688271947271585,-0.05128273756152267,-0.007244722090159674,0.00835596794136362,0.00046374183737383286,-0.09429598407151131,-0.010926864855866367,0.0029792755086246207,0.021769064861794904,0.00530585453381998
circ_chr7_8003908_8060248_GLCCI1,0.06871283902038103,-0.0152182192197158,0.007911095239225695,0.012375676037747155,0.017529470531085434,0.0022632352027885886,0.010619936739026345,-0.009237762439731468,-0.009093135846842782,0.003007019177284216,-0.0021696242402587,0.0011826042408481449,-0.00024760285128237367
circ_chr7_8003908_8071131_GLCCI1,0.02014176797272887,-0.0013481909643968954,0.012863557920060777,0.01287612086266502,-0.025024704021695467,-0.00313643620569714,0.006026314769754672,0.010452005712077835,-0.029307790390731708,-0.003351590005883352,-0.010105952624577787,0.02446194047831029,-0.002275228799046063
circ_chr7_80789306_80805758_SEMA3C,0.005904038597911185,0.05239864709873332,-0.013847358930098011,-0.004861746934265444,0.006759665008751109,0.01949369650911144,0.02691288135470471,-0.026187678091196282,-0.05988557907202015,0.031352270236394655,-0.00812113647176759,0.013406687579771521,-0.0040016917359109345
circ_chr7_80789306_80810701_SEMA3C,0.033148906780950504,0.23462048253759193,-0.08915785523535334,-0.08942013019579632,0.019768201872359142,-0.007717081648246646,0.03937961267886397,0.07774836961895676,-0.25726184595189305,0.07025686912614333,0.009443931604678628,0.1373499969805631,0.003301336301079153
circ_chr7_8218305_8236005_ICA1,0.027640003108547962,-0.020622674626285007,-0.02224820944958733,0.012025369431643212,-0.0047292669116285845,0.0058025867930611204,0.012429627890169558,-0.01824678517888905,-0.005729392600892293,0.0024275416366934225,0.003800897925116416,0.0656473120360469,-0.0007221144625619724
circ_chr7_854920_857957_SUN1,0.005501446286346857,-0.023401886816535745,-0.0018959610974282608,-0.010912516346575992,0.017650135967367652,0.054652881583337996,0.010957899617830133,0.023184767515857286,-0.02447084149217961,-0.0066777698982345216,0.029824291321582777,0.008632372701901382,-0.00903991310417192
circ_chr7_90726567_90726812_CDK14,-0.03841657258626037,0.1811700823575738,-0.047578992480738096,-0.1170591506753424,0.014199489238855903,0.01643740223279712,0.03128992207844902,0.008989755609121887,-0.1004448790126526,0.05325238245029742,0.02605870310855816,0.13569621988078645,0.020719417614809152
circ_chr7_90726567_90747775_CDK14,-0.0083966823355695,0.1907701868307088,0.0023026711388405056,-0.055889791325512084,0.016804444472096256,0.03603743564343213,0.056718585751395115,0.006261853863512438,-0.40651215934298274,-0.0037433584056643346,0.036682720412731955,0.007154302281301616,0.011798088084979204
circ_chr7_90726567_90790652_CDK14,-0.004325005427077629,0.22424375898862856,-0.01471483938113196,-0.17097343891333802,-0.015169119222413626,0.036101689142265934,0.025940031520624983,0.012553350454218596,-0.14445636459207822,0.009843604842674712,-0.0423288791943944,0.16717805788440698,0.004261258015446259
circ_chr7_90747681_90790652_CDK14,0.1105591767613433,0.2513580833782439,0.0053792135462520495,-0.012444181849974048,0.14401039143181907,-0.05528042581043365,0.05568221598471619,-0.016961295789481478,-0.40289879692170744,0.03749468451693466,-0.0031817964997771842,0.113764071474926,0.1222903872559991
circ_chr7_90747681_90863269_CDK14,-0.029427427675287058,0.02396867307979542,-0.0604363968327287,-0.03653830514700166,-0.005913088157864439,0.007406162210474857,-0.0034079260072259064,0.05063495290365473,-0.29632777767639035,-0.0061510196316852984,-0.011315435287954008,0.17942185401102034,0.02289647384863771
circ_chr7_92213195_92226682_KRIT1,0.019412775588388075,0.013245175060539911,-0.009200880088464628,0.015851379809944777,0.004054622610474923,-0.00615242950039615,-0.005874142927577578,-0.00959215980881864,-0.3330187398783386,-0.003514049702806682,-0.01939267393622139,0.01301179085994636,-0.000902615246445606
circ_chr7_92294889_92307656_ANKIB1,0.00819309191366757,-0.013826720989742868,-0.007225890864087685,-0.0016512343168591458,0.040124172605328905,-0.0042957708458453685,-0.03335835492139463,-0.0015136241465394259,-0.05732617274190028,-0.03039336213299263,0.0030119160952674752,-0.022795242516919147,0.021086667352312093
circ_chr7_92294889_92327900_ANKIB1,0.059174953731302195,0.018207375346288336,-0.1998479193170421,-0.03184693468729356,0.009050627765768768,0.05696997810429201,-0.00475096373645127,-0.045657913705176134,-0.6751632292281475,-0.014302561116642033,-0.0045330077508200185,0.03078969210685595,0.014080373534453969
circ_chr7_92294889_92352642_ANKIB1,-0.11236048472708024,-0.0020019667039479863,0.002156437594683569,-0.015055163557765299,0.05028527899711344,0.017346270501419896,-0.004524757838643399,-0.22275518673064396,-0.09836882466063959,-0.019494168269170484,-0.010616168629850813,0.01824865159579553,-0.00751114266287976
circ_chr7_92294889_92362273_ANKIB1,-0.007265318061277756,0.01141212234744646,-0.04475876968449519,-0.006360888841316703,-0.0006067118949041523,0.0005087416415960039,0.008786697300477798,-0.03896488944331691,0.01945055036808481,0.0016871380254211631,-0.04543763768194691,0.07493991929611116,-0.0036781650333318873
circ_chr7_93291703_93311272_VPS50,0.007137551108515341,0.023382627292825215,-0.00706074511562675,0.018488975812979445,-0.022321802158920087,-0.034960967344116065,0.027674127875682925,-0.07608051965441656,-0.009431391062359382,0.009412160044771457,-0.024110781153886172,-0.003032551540591276,0.032041033845363213
circ_chr7_94417724_94418552_COL1A2,0.004124876550617455,0.016032921191198746,-0.025545234863870593,-0.023997315710782174,-0.0336670940518234,-0.021243991624352115,-0.02750956356912709,-0.019185017356912793,-0.011388108159766108,-0.060254390563142655,0.0008700714970196603,-0.0006647957719020212,0.04370259319177388
circ_chr7_94598775_94629841_SGCE,-0.018286281889698122,0.007835276476947192,-0.12836977070846728,-0.004898075842079983,0.0009213163624133535,-0.00887190858102118,0.025436776288908586,-0.06448370323305881,0.025155734915510118,-0.020904090297843105,-0.044075134257638676,0.09955251140064407,0.0036961297300452307
circ_chr7_95198349_95268707_PPP1R9A,-0.008517957427396628,-0.021116055378952277,-0.07724164140929789,0.040127893407732214,0.009561089601400745,-0.019819337219614062,-0.032418337141408085,-0.011226167339877831,-0.15249241689309248,-0.06159340499405688,-0.011401708898915964,-0.022020342619582887,0.0001877986084091246
circ_chr7_98137315_98159425_LMTK2,-0.008517957427396628,-0.021116055378952277,-0.07724164140929789,0.040127893407732214,0.009561089601400745,-0.019819337219614062,-0.032418337141408085,-0.011226167339877831,-0.15249241689309248,-0.06159340499405688,-0.011401708898915964,-0.022020342619582887,0.0001877986084091246
circ_chr7_98141397_98154876_LMTK2,-0.018286281889698122,0.007835276476947192,-0.12836977070846728,-0.004898075842079983,0.0009213163624133535,-0.00887190858102118,0.025436776288908586,-0.06448370323305881,0.025155734915510118,-0.020904090297843105,-0.044075134257638676,0.09955251140064407,0.0036961297300452307
circ_chr7_98190728_98194572_LMTK2,0.08081993028818056,-0.1380927353173924,-0.010692002277206425,-0.05796463246093295,0.008798451019986076,-0.006343138790091326,0.02785214706211184,-0.022154100193605166,-0.22128838271709295,-0.008576396898634502,-0.012214727633172023,-0.004588129357268189,0.05399846609144009
circ_chr7_98965696_98971945_TRRAP,-0.008517957427396625,-0.021116055378952277,-0.07724164140929787,0.04012789340773221,0.009561089601400745,-0.01981933721961406,-0.03241833714140808,-0.01122616733987783,-0.15249241689309248,-0.06159340499405688,-0.01140170889891596,-0.022020342619582876,0.0001877986084091238
circ_chr7_99388039_99390012_ARPC1B,-0.013568095195392772,0.03231857207442071,0.029542906084340462,-0.02346110101800935,0.05248958496226779,0.005371853594460585,-0.002167842199836322,-0.012866283856761617,0.030636055140823692,0.01766355522394158,-0.017159932347359196,0.005984121466556124,-0.0005006617579111018
circ_chr8_100259107_100264785_RNF19A,0.03839787765315214,0.020952944101233613,0.0032182718492023256,0.002725241960562519,0.06430841886819799,0.012522571676826123,0.014611073060276376,-0.024175338136125282,-0.005522673629435265,0.00751664428176298,-0.0028805023375692907,-0.0036747873999753,-0.016195354942381213
circ_chr8_100259107_100288267_RNF19A,-0.000644767256952319,-0.015997330600329464,-0.010010908347504014,-0.04266110928028661,-0.005496728760846486,0.0015118168215434542,0.005878839045467909,0.00043029527885120577,-0.2472980109569939,-0.015034274694322681,-0.005943311540527508,0.028635034667378913,0.019869695297858272
circ_chr8_100287501_100288267_RNF19A,0.02149305590476473,-0.010131951253439688,-0.002851530982190011,0.09802968557109396,-0.03224130360877753,0.0051349643846510355,0.0073850053222676735,-0.003179766944164867,-0.20199873930882584,-0.00413819026508548,-0.007423615319755377,0.012174191314950544,-0.0036988399749362114
circ_chr8_100709133_100713181_PABPC1,-0.001745945985867713,0.010309266105515167,-0.014319258935792487,-0.010203366317980935,-0.012300953606524436,0.02050131655906472,0.030571861956106835,-0.0039054214451724294,-0.008910259953940878,-0.015636342949859574,-0.007048062951851756,0.02765469683579488,-0.014915223806638327
circ_chr8_101558419_101558812_GRHL2,-0.01776079010072056,-0.017190822540851875,-0.04408870987984311,-0.020468181959935394,0.019809558702039726,0.00529286296371289,-0.005416246893343546,-0.029055051707074682,-0.011214315959298487,-0.014458368240646554,-0.0035536550370111985,0.05278412377020897,0.0022120262419880383
circ_chr8_102224046_102225018_RRM2B,-0.0022923251380198295,-0.015025735320725216,0.017850840476538142,-0.010389466934302496,0.0048075480462004124,0.035215801825961256,-0.011524392005727361,-0.005229905335417302,-0.07461192010137123,-0.006379075866568389,-0.03927185098021945,0.03281069894474645,-0.017465435746377742
circ_chr8_102360071_102361626_UBR5,0.1837271547368406,0.09701409465017975,-0.07386203138598339,-0.014549156241245668,0.11151867761796522,0.04655392405283088,-0.023759219300202344,-0.14942106083719556,-0.8199582557162095,0.05987285334159841,0.00406998406162983,0.31735044473081164,0.11164210467296858
circ_chr8_103404776_103407784_SLC25A32,0.04259787345677008,0.0031394640533599248,-0.0026182131348581666,0.25141292367554646,0.0728341784836597,-0.001887435494930275,0.007945977841285869,-0.007416535396870271,0.14898444489888166,-0.003452606177237654,0.003396897875919158,0.039828862935576345,0.015053854569802003
circ_chr8_103885298_103886223_RIMS2,0.04559167614623485,-0.027273880622938586,-0.001314747455184879,-0.02803703338806808,0.0005278577059732012,-0.017749916172491456,-0.002328796951764299,0.005284174749713709,-0.0685672909369238,-0.00017266864068331048,0.0008891369903493154,-0.0009404555394316515,0.0034501079633776823
circ_chr8_104068512_104148848_RIMS2,0.09568400751948614,-0.07074551149448144,-0.012175093447103585,-0.014629927002182899,0.019858451850649227,0.006267593053986419,0.0019401943015668582,0.005209678152911547,0.015823174828976414,-0.020032726912199837,0.017798749443287465,-0.028308401584909507,-0.006033873594998642
circ_chr8_105419144_105444381_ZFPM2,0.14339279415323053,0.2782315127679078,-0.08472554269735169,-0.027598892015585498,0.165116293998938,0.004860237457478995,0.003531561678413941,-0.023726651622597312,-0.29381496598023893,0.012745822605661733,0.09730838231261679,0.022118480128484944,0.014059832877094086
circ_chr8_106679210_106684359_OXR1,0.0014945012437436072,0.035924790452649166,-0.07039736480783754,0.0023235331899327974,-0.018815602369754072,-0.005852087960104072,0.014722414217718582,-0.09692118342634179,0.01716266793957285,0.06394372074687828,-0.007929227094748241,0.03947669227272929,0.007803078663117605
circ_chr8_108228267_108241913_EIF3E,-0.0020985628745651646,-0.008896790065980662,-0.005619795177233452,-0.017949126584194834,-0.005411623287104334,-0.03445025106921598,-0.011194149572609271,-0.049924801308824214,-0.01769241661205877,-0.008784240659112312,-0.007759545670348119,0.04255588363594141,-0.0018193732745175437
circ_chr8_108449823_108450492_EMC2,0.08151407155264184,-0.03965719944409919,-0.04227712267661001,-0.016392694069554715,0.027315674072747244,0.021591456665736294,0.01941005665810513,-0.014721717556245965,-0.4058373851369221,0.02755382581236237,0.017078280092228258,0.11969986369720248,0.014254588824906222
circ_chr8_108449823_108455930_EMC2,0.18316489403032707,-0.00887851034324759,-0.08848718108570715,0.015206458913438215,0.022859804394597363,0.060779184710291236,0.13576193397901565,0.006491781942913217,-0.7005154992569192,0.07993845020799804,0.021230431821013602,0.005246750957787609,0.003075437396721776
circ_chr8_111003414_111027433_LINC01608,-4.6067951776854756e-05,-0.010310126349406382,-0.0044860637018333755,0.00020386706963574833,-0.024846360819981723,0.013300834468700135,0.0009088155150908918,0.013263366823337615,-0.024224865651904376,-0.002402208595223336,0.0044257451641306275,-0.025823106594507532,-0.025676487115775245
circ_chr8_115587001_115623758_TRPS1,-0.003970999952392045,0.019067825239162114,0.05551785938740445,-0.025264944810124448,0.014930983767222425,0.006107040297947582,-0.009473355033590085,0.032178919821031,-0.07064999842727529,-0.00835851503529815,0.019983937886203604,0.004837017897249256,-0.014311548954713543
circ_chr8_116655856_116658980_EIF3H,-0.026040964916946515,-0.034649458903154295,-0.12115506468704974,0.01071371292281284,0.07376741940488665,-0.2201189823770053,-0.0273069236832922,-0.2685425278886138,-0.13796780217717716,0.15664049770108887,-0.01184152488837649,-0.4209713105978359,0.003636801867175085
circ_chr8_119788338_119797846_TAF2,-0.012147722372488349,0.04005091988212931,-0.04160220287029353,-0.003902087054490805,0.01644219300806492,-0.11928463504769724,-0.02158412743257459,-0.13161042792472832,-0.16749386777913708,0.024740644765581753,-0.0028919810057205573,-0.27039103876005277,0.021603039645835227
circ_chr8_123023713_123030716_DERL1,5.923028887414757e-05,0.15422655777580652,-0.007620390282232953,-0.02276896827558807,0.006424884669083183,0.08452801554982711,0.05422077589682939,-0.010857885684403247,-0.055364368103402485,0.044977541357176284,0.031043159933435066,0.05281201807130593,0.005321314778033898
circ_chr8_123077111_123105464_TBC1D31,0.0066310659749182505,0.03644402431863928,0.005998151760512347,0.017683995844292855,0.005172165973265481,0.006551942163216771,0.008375407241005469,0.0030705757594107126,-0.1658770116733582,-0.0034118112971058584,0.004547880337671915,-0.0160710446220393,0.007067150361650495
circ_chr8_127890589_127890998_PVT1,-0.009250640475043571,0.05996944338295183,-0.12254337840904267,0.004895265150666752,0.030438017614306926,0.016638564577244736,0.006153881737498461,-0.029855213466420543,-0.56601326360792,0.04711383228052671,-0.005117746735670576,-0.05776994560418655,0.00046961984321849585
circ_chr8_129846804_129871496_FAM49B,-0.026040964916946515,-0.034649458903154295,-0.12115506468704974,0.01071371292281284,0.07376741940488665,-0.2201189823770053,-0.0273069236832922,-0.2685425278886138,-0.13796780217717716,0.15664049770108887,-0.01184152488837649,-0.4209713105978359,0.003636801867175085
circ_chr8_129903312_129912515_FAM49B,-0.13014306230343428,-0.0033001229953418796,0.06074538640171068,-0.021693527785837007,0.002217232509117231,-0.000619960721165531,0.01666499156460938,-0.34407117465852644,0.006016225810817267,-0.022734622782514032,0.018200699534530962,0.016196127146237364,-0.09478878064656417
circ_chr8_130152736_130169067_ASAP1,0.06167270113668366,0.15349459851890498,-0.15550618393400706,-0.008562151317286769,0.020085447075945242,-0.0005833853067753154,0.03229677601320142,-0.007943920213304749,-0.8416866983784813,0.03943683938822754,0.002054191145163061,0.07673945193520029,0.011612971725911301
circ_chr8_130152736_130180880_ASAP1,0.02507990558385607,0.09364300550485932,-0.03003302449809538,-0.05018297396208,0.03590164687536945,0.08729329067412203,-0.03656047451762642,-0.13639549740801843,-0.3812517754017177,-0.03282931371700203,0.015081764143502223,0.005756628508662775,-0.0011184468788201095
circ_chr8_130358017_130361771_ASAP1,0.022595394321382873,0.15144633603487367,0.00863911692445326,-0.23022133303792677,0.04334495607591169,-0.02595639176397806,0.163472911314431,-0.023957952482230677,-0.6709736980460378,0.013193987113788478,0.0053661034563704255,0.07230290977148551,0.011068817558175991
circ_chr8_131940499_131946633_EFR3A,0.031113009106221022,-0.020665824602718,0.009084597797262369,-0.013641606665663952,0.0373995948455597,0.0024600457266946993,0.006997682299587624,-0.004744574382859436,-0.038306217369896645,-0.003672814613214935,-0.002418286821341308,-6.453921014118477e-05,-0.0056754828607510025
circ_chr8_132622611_132661627_LRRC6,-0.0062456094871517175,0.008677955948020823,-0.18916211884301673,-0.09954923936228235,-0.04034691246993518,-0.004660353375033046,-0.009754712883180649,-0.002508786468222903,-0.36761576772993704,-0.0012404305146844763,-0.010794785667928448,-0.029004388071778443,0.03163921849279629
circ_chr8_132836540_132844318_PHF20L1,0.007107087189885427,0.007776221513285182,0.03291754692717132,0.0038736734994617695,-0.009061121108380638,0.0027975263236160136,-0.012619668644796906,-0.010576290285408393,-0.007177884503139698,-0.006507367252999241,0.0005967326955618486,0.0160627395239863,-0.019482215319466565
circ_chr8_134600436_134610655_ZFAT,-0.02915504184408116,0.010909304860393178,-0.018651556819433465,-0.017259272162231686,-0.0076352983150693,0.089931226303588,0.05140412676032794,0.10052492385378878,-0.008190836590044959,-0.037044191496437576,0.12706417337967316,0.5246105193982237,0.031063570047928715
circ_chr8_13499049_13500196_DLC1,0.007107087189885433,0.007776221513285187,0.03291754692717131,0.0038736734994617725,-0.009061121108380643,0.002797526323616014,-0.012619668644796902,-0.010576290285408399,-0.007177884503139697,-0.006507367252999243,0.0005967326955618469,0.016062739523986305,-0.019482215319466555
circ_chr8_140664917_140674404_PTK2,-0.012950794274658025,-0.031886943754364044,-0.03935636469290719,0.01890898880931396,0.033108254007122195,0.030943904237203314,-0.030450998113274563,0.02102184765058274,-0.02090489115439029,-0.009287237899182713,0.012412234293156528,-0.05352075481639576,-0.06584316095888934
circ_chr8_140700891_140706205_PTK2,-0.011523973555831674,0.04399764190012357,-0.01856017778515003,0.002739677193241213,0.0049919205412991986,0.023890037649521814,0.010457772305838704,0.016009409628601184,-0.004836108744400282,0.028117638477207968,-0.01709127858369301,0.021378327070103648,-0.003637182542922163
circ_chr8_140739018_140752316_PTK2,-0.018200583943196232,0.015786669953751366,-0.03909301179508719,0.022028110539898595,0.0020370305900135467,0.0037158724513564247,0.02972461583794841,-0.028869344703277202,-0.033509346150903146,0.008554025834671757,-0.051573720862044516,0.10356185274273268,0.007160451081828353
circ_chr8_140789474_140803650_PTK2,0.02176406603851956,0.0054097029384403295,6.881490679906523e-05,0.02904466977808344,0.056694925678730725,0.012289624826545165,0.01734431142493481,-0.0052065787902777945,-0.009608210222143695,-0.011750915622825302,0.0004770621242136798,-0.0071817119798024,-0.01930433881826479
circ_chr8_140789474_140890769_PTK2,0.016527092436770374,0.008520317771299177,-0.051798090845457244,-0.14938059001724383,0.012152611494204638,-0.009736207445080794,0.02079729246598056,-0.0180160358569028,-0.03731349083367134,0.03848970457254864,-0.0016227357239973958,0.04569160079917326,0.035049155805538454
circ_chr8_140818277_140864399_PTK2,-0.0027431693483360585,0.02723513456401031,-0.036952831451871095,-0.011314198419009389,0.005845081716737162,0.016335401400314285,0.02836031507265094,0.004954773798977673,0.002853427708360147,0.001884127611457169,0.036998160182334,0.40895632783852076,-0.0011765023559339237
circ_chr8_140818277_140879637_PTK2,-0.004544463459287967,0.002531734773256484,-0.009670272097015153,-0.0032338072982462758,0.026597245408622905,0.028157761898700416,0.016592255288500127,0.029620803004394982,-0.027797712428665848,0.010719899653308027,0.005321326540428696,-0.017409000094883827,-0.008532902735886309
circ_chr8_140818277_140890769_PTK2,0.055306437176298115,0.09307639865650447,-0.1815830521985754,-0.31063156574962447,0.011314431430266668,-0.04213065977807308,0.018746823176196515,0.04008850746962193,-0.34412050670832395,0.026187637646743627,0.049108259742963616,-0.017442192794309367,-0.011653802553573334
circ_chr8_140830472_140864399_PTK2,-0.018404074738407935,0.0029794848385616807,-0.028626825659404775,-0.0804821793705809,-0.027763245159792352,0.038238925378987286,0.034168718741576655,0.001820248593459118,-0.06275929440774936,-0.03510549991531292,0.002247912492053107,0.2929176742692596,0.00851710790187756
circ_chr8_140830472_140890769_PTK2,0.008300869270303098,0.011693649440602524,-0.01891359610924838,-0.03189196131538113,-0.0031333667821072135,0.008120405610218252,0.09235102585174441,-0.03334933613465473,-0.2183344217117781,0.04975231553756107,-0.0032820338279057203,0.013134466116485772,0.012509929160003557
circ_chr8_140846260_140864399_PTK2,-3.325003305933238e-05,0.03581165375336347,-0.018898911079627562,-0.06491884078695526,-0.024905955839484774,0.058203877654888096,0.03515044827039499,0.054541021401880274,-0.12262609761499108,5.819064623955285e-05,0.018423424775292435,0.06519555992972478,0.01943034094630148
circ_chr8_140846260_140890769_PTK2,0.1028516083614922,0.031039491347477285,-0.0586611618242063,-0.29907952402912164,0.07576864624533,0.040818871151716785,0.02152694703409959,-0.1343653571218345,-0.3326840942713822,0.02601377085361728,0.005147759496985424,-0.011676938750510304,0.05037472899773575
circ_chr8_140864312_140890769_PTK2,0.019261203008338536,0.03433768104018537,-0.00996644379254307,-0.16163166034127072,0.023510560979983153,-0.06332505819235253,0.017085108051486678,-0.02214078660626398,-0.4322055437569611,0.001172343481557775,0.06553960032739697,0.026789750589702788,-0.0028948299710711187
circ_chr8_140879471_140890769_PTK2,0.008886813830558844,0.01245750739600278,-0.04978204504840876,-0.11723187670625328,0.12272107115008167,0.0031017659452547046,-0.004077810011324256,-0.02410110988526061,-0.044576642719859366,0.010759425380691917,-0.005298556615124444,0.09508498829795285,-0.012093282194502617
circ_chr8_141160632_141163429_DENND3,-0.0042423788943055886,0.0007322562663087571,0.02078511118542321,-0.007939220947046445,0.03972879445134976,0.010848875702048063,0.004224552685548862,0.03379338882854107,-0.046663489866494004,-0.030473319890296467,0.019350544867623172,0.016733858811457527,-0.000690619955803224
circ_chr8_141253989_141254629_SLC45A4,0.0524866743254224,0.000619419939599488,-0.017923224327402437,-0.03910582530531664,0.004154155757322911,-0.030636088625609414,-0.0010021147136143073,-0.018891371876239592,-0.35103036750477973,-0.011312160963121702,-0.002322334718035117,-0.01895618573739042,-0.024577355396404096
circ_chr8_144880365_144882836_ZNF250,0.014194714302185992,-0.013005714662497808,-0.02179267387848579,-0.0072799545644364316,-0.021047087351882442,0.006690161302560708,0.002977635622861873,0.02038383569259909,0.009370626961251726,0.002413458615367361,0.011340849066275546,-0.015929049507930136,-0.015577665229904114
circ_chr8_15650697_15673836_TUSC3,-0.005791202879613041,0.10024556490562662,-0.013518403459383174,-0.03226773484960463,-0.004087709986430277,0.012409073359522235,0.057525970667250896,0.000567384397276953,0.026369562728971473,0.034011732082072865,0.006668518028496688,-0.031027296374235052,0.009560395836756427
circ_chr8_17265907_17286427_VPS37A,0.014991475502010085,-0.016479907330832207,-0.03224946959167608,0.0010374585214137611,-0.0063297061511433765,-0.13471762409965024,0.003242242790913465,-0.08520212725844167,-0.2125695539798925,-0.000456893680784542,-0.007963614761547905,-0.25798951013865024,0.03510180506998954
circ_chr8_17268258_17286427_VPS37A,0.021136732798406676,0.008172062026270244,-0.008902048925042613,0.15048460197163435,-0.007980323262501051,0.005482288198318045,0.021306556153307513,0.030094814248292325,-0.10096550081600902,-0.006325348403494527,0.030975581889569552,-0.06319696166168051,0.021197085746170612
circ_chr8_17713214_17723833_MTUS1,0.07951770782042114,-0.09156759288758343,-0.05899190392532397,-0.17700620503044376,0.002072599760935162,0.04680776954843876,0.04213590904685128,-0.004806287454106595,-0.2213406879365586,-0.010541830679059493,-0.02700730844990358,0.2234260701657208,0.009309333507979895
circ_chr8_17743604_17755961_MTUS1,0.01079293093528995,-0.1882000449500316,-0.006954451578685788,-0.29712315531925493,0.009848105552664903,0.010862441166574813,0.0015761604599153017,0.015385865734087335,-0.03517153361533659,0.0027557873438453406,-0.002243324179945142,-0.019535893988602306,-0.0003011282023677418
circ_chr8_17753717_17755961_MTUS1,-0.0022010587811435215,-0.025788839126056784,-0.009516924860073276,-0.01858619525364524,-0.012942275086399661,0.003934870038239231,0.014512615823037487,-0.03476889550776982,0.0035131164470799587,-0.006436667726489472,0.0004639500568918073,0.1100013601380676,0.008912046021663579
circ_chr8_17972329_17972687_PCM1,-0.018286281889698122,0.007835276476947192,-0.12836977070846728,-0.004898075842079983,0.0009213163624133535,-0.00887190858102118,0.025436776288908586,-0.06448370323305881,0.025155734915510118,-0.020904090297843105,-0.044075134257638676,0.09955251140064407,0.0036961297300452307
circ_chr8_18011237_18011827_PCM1,0.18952411854259962,-0.019876139319742785,-0.008273591948822705,0.02774348491025436,-0.04874158402439464,0.009687708811271923,0.01336172444090706,-0.014855341341168211,-0.26041878052943324,0.052930141705865415,-0.01840033395552637,0.08173300959809124,-0.006211344644018642
circ_chr8_18765449_18804898_PSD3,6.169916191336068e-05,0.002138586497690037,-0.20988908195063005,-0.10478370672513568,0.020994234663000735,0.004508343797266462,0.03862820091365258,-0.021287570078670357,-0.6488777223641047,0.027026409134217957,0.03709712351534006,0.18757735418669036,-0.0022599286496119567
circ_chr8_18799295_18804898_PSD3,0.00048461810928271496,0.02462408468987388,-0.018401492017030504,-0.07908667652201688,0.045979904104391685,0.010608647708728875,0.037810959126284044,-0.02039628695277271,-0.1529217661625048,0.0056346378517437845,0.016231151990532926,0.015247095074667328,0.005614962890439944
circ_chr8_18867674_18872733_PSD3,-0.128504342989854,0.00927016006155031,-0.10394303310036679,-0.004323520358966032,0.006829809872008952,-0.05643797720202998,0.026696232576957645,0.10133474326115022,-0.1868237243548369,-0.01447396566778151,-1.6924419436313534e-05,0.13493516282502568,-0.03728328846281878
circ_chr8_22196680_22197420_BMP1,0.019317563519667375,0.001227775519672339,-0.0032618707352543314,-0.04266264453200068,0.004399614313606617,0.010733582547092583,0.024819798230441743,-0.014842375751732582,-0.045152224963157364,-0.00753097714206549,-0.02235597404309245,-0.005439167971239887,0.029765175649044157
circ_chr8_22474954_22475624_PPP3CC,0.07882759221486532,0.0030069602120907347,0.005147184647492348,0.27070826122729513,0.048334158566569446,0.01803343812232475,-0.006137330137661004,-0.010013639343135788,-0.3363479394667333,0.034454314663894245,-0.017535606986531654,0.062024901512799796,0.0038647352038256545
circ_chr8_25407983_25408940_DOCK5,-0.04217073017167328,0.02126045253230381,-0.01759553764128327,-0.038417508720081324,-0.009935734792694023,-0.006641650182461528,-0.003098047339450383,0.005077270564972682,-0.19695533593751405,-0.026801020997634303,-0.02301961199394831,0.03648645956468671,0.008596609883933494
circ_chr8_26391243_26408376_BNIP3L,-0.025314170399605613,0.09166926483074599,-0.05117048867463166,-0.07276740470875713,-0.025215968007107962,0.0028870394167638445,0.028708082782709445,0.0017686340514455239,-0.07100074964256584,0.0011668875551209329,-0.01351397444336701,0.06150454939591445,-0.0056889074135069275
circ_chr8_26581969_26583983_DPYSL2,0.04065099226420919,-0.027824945323457032,0.015972518086818405,-0.027225847344924985,0.033568701897043626,-0.0013731186266931936,0.014085608220939036,-0.005836495702885799,-0.019916081890200662,-0.0043280690642843395,-0.006214297698412879,-0.0012903160506316375,0.003194687955551012
circ_chr8_27294080_27294310_TRIM35,0.06205603761386971,0.005107945503323416,0.03717329828476093,0.34321839184516756,0.08190410999013267,0.020722230025482687,0.03240302627744616,0.005029436743269975,-0.049067651407269854,-0.015370883008483166,-0.024571209036597423,0.01625745971059097,0.023515790030254537
circ_chr8_28155942_28162078_ELP3,0.09554483500558549,0.027962525158930433,-0.04232969313050775,0.14118726285785974,0.03630029142569451,0.03207308406512839,0.02511718670793731,-0.010067487806093999,-0.50967214573132,0.024128929075532865,0.048658223611104966,0.11380734409782994,0.0033980157653947136
circ_chr8_28713457_28718207_EXTL3,0.007107087189885427,0.007776221513285182,0.03291754692717132,0.0038736734994617695,-0.009061121108380638,0.0027975263236160136,-0.012619668644796906,-0.010576290285408393,-0.007177884503139698,-0.006507367252999241,0.0005967326955618486,0.0160627395239863,-0.019482215319466565
circ_chr8_30101898_30104486_LEPROTL1,0.17686565513161112,0.07739185425592,-0.04523649417351849,0.15194876187123185,0.020628279591914944,0.0064160363703556775,0.0065458780406162514,-0.022086285272280508,-0.2604399433001967,0.0011804663583145118,-0.017395306433419692,0.04663305461507039,-0.0018003688054471902
circ_chr8_30474779_30479377_RBPMS,0.03711320239010318,-0.015394214571571353,-0.0072756967735551435,0.013981253570086427,-0.05400645692144664,0.004525978010355687,0.01357704451783225,-0.03578185124605908,-0.0842101180942099,0.026943517480398388,-0.032060665566985676,0.02059710873096744,0.01998324041219131
circ_chr8_30474779_30504436_RBPMS,-0.0012760304620550525,-0.09386099429878729,-0.009995758148719681,-0.050672321939157806,-0.01849822471877746,0.056802456604210134,0.03700404609630579,-0.002319035655724766,-0.14165650818725495,0.038565497837808146,0.008377502684823051,0.02096676717310609,-0.0014338489307678544
circ_chr8_37740365_37741818_ERLIN2,-0.008517957427396633,-0.021116055378952284,-0.07724164140929789,0.040127893407732214,0.00956108960140075,-0.019819337219614062,-0.032418337141408085,-0.011226167339877835,-0.1524924168930925,-0.061593404994056904,-0.011401708898915971,-0.022020342619582887,0.00018779860840912232
circ_chr8_37765526_37766355_PLPBP,0.16354734617528308,0.0019788181990511903,-0.1247650862001277,-0.025526935561253183,0.1356932591383975,0.05403539329244507,-0.0035923267181284858,-0.09029322663983408,-0.48208148286108954,-0.01007536130238447,0.047247165400147735,0.06998355597344692,0.019944429335487783
circ_chr8_37862737_37877551_RAB11FIP1,-0.0028272667822810444,0.009786373652127716,-0.08438991443883033,0.013197861971613635,-0.007271354431663766,-0.006945699551830369,0.025056637516524267,-0.022784251850249775,0.0026280807130546536,-0.01394490766095229,-0.019438235469618072,0.014480426225157328,-0.0038676006843753317
circ_chr8_37870420_37877551_RAB11FIP1,0.0061865028754491645,-0.07839734243571131,-0.1292471294285571,-0.06966086339911626,0.06149202325913327,0.00021002471273358654,-0.016636593301872952,-0.027544114886885122,-0.29950094047069487,0.023904515912028346,-0.03947456551104033,0.008636083860098733,0.0026493835808719603
circ_chr8_37877109_37877551_RAB11FIP1,0.1196051533784033,-0.07127195575804644,-0.0007043954776307245,0.00849902195506441,0.15260116285448483,0.026008698839727527,-0.04147885889116569,-0.017806401735712192,-0.6960653070277475,0.054595962004494764,-0.002129123284342923,-0.10021856979909773,0.004593108767694275
circ_chr8_38114192_38119363_ASH2L,0.12916995311301044,-0.013378090495652908,-0.037204631381831686,0.12601006132967799,0.042709573430925164,0.001504087345023442,0.005071725782019413,-0.013093862189987352,-0.48580558899161447,-0.012660476029708963,-0.030013395014033575,0.053623823086983186,0.0117634329474035
circ_chr8_38114192_38121149_ASH2L,-0.008517957427396628,-0.021116055378952277,-0.07724164140929789,0.040127893407732214,0.009561089601400745,-0.019819337219614062,-0.032418337141408085,-0.011226167339877831,-0.15249241689309248,-0.06159340499405688,-0.011401708898915964,-0.022020342619582887,0.0001877986084091246
circ_chr8_38128291_38135766_ASH2L,-0.008517957427396628,-0.021116055378952277,-0.07724164140929789,0.040127893407732214,0.009561089601400745,-0.019819337219614062,-0.032418337141408085,-0.011226167339877831,-0.15249241689309248,-0.06159340499405688,-0.011401708898915964,-0.022020342619582887,0.0001877986084091246
circ_chr8_38337305_38348215_NSD3,-0.008517957427396628,-0.021116055378952277,-0.07724164140929789,0.040127893407732214,0.009561089601400745,-0.019819337219614062,-0.032418337141408085,-0.011226167339877831,-0.15249241689309248,-0.06159340499405688,-0.011401708898915964,-0.022020342619582887,0.0001877986084091246
circ_chr8_38347497_38348215_NSD3,0.0007569620462120605,0.0035575027490064985,-0.026419306846858125,-0.0024601920931105084,-0.028680959613045984,0.017694564097876193,0.005321432524942946,0.0018418077055250071,0.010315881991506922,0.2076721515532367,-0.013350290687055462,0.037330776355404674,0.0005120721530021175
circ_chr8_38429682_38429948_FGFR1,0.044352838329196405,0.06676275509638167,-0.025529276735366143,-0.15380024681135382,0.22503341544322392,0.015561368156549201,-0.01724646154678698,0.012695997320950685,-0.474671236652809,-3.037184541763052e-05,0.052980596801429115,-0.022553870801639665,-0.014371497336829148
circ_chr8_38819522_38820635_TACC1,0.026713695562514645,-0.010708857930219086,-0.008158239931212416,-0.0051318975073424864,-0.0065267992121196714,0.0035739817768114094,0.01453664676289736,-0.02382663188214949,-0.08384892280053442,0.029777712779345742,-0.004469377714691776,0.0041766712155380595,0.0009510540181799325
circ_chr8_38840224_38843395_TACC1,-0.008517957427396628,-0.021116055378952277,-0.07724164140929789,0.040127893407732214,0.009561089601400745,-0.019819337219614062,-0.032418337141408085,-0.011226167339877831,-0.15249241689309248,-0.06159340499405688,-0.011401708898915964,-0.022020342619582887,0.0001877986084091246
circ_chr8_38943789_38946221_PLEKHA2,0.08388700699124328,0.020723817633925033,0.017571452451601507,0.2974726332603914,0.13770461498483247,0.002477694378588359,-0.00048027262300007304,-0.008807119616359443,0.04531985798030428,-0.012822358881060134,0.01246808986163304,0.017362179653127488,-0.00877582302028496
circ_chr8_39054481_39083073_ADAM9,-0.008517957427396628,-0.021116055378952277,-0.07724164140929789,0.040127893407732214,0.009561089601400745,-0.019819337219614062,-0.032418337141408085,-0.011226167339877831,-0.15249241689309248,-0.06159340499405688,-0.011401708898915964,-0.022020342619582887,0.0001877986084091246
circ_chr8_39090047_39091346_ADAM9,0.0031213084530363963,0.014518782029764936,-0.027052897182337526,-0.01684429323333351,-0.020892911452582305,-0.01593984078275525,-0.009235961536069884,-0.001882409948813448,-0.00020836762893140036,0.030398531788013838,0.005845223378340794,0.10376731553801989,-0.01958589431523575
circ_chr8_42325970_42329214_IKBKB,0.02846905172623065,0.03665874858672125,-0.007433859693409832,0.04074632948323833,0.1510753140195328,0.15296111653911815,0.03407457145592058,0.01142007454571395,-0.5378032738047487,0.011983181884892077,-0.007172710028555621,0.11217029532775027,0.014927228476774964
circ_chr8_42344953_42357392_POLB,0.007504523233338777,-0.028807565487248103,-0.0106072070507927,-0.0019065738908981746,-0.016091790360303636,0.010306265408766764,0.008663643431984365,0.0033734278768794397,-0.14593772765315935,0.009079123818615736,0.004329501572198123,0.022229168938038862,-0.006502696129692309
circ_chr8_42459896_42472654_SLC20A2,0.03879809882681753,0.0012169645646941684,0.0010185379119190241,0.012820074736152622,-0.01157255544658935,-0.004008338783554833,0.003060212996216661,-0.0028939526161697055,0.03829391501011439,0.00022356587586561932,-0.0006624180386758851,0.0003074411011004788,-0.007597464340876657
circ_chr8_42906173_42930172_HOOK3,-0.02915504184408116,0.010909304860393178,-0.018651556819433465,-0.017259272162231686,-0.0076352983150693,0.089931226303588,0.05140412676032794,0.10052492385378878,-0.008190836590044959,-0.037044191496437576,0.12706417337967316,0.5246105193982237,0.031063570047928715
circ_chr8_42906173_42943445_HOOK3,0.11242020019247047,0.014004619842900332,-0.0020134700491706973,-0.01564999399929914,0.040512558304648,0.005963384921304904,0.023562356311163275,-0.038606054195015185,-0.3914655909511589,0.011792114986639452,0.0007791634374937475,0.21070858971482498,0.02301817616862382
circ_chr8_42906173_43018494_HOOK3,0.0006019051367382785,0.045394395352662244,-0.036875157708619696,-0.004077446045089527,0.032233512483536925,0.005661141121074571,0.005866342773360584,-0.07050075520521298,-0.006718064467864225,0.009491384640565571,-0.01607102771809574,0.08306663781083648,-0.01476288517039243
circ_chr8_42925557_42943445_HOOK3,-0.02915504184408116,0.010909304860393178,-0.018651556819433465,-0.017259272162231686,-0.0076352983150693,0.089931226303588,0.05140412676032794,0.10052492385378878,-0.008190836590044959,-0.037044191496437576,0.12706417337967316,0.5246105193982237,0.031063570047928715
circ_chr8_42957094_42964474_HOOK3,0.05526761084534425,0.04806682818136256,0.005755926977181211,-0.10002832021021534,0.09190312711678583,-0.003317484075712035,0.038392138203566115,-0.025447057466463908,-0.12864983730085106,-0.02586016008667677,-0.009903060984751475,0.007755551781285537,0.05047053462155041
circ_chr8_43002107_43013400_HOOK3,-0.008517957427396628,-0.021116055378952277,-0.07724164140929789,0.040127893407732214,0.009561089601400745,-0.019819337219614062,-0.032418337141408085,-0.011226167339877831,-0.15249241689309248,-0.06159340499405688,-0.011401708898915964,-0.022020342619582887,0.0001877986084091246
circ_chr8_43059092_43064215_FNTA,0.007702034154567806,0.07538009202602604,-0.018765245029907184,-0.0008059435454782937,0.11169257374928233,0.01731535430296468,0.01102937527864264,0.10571061521707377,-0.3846199754034951,0.014432019298580335,0.02785051022401926,0.13607772843980384,-0.024208287600809585
circ_chr8_43069555_43072307_FNTA,0.004577312198382055,-0.0008713444656301482,-0.002942934463955537,-0.10493388489130623,0.013196949636335236,0.028742542661111092,0.028430568433877628,0.028041011231885044,-0.048615631994204066,-0.026146573649251152,0.0527683838937775,0.3059650865219732,0.006592105283343706
circ_chr8_47279862_47294030_SPIDR,-4.557875252897492e-06,0.01972768061894099,-0.15075084962730737,-0.026370917525798503,0.02219110598135792,0.047912748719402064,0.019914585546140347,0.043293589456097556,-0.37329126908268206,0.024815372691315073,0.0023054865993843536,0.03969449062461836,-0.020099860005221584
circ_chr8_47284028_47294030_SPIDR,-0.0033649301934311746,0.025687462438373235,-0.04641705013244244,0.004585460801324352,0.010902187633384151,0.0035655017010059616,0.1286427662028929,-0.031619381277542755,-0.520855824750251,0.026454489795392305,-0.0006457738151262047,0.027360972564672164,-0.005377787869506514
circ_chr8_47394978_47407961_SPIDR,-0.06647061373333381,0.0018577092904758575,-0.034370225136797154,0.014502950003460646,0.03218726701802616,0.040499433280375315,-0.009065991075507904,0.009843312503444335,-0.0026456262429394514,0.01488714120337172,0.00422610952151086,0.03726907860438358,0.008864154564735108
circ_chr8_47396376_47407961_SPIDR,0.03154535936126936,0.0017518572643642812,-0.24488060203940198,-0.0034306930009220036,-0.00033033797516869047,-0.005171495915080909,0.009396610776999634,-0.02042584332617131,-0.6164752434604156,0.034366716653637316,0.013314635612943654,0.289608609236166,0.020406736356199766
circ_chr8_47407861_47440542_SPIDR,0.0006153403930893325,0.0659266708688067,0.023621832621144884,0.0074439262826098695,-0.006282997065396561,0.009548834090870213,0.0130751356495079,-0.0054635202045518316,-0.0005147722339671804,0.012006061952863776,0.0033234950274102838,-0.012383977257036567,-0.008612932235584264
circ_chr8_47700403_47702015_SPIDR,0.0034903941844568543,0.02669096009459721,-0.010251666151758565,0.009532461470172103,0.017957126557994283,0.013553767546134715,0.003534809837860167,0.010431180847944869,-0.006054832036095301,0.02749828949368945,0.006504950583565917,0.013895848580017635,0.018274904257649542
circ_chr8_51845661_51861246_PCMTD1,0.0035358991595961717,-0.027108521782204496,-0.012589051431418053,-0.03783126439238089,-0.02441748584443333,-0.003346097320504987,0.0024635333884911394,-0.010414804361583064,-0.036194784374519555,0.0336017207090384,-0.010323590706119988,0.04875865125597715,0.0011639510168063077
circ_chr8_51860845_51861246_PCMTD1,0.12318419659440465,0.0010656099013589342,-0.016702574064133457,-0.04967314714359499,0.02504428981081034,-0.008116372382216993,-0.010708016376914141,0.0005641259760543063,-0.14102337143999918,0.00029712192749609476,0.01525139201881672,0.1576599749715503,-0.06308750618944098
circ_chr8_55941855_55953984_LYN,-0.012250534760571592,-0.004885122743727469,-0.09216519092458948,0.016653323912739586,0.06497903738559474,-0.10055526988249648,-0.015576206982135106,-0.1292188720178383,-0.07768674657268951,0.1284384863325874,-0.004423088657785439,-0.22635159821566458,0.016842372294069798
circ_chr8_60572046_60591969_RAB2A,-0.01227378264637785,0.011502335462993863,-0.12465888700122922,-0.00485534431198767,0.007381767240432209,-0.017443729541692092,-0.0005916537158255323,-0.012353051095331333,-0.3455742811489039,-0.0023029021003742505,-0.010179656908425188,0.04627368266369161,0.0011901911109191393
circ_chr8_60584208_60591969_RAB2A,-0.006113623572361394,0.10021801704977688,-0.015453904981628552,-0.02951998709034749,0.000443950140310709,0.04555450391663296,0.01591274978087805,0.07462350823456493,-0.012828441671756344,0.04364708160443763,0.03573076114945402,0.05401110520001125,-0.0008785386928612338
circ_chr8_60741259_60743097_CHD7,-0.08363477642742098,-0.013732468765708319,-0.07820281259385635,-0.008020342710947774,0.15633903969728896,0.024428157803217665,-0.018731573664421432,-0.0021246423781339594,-0.28286679437320184,0.001660358245313794,0.05791862922432935,-0.00596934017621526,0.020198278322693528
circ_chr8_60794986_60801593_CHD7,-0.010060178778871312,0.04130484002395373,-0.03580009313982964,-0.017529567409920486,0.005358941112837747,0.008617857431415332,0.018389913187775934,0.0037507525949515832,-0.11736976437077232,0.001584885150824179,-0.028133636090157045,0.06404676816157324,0.007912080328547972
circ_chr8_61618978_61644632_ASPH,0.0012291307013214197,-0.024950765366242595,-0.0572119895711184,-0.00985188129441732,-0.021207593138193776,0.03345569735432137,0.006917958045554366,0.018938420012347273,-0.11446527725690063,-0.012217548893417803,-0.004493469964192901,0.03884831720590648,-0.007194106121048755
circ_chr8_61618978_61646878_ASPH,-0.08059313237040018,0.0009616684951960151,-0.03086662996997562,-0.0018405196662723564,-0.0026817202002963375,-0.002453751063334578,0.037030664892519834,-0.33854882271238845,0.00715476910159612,-0.028540496686707835,-0.03602782001624623,0.19996671097150082,-0.03596291780835304
circ_chr8_61618978_61653660_ASPH,-0.0639972322143115,0.011797728812975533,-0.06323497752099587,-0.017798652436500098,-0.034919932144476876,0.013289513599455342,0.03492839040799081,0.005785989660112974,-0.41570533663912257,0.07138722835707062,0.011912212729846251,0.017791116023686705,-0.001087411389333322
circ_chr8_61618978_61684188_ASPH,-0.002759191929800116,0.0029023375582371935,0.02289622285860881,0.14395250245471694,0.06643775814580694,0.020359819829887153,0.02015471347024674,-0.0037202076441133704,-0.02957596077258449,0.00426536764316047,-0.04079493707740174,-0.002999006888763489,0.042511294706350886
circ_chr8_61633683_61653660_ASPH,-0.0883247227759867,-0.002472602329670141,-0.11902324700106331,0.007494742342450817,0.025933777694057164,-0.036561586503086364,0.01683254176728956,-0.3279345831411894,-0.04974107716089263,0.0006696573480237499,-0.003060059627899659,-0.014381357021144386,-0.0157854579830233
circ_chr8_61680968_61684188_ASPH,-0.016369897539273825,-0.0005456343592665932,0.015155913953711325,-0.030630733260698102,0.0036346691496074476,-0.018190559740082088,0.0865375134408354,-0.025487648050540716,-0.4864329952209328,0.004230759755927046,-0.012494198456743745,-0.09164032833999392,0.03996495484218213
circ_chr8_668598_674047_ERICH1,0.09235626317391327,0.00465280881431822,0.0024892317882194114,0.31253671654015064,0.08492227727846902,0.0025583880303808966,0.01181148408473869,0.016089902493942498,-0.012345346225259256,0.013594352716984084,-0.002539111227649634,0.05736540670771885,0.011309283664435602
circ_chr8_67105905_67116122_CSPP1,0.018159545262062367,-0.009524076849311267,-0.006807842437094794,-0.013354707165579556,-0.00019822297629009351,-0.010735829752726729,-0.014580404803227573,-0.022873610349368623,-0.07782821501348972,-0.021510972979481582,-0.015201826429883093,0.0740134666532684,-0.0125763664393113
circ_chr8_67131951_67137603_CSPP1,-0.0026136592621842504,-0.020873768583151188,-0.10893420645967106,0.03564708361362497,0.012078872678774449,0.0028311447703008143,0.018085731292973518,-0.03161388225568423,-0.6499979607716688,0.03589839626610234,0.00565704159615752,-0.01223565304227583,-0.002866750585343791
circ_chr8_67251299_67259926_ARFGEF1,-0.0035637166530511316,-0.013694208919439833,-0.045781232489876,0.013930391649454412,0.04489442191459942,-0.07979984462957357,-0.0074416249240315474,-0.11610826351467085,-0.07606098523960142,0.035561520610725234,-0.027582884493165285,-0.10569307861210825,0.03915120660879603
circ_chr8_67287955_67302466_ARFGEF1,0.0018899569284905814,0.02776885976549924,-0.0827702759797251,-0.08859279110139917,-0.032702166894308445,0.019208675853825716,0.007281188308964529,-0.00786841750692404,-0.2380190058480088,0.037298045930693524,-0.009247359142568908,0.2489898555159433,0.020641103569267884
circ_chr8_67299209_67302466_ARFGEF1,0.0035522921565590863,-0.0032798280418887796,-0.03720342248358349,0.014874690323641524,0.010861644359480152,-0.007474656402534855,-0.02028244877383945,0.0052608756689929695,-0.11582194056647149,-0.008456944349737415,0.011086353010820374,-0.03732502259329879,0.004548900585678774
circ_chr8_68022036_68038292_PREX2,0.004246176905138712,0.008529642412347722,0.010882073240225094,-0.002558614416011146,-0.0015429983272029807,0.008312275717443196,-0.008808821182736983,0.0001909422681654227,0.0015688443820789885,0.019484026391768477,-0.018547404693160494,0.014028275465979555,-0.007194255687550103
circ_chr8_68022036_68060779_PREX2,0.007107087189885427,0.007776221513285182,0.03291754692717132,0.0038736734994617695,-0.009061121108380638,0.0027975263236160136,-0.012619668644796906,-0.010576290285408393,-0.007177884503139698,-0.006507367252999241,0.0005967326955618486,0.0160627395239863,-0.019482215319466565
circ_chr8_69575970_69604932_SULF1,-0.029155041844081145,0.010909304860393185,-0.018651556819433472,-0.017259272162231703,-0.007635298315069302,0.08993122630358799,0.051404126760327906,0.10052492385378878,-0.008190836590044973,-0.037044191496437555,0.12706417337967313,0.5246105193982239,0.031063570047928722
circ_chr8_69621035_69640841_SULF1,-0.008517957427396628,-0.021116055378952277,-0.07724164140929789,0.040127893407732214,0.009561089601400745,-0.019819337219614062,-0.032418337141408085,-0.011226167339877831,-0.15249241689309248,-0.06159340499405688,-0.011401708898915964,-0.022020342619582887,0.0001877986084091246
circ_chr8_69738040_69761875_SLCO5A1,0.038850841092540285,0.011851081798039271,-0.0035605013011788898,0.2866109352226122,0.061653085365540775,0.005196841090884867,0.008922940494442661,0.010676313956582043,-0.02059676548649715,-0.011540823636155575,0.013666274185245164,0.026469093696629434,0.03089037078390062
circ_chr8_70159505_70162854_NCOA2,0.18583395381707993,-0.00947065300335716,-0.07379174286999896,-0.005230382330015074,0.07709828558287089,0.0026390928009966696,0.0974678468004508,0.00024169560337172977,-0.5014693118872002,0.20238458662783837,-0.026236372418312906,0.1510259285034937,-0.03186886621337971
circ_chr8_70213903_70216764_NCOA2,0.11093403284273867,0.006399969647410125,-0.1462106227305561,0.0038820194678000565,0.016593087867039107,0.031746718841795016,0.029865213338876123,-0.11589447835271208,-0.49295869899453787,0.05132765715755476,0.002945281507299105,0.34538927587681284,0.03659887216347277
circ_chr8_70583164_70598255_TRAM1,0.0029046968949236773,0.03671250942269139,-0.04156341662480038,-0.016927703221886137,0.0014032284136228732,-0.00014120884327861716,-0.012773369863680474,1.3842142529607177e-05,-0.16465623186249218,0.0015774783960135195,-0.0007777481465181106,0.06123910539153195,0.0101217313815283
circ_chr8_70637815_70641050_LACTB2,0.001494501243743605,0.03592479045264915,-0.07039736480783755,0.0023235331899327982,-0.01881560236975406,-0.005852087960104073,0.014722414217718579,-0.09692118342634176,0.017162667939572853,0.06394372074687826,-0.00792922709474824,0.0394766922727293,0.007803078663117605
circ_chr8_70674818_70681330_XKR9,0.007107087189885427,0.007776221513285182,0.03291754692717132,0.0038736734994617695,-0.009061121108380638,0.0027975263236160136,-0.012619668644796906,-0.010576290285408393,-0.007177884503139698,-0.006507367252999241,0.0005967326955618486,0.0160627395239863,-0.019482215319466565
circ_chr8_70674818_70707153_XKR9,-0.08936829255845351,-0.023911041289653285,0.010521307863663626,0.013225962826843556,-0.03336370135164605,-0.015518914677166309,0.0149976057610545,-0.23138847647637611,-0.16130847534531478,0.01133462255508233,0.16092251483930267,0.05613899541139756,-0.09955231086731318
circ_chr8_73673107_73688813_STAU2,0.13081721289653475,-0.019081630754387794,-0.07481484402757689,-0.03755779058461439,0.005008572963245152,-0.008274411176519577,-0.005403503395771983,-0.01746628636471505,-0.7360335350096446,0.0014905574877513957,0.01790216465127805,0.04182215636103249,0.1000895797655248
circ_chr8_73673107_73739868_STAU2,0.031113009106221022,-0.020665824602718,0.009084597797262369,-0.013641606665663952,0.0373995948455597,0.0024600457266946993,0.006997682299587624,-0.004744574382859436,-0.038306217369896645,-0.003672814613214935,-0.002418286821341308,-6.453921014118477e-05,-0.0056754828607510025
circ_chr8_80499494_80500382_ZBTB10,-0.018286281889698122,0.007835276476947192,-0.12836977070846728,-0.004898075842079983,0.0009213163624133535,-0.00887190858102118,0.025436776288908586,-0.06448370323305881,0.025155734915510118,-0.020904090297843105,-0.044075134257638676,0.09955251140064407,0.0036961297300452307
circ_chr8_85281230_85281639_CA13,-0.005519592737264403,0.1054473726922508,-0.0032391595968204465,-0.04115009261860465,-0.01731308826569254,-0.026640881850869644,-0.017646207492114846,-0.018145670949509307,0.0035567766835691264,-0.035869382807484515,0.00061724313229724,-0.039705275889735804,0.02429301181041209
circ_chr8_89722015_89725641_LOC101929709,0.006626093757934099,-0.03642965790791606,0.00584445523495455,-0.024156315683849076,0.005098663687655148,0.004055368517106035,0.0192328723740796,-0.11739602928373606,-0.16598383109481932,-0.0953350228551664,0.017568494319763393,-0.019963221988998355,-0.022954520847667637
circ_chr8_89724629_89725641_LOC101929709,0.007107087189885427,0.007776221513285182,0.03291754692717132,0.0038736734994617695,-0.009061121108380638,0.0027975263236160136,-0.012619668644796906,-0.010576290285408393,-0.007177884503139698,-0.006507367252999241,0.0005967326955618486,0.0160627395239863,-0.019482215319466565
circ_chr8_94537103_94538346_VIRMA,0.016849686653152857,-0.014951314681601494,-0.018924524042655988,0.14417308857434483,0.03348878606501182,0.006435118480815779,-0.016259597336791106,0.006320165191243212,-0.18269460935095577,-0.02161549607193085,0.011313121340918424,-0.005456594888627956,0.00701569991488331
circ_chr8_94664697_94665196_ESRP1,-0.020677469665151063,-0.07711110261656551,-0.15697306316132903,-0.1307496495197482,-0.017653581255964345,0.024238446625900766,0.06154437258814085,0.03960812398615624,-0.2698893131595752,0.00888477134169703,-0.011674116676030646,0.2602373123371443,-0.0005792648552980687
circ_chr8_96834973_96880005_CPQ,0.017110684745480473,-0.014088829846993526,-0.005813187695597884,-0.018656305568452745,-0.01834083488492736,0.0004727183199628972,0.0010589094094280579,-0.003223912713043627,-0.08151109605551538,-0.0063348001282170895,0.0032080933580077653,0.017742186981036873,0.0003164947258905872
circ_chr8_97686668_97691188_MTDH,0.04094840900350437,-0.02031919316384618,0.004157689047127542,0.0009767645876079378,0.017752446941960355,0.00661111592382902,0.001962367819712172,-0.0007933260590704422,-0.01429967019691222,0.0036601714518585513,-0.01338728537247853,-0.0034419499271689407,-0.009899256110971805
circ_chr8_98706467_98707311_STK3,0.017978779060506808,0.10506956975966503,-0.15069817133476127,-0.11975404000439281,-0.005668515930194104,0.04136423307419876,0.029612121137080605,-0.05634037802413338,-0.7725028510585483,0.03195886294037917,0.032464947512381964,-0.00628737591080384,0.019131997618852287
circ_chr8_99274198_99275254_VPS13B,-0.0047170512738782,-0.009139193937010449,0.01133957450180429,0.007197078265619539,0.03586866129244668,0.01913062646649273,0.02589807185024655,0.013965484430544768,-0.27980101264968055,-0.009670708258500669,-0.023965349292024662,-0.02962839674534928,0.04198739533646469
circ_chr8_99431537_99521010_VPS13B,-0.008517957427396628,-0.021116055378952277,-0.07724164140929789,0.040127893407732214,0.009561089601400745,-0.019819337219614062,-0.032418337141408085,-0.011226167339877831,-0.15249241689309248,-0.06159340499405688,-0.011401708898915964,-0.022020342619582887,0.0001877986084091246
circ_chr8_99502836_99511512_VPS13B,0.014167530743432527,0.010979201891266633,-0.023027599607821747,0.007598252444457902,0.013503214183637592,0.0045800883662077884,-0.005836385965083324,0.012877204242699032,-0.0079127081712502,0.012022807946666367,0.012824239442804398,0.004748384209210137,-0.0035409943073792566
circ_chr9_100441906_100442356_MSANTD3,-0.0019991240122133884,0.04889169641314719,0.029487332850893732,-0.03861815202249209,-0.0033369336840592405,-0.019315499727138263,-0.020475655438721055,-0.0029039133308930427,-0.004911978854379336,-0.02514633441594652,0.005828600530549124,-0.011181548538471751,0.013848500340717175
circ_chr9_100498765_100516771_MSANTD3-TMEFF1,-0.011743926614928556,0.0396600195225508,-0.09048518458791881,-0.05874454123321377,-0.020214578060912706,0.003996399280716195,0.00844977491187031,0.01273630356655273,-0.002324700683609514,-0.02896545929730461,0.002804491541435413,0.2453620943117638,0.02234743874669775
circ_chr9_104750956_104759171_NIPSNAP3A,0.06726106337045741,-0.01689461649375488,-0.010820564281654347,0.16741198269160343,0.009291230332709446,0.006212466297034477,0.003471079893297925,0.016092326002544302,-0.023475067750170296,-0.01716998250968406,0.015691859761383375,-0.009278276756384273,0.006729841726334359
circ_chr9_107300141_107311737_RAD23B,0.027042805980421063,-0.020499272077420447,-0.011378646073278802,0.019053649374547395,0.059725646640000976,-0.018508799012322996,0.003920437853220457,-0.02852779529762236,-0.11279897448861859,0.0027680487067849205,-0.002835675974459907,-0.05530054898451176,-0.003545900971951601
circ_chr9_107300141_107325004_RAD23B,-0.023208166259386556,0.0076636226642414484,-0.06927312234451972,-0.010886186639626441,-0.029352289511483012,-0.02593720019807901,0.014743247238584738,-0.01791947635053814,0.0002693743988977318,-0.10923019960144736,-0.013239263993495926,-0.030972848970272963,0.021842888468151807
circ_chr9_109050283_109050692_TMEM245,0.0306926814298914,-0.012787303209345511,-0.0016768288271371942,-0.04253024809202931,0.0015536180503063106,-0.002812021560428369,0.027794875971929086,0.04365187203053577,-0.5187318836116446,0.027579868704516418,-0.001017825693519709,0.06937527558528565,-0.009020453886115408
circ_chr9_109050283_109064567_TMEM245,0.01244207668142611,-0.008580985595433655,-0.018186290226256563,-0.010205203437956872,-0.030859932450309963,-0.023738298602371546,-0.017948119684960046,0.013263088149167013,-0.06790400060182611,0.0033389955348089276,0.007589667535300802,0.0001557590120779122,0.0017784414356709624
circ_chr9_109106508_109108570_TMEM245,0.07326357432893854,-0.009038898444634437,0.00601782139161856,0.10568877896547368,0.0017315193346877666,-0.03138765875282061,0.009624861268733947,0.1094898381671664,-0.4982496914184705,-0.008818068729164769,0.004653232842096959,0.026875513662743846,-0.011796563056785064
circ_chr9_110941421_110973558_LPAR1,0.01161459846578714,-0.010644532942823002,-0.011545562751554803,0.12479764864667736,0.04454648688352646,-0.0018720842274931862,-0.010764001869558266,0.013296374192198524,-0.00649036432799615,-0.008178327764472224,0.009694957959028064,0.02380162723324693,0.03478443694889855
circ_chr9_110972073_110973558_LPAR1,0.1566855221931527,0.13789390226098056,-0.05255265916447618,-0.02893809282045499,0.289289072979078,-0.032932389483420935,0.019108650626759663,-0.025959845876540703,-0.6041625790482104,-0.06480861694317336,0.013511150974246216,0.034795385678269355,-0.00017680167880350774
circ_chr9_110972073_111011690_LPAR1,0.016737214204708622,0.06173475535890857,0.01937956795298784,0.08218894221182733,-0.0146505141400612,-0.004137840096097666,-0.0012812950251424656,-0.012418994873294023,-0.2259327974114774,-0.008363707198952821,0.0005971452249231126,-0.02994417803513474,0.008115863859025489
circ_chr9_111386377_111391824_ECPAS,0.10928066964266787,0.010816359350510845,-0.0219045898055075,0.001560667979316495,0.009849157161382042,-0.029123437318260788,-0.008789071020942993,-0.017704367140647038,-0.8659076677812703,0.02774706731978267,0.000582975378666029,0.09564562682082894,0.0021342658899601535
circ_chr9_111527268_111534353_ZNF483,0.1564438873542227,-0.018521204829125743,-0.03228639661053995,-0.06069730768768302,-0.07777768799551334,0.005219224948041744,0.008629684869587475,0.028459776088248994,-0.14835083066453778,0.029174558975172713,-0.00032688807787331024,-0.015431466728708198,-0.0013243422561192762
circ_chr9_111533739_111534353_ZNF483,0.08498336651398943,-0.015660828412987295,-0.019271902204682473,-0.0006967921110574559,0.007885752043305303,0.005209376452985814,0.01332835077259857,0.02468566785007083,-0.024641190051936736,0.007602255168661138,0.0051371283710658034,-0.02813756079833394,-0.01441034325483827
circ_chr9_111570091_111586165_PTGR1,0.00913949419782004,0.012216578200776531,-0.013252112626715757,-0.01896649598930075,-0.022687990867309164,0.01594439180698522,-0.002284623013322544,0.016906841911862307,-0.019371836816481337,0.045637494663803437,-0.004133444734768114,0.03132565135971993,-0.019267760028953324
circ_chr9_111574734_111586165_PTGR1,0.004233320458766095,0.006142752587136912,0.010102472768761419,-0.020325096492730902,-0.003907713040024463,-0.01220678054720655,-0.01381392606339262,0.008664921821308286,-0.00882509202649884,0.019691215046036853,0.009512962235651533,0.08600337340021762,-0.016984565074714686
circ_chr9_111578796_111586165_PTGR1,-0.001745945985867713,0.010309266105515167,-0.014319258935792487,-0.010203366317980935,-0.012300953606524436,0.02050131655906472,0.030571861956106835,-0.0039054214451724294,-0.008910259953940878,-0.015636342949859574,-0.007048062951851756,0.02765469683579488,-0.014915223806638327
circ_chr9_112250929_112252788_PTBP3,0.022993599260299435,-0.01620436648472317,-0.001782312135761681,0.0009854663342769175,0.0142233898142542,0.007431781939083958,0.008772133738061707,0.00522242081244925,-0.01858658341627424,0.0014807151664648634,-0.01877348759098192,0.000874098544040593,-0.004368659255749602
circ_chr9_112250929_112297916_PTBP3,-0.012883541580485755,0.036513290778968956,-0.016592975956786743,-0.029424478148417716,-0.02033070408570204,0.015616401125028444,-0.0036159322813352334,0.0618576693773529,0.013716408993937636,0.057481038419739436,0.02608552988976558,-0.060539575318287,-0.013610231999889444
circ_chr9_112262435_112297916_PTBP3,-0.04652191917295053,0.09475277559670363,-0.007842344124630732,0.008724357976760007,0.009822524512834519,0.0009922027768128196,0.012769708632541163,-0.025900282880855295,-0.11483296473329141,0.018388186468988526,-0.014953536120224317,-0.043928626828747715,0.0005394977527754545
circ_chr9_112268049_112297916_PTBP3,-0.03511803112001372,0.016758620330760754,-0.11532354838950966,0.02537560316018931,0.002902871831724912,0.02484471901794877,0.022163503174659344,0.03608141103275223,0.018282880299485587,0.024593373080730993,0.018662627939368213,-0.03293349864376399,0.01858739668082891
circ_chr9_113328881_113332050_WDR31,0.004246176905138712,0.008529642412347722,0.010882073240225094,-0.002558614416011146,-0.0015429983272029807,0.008312275717443196,-0.008808821182736983,0.0001909422681654227,0.0015688443820789885,0.019484026391768477,-0.018547404693160494,0.014028275465979555,-0.007194255687550103
circ_chr9_114636990_114638726_TMEM268,0.006631065974918253,0.03644402431863927,0.005998151760512344,0.017683995844292862,0.0051721659732654815,0.006551942163216771,0.008375407241005472,0.0030705757594107117,-0.16587701167335828,-0.003411811297105856,0.004547880337671913,-0.0160710446220393,0.007067150361650492
circ_chr9_121161856_121162271_CNTRL,0.02685864449208326,-0.008806218976135205,0.006199030023544602,0.012033755895077693,-0.00038544823492538523,-0.003469427945284289,0.018673645232377415,-0.009943205831759533,-0.021232153342105684,0.0016463528873469691,-0.007251472822211041,-0.009097864227628883,0.01677150795567004
circ_chr9_121161856_121166180_CNTRL,0.1458842842651542,-0.00024013011972994966,0.005213543576207353,0.38545849600864707,0.02296726709497663,0.0272237051992267,0.07475197947880102,0.016373945212184313,-0.4600978377174929,0.013105859947509886,0.007492925981400114,-0.03424331556430487,0.02734667355701946
circ_chr9_122280443_122291840_MRRF,0.004773226796576614,-0.008164794756632319,-0.05067491417319566,-0.05232520646628912,0.08647978460559333,-0.015211880956322756,-0.02162998058030744,-0.015768050231606445,-0.3778785437746305,0.00879343975053238,-0.03313670622911149,0.0012040653061038812,0.0012557399980342916
circ_chr9_123169902_123173842_STRBP,0.034463641026860246,0.0040608262546621456,-4.249768667658866e-05,0.2868689138287392,0.03868827484320643,0.0052073328240508105,0.022118870122103916,-0.0004387876093708426,0.07770129503034691,-0.009579948205749214,0.005611089066392769,0.03217644462713802,0.005964539561237874
circ_chr9_123757703_123769563_DENND1A,0.0005494123097185563,-0.0025238116436019863,0.06743397140463003,0.09242321748081868,-0.040922675083569296,-0.0038691083768132416,0.0036586400055629506,0.004831032562300035,-0.01979282994178965,0.014991363620106474,-0.0051542855166383985,0.008237276499634065,-0.005354385679224949
circ_chr9_123757703_123879021_DENND1A,0.05838255062995347,-0.009590831485991717,-0.006069016166741098,0.2421470252577221,0.022792679664063408,0.029548559600851235,0.04403452410045464,0.0111821388391518,-0.17783182029333763,-0.01752514115999985,-0.012824711827420754,0.021817985999487585,0.0015566433760165637
circ_chr9_124301936_124313985_NEK6,0.007740941226548082,-0.01963759241287076,-0.023231686634753914,0.03562612529905793,0.079238513167941,0.015729843336211576,-0.021552139989649968,0.004902237349569556,0.02159487001744209,-0.004277778401466811,0.008441222773131545,-0.01006226049398904,-0.02589240547982
circ_chr9_124301936_124327445_NEK6,-0.008517957427396628,-0.021116055378952277,-0.07724164140929789,0.040127893407732214,0.009561089601400745,-0.019819337219614062,-0.032418337141408085,-0.011226167339877831,-0.15249241689309248,-0.06159340499405688,-0.011401708898915964,-0.022020342619582887,0.0001877986084091246
circ_chr9_124908377_124912026_GOLGA1,0.11952900433929667,-0.004672565595893673,-0.005948302602699764,0.05163748480283103,-0.0022772615310668,-0.006615951283639234,0.008217087005302085,0.00896864564442955,-0.48788331915242533,0.04512256175958426,0.019185032929671258,-0.027342655354174652,0.007096282639434971
circ_chr9_125337018_125337591_GAPVD1,0.09616703430414758,0.0960913563387027,-0.0013713772479102312,-0.0657099082284725,0.11303419179447181,0.006830910898687664,0.03567569180745834,0.11849627873356325,-0.8047515139186135,-0.02703400364089815,-0.01597402222046309,-0.039146075223567306,-0.0605860500302405
circ_chr9_125657651_125672643_MAPKAP1,0.09186189669139487,0.002922338043681593,-0.0007093342021989461,0.060337732739289114,-0.011221754997399955,-0.0012363339848480872,0.05861971532348812,-0.06071337782018463,-0.488581187066285,0.055656566684316816,-0.04289524081257787,-0.010567805372217761,0.0033864768902843317
circ_chr9_126340508_126395697_MVB12B,0.014357315885357772,0.03259212068801215,0.01242860013059092,0.09262238506801776,-0.0013455090907110083,-0.0009028125094075576,-0.0036998954090293615,-0.0069230498332975305,-0.07763882378184418,-0.00748160591259404,-0.012667714517519626,-0.0285739883656631,-0.00615543185274539
circ_chr9_127444029_127445249_ZNF79,0.046465369894374116,-0.013614914322664418,0.003900350369765262,-0.017894717653678175,0.008432343613266844,-0.01088444255006768,0.0032369949086294906,-0.01503522007715001,-0.030948255436839725,-0.016183127149132438,-0.008950514984439287,-0.0016815121925578373,0.026229840100576992
circ_chr9_128598400_128609284_SPTAN1,-0.0035989126402609663,-0.018556229716551784,-0.0030948710731548055,-0.019154618858918167,-0.009887079831281615,-0.01061309927478171,-0.015337809479021004,0.017038724307175998,0.02733975606091404,-0.021695952298914214,0.006048833276790015,-0.036997754121202896,0.004560368701043946
circ_chr9_130075636_130092381_GPR107,0.007107087189885433,0.007776221513285187,0.03291754692717131,0.0038736734994617725,-0.009061121108380643,0.002797526323616014,-0.012619668644796902,-0.010576290285408399,-0.007177884503139697,-0.006507367252999243,0.0005967326955618469,0.016062739523986305,-0.019482215319466555
circ_chr9_131430090_131432794_PRRC2B,0.007277441030392821,0.005798617513089038,0.0522472972944533,0.008296194859136892,0.030956125521438768,0.0029200832174244157,-0.022566717120832552,0.005684018337127963,-0.012921770604163519,-0.0023444054390760545,-0.0006953516831693223,0.02185833448251099,0.005008899849774957
circ_chr9_131436620_131439061_PRRC2B,0.03217466106941526,-0.0034914199420641723,0.005216470135589129,0.037579051413292236,0.03397198524806261,0.0012266804676901574,0.015228335041424741,0.034255555469808505,-0.14489864679958295,0.009777330479139252,0.005327192082851567,0.039436148802135536,-0.009772347635131113
circ_chr9_131455076_131459356_PRRC2B,0.02176406603851956,0.0054097029384403295,6.881490679906523e-05,0.02904466977808344,0.056694925678730725,0.012289624826545165,0.01734431142493481,-0.0052065787902777945,-0.009608210222143695,-0.011750915622825302,0.0004770621242136798,-0.0071817119798024,-0.01930433881826479
circ_chr9_131506114_131506453_POMT1,0.23920772424083012,0.16881168981543745,-0.02576631764218587,-0.054620899482617356,0.0021565918913542897,-0.01031609403404464,-0.022955385450792534,-0.08268158274730239,-0.5387381080285375,-0.02348097668755213,0.06283006110828819,0.01998700434748685,0.03560652023316424
circ_chr9_133412299_133412921_REXO4,0.04653978242229918,-0.006420404959148648,-0.010624313208259805,-0.03044119937822592,0.04532157388593118,0.014980095593544511,0.024580024320492097,0.006315212919112842,-0.2740410184440129,-0.015085397246437657,-0.0002782951304992436,0.04452731945115527,0.013502794183097248
circ_chr9_134690912_134701333_COL5A1,-0.030715011778261407,0.15946916418640844,-0.02875653391919873,-0.09187990520145138,-0.017250421832730366,0.0011161115227165091,0.012160684537752337,0.009738028166078537,-0.016820873662566425,0.009778344001201443,0.008821830470081267,-0.09999095793610624,0.047715017628109306
circ_chr9_135850137_135866536_CAMSAP1,0.02217026610872833,0.02105227201651992,-0.015696893678614526,-0.01247080401700902,-0.013252832024587033,-0.014972865893129805,0.00016455050403016262,-0.009986992458086649,-0.06226894404153367,0.011487779943332872,-0.00010484080290635221,0.04891192604097383,-0.0007076226593931829
circ_chr9_135850137_135883078_CAMSAP1,0.017643118129558565,-0.05865971174350829,-0.010040199306776774,-0.07206090615707042,0.016941320816535255,0.008732655098195184,0.03299626924881992,-0.022300781887424497,-0.023853986449896395,-0.023899245563222978,-0.03295916781340573,0.07182159253711488,-0.016243821074718678
circ_chr9_135866456_135883078_CAMSAP1,-0.028109859956623465,0.017937279878048294,-0.019310038391214205,-0.02164152049316141,0.023565181520538003,-0.00825173555585456,-0.00841775363420279,-0.008518435445114764,-0.023346385593062322,-0.034573274035413847,-0.004049402521496582,-0.03579129728359321,-0.03520578411420458
circ_chr9_135881633_135883078_CAMSAP1,0.018115436720025163,-0.005598398697923956,-0.006247011251576511,-0.19109080662196817,0.23089374399079618,0.003938312879198029,0.055113304386790817,0.01344207319128592,-0.12797767023320747,0.0012789893367897156,0.013168861093905629,-0.0007390443576553529,-0.00029601324344106665
circ_chr9_137716626_137752408_EHMT1,0.019842823904926407,-0.009971620580107221,0.008324502638830621,0.00034299322880276275,0.010486621225760143,0.0024573764048877057,-0.00636766175318651,-0.006859419557145356,-0.0013729822728380404,0.0027424648527732097,-0.00014350761670651045,-0.006021653086851114,-0.009370703001157579
circ_chr9_137728349_137744090_EHMT1,-0.008517957427396628,-0.021116055378952277,-0.07724164140929789,0.040127893407732214,0.009561089601400745,-0.019819337219614062,-0.032418337141408085,-0.011226167339877831,-0.15249241689309248,-0.06159340499405688,-0.011401708898915964,-0.022020342619582887,0.0001877986084091246
circ_chr9_137752331_137758011_EHMT1,-0.015448531433320513,0.00011045495401759232,-0.15995067657647247,0.010110194646550654,0.02617589098383387,-0.014210583941854841,0.006289825887503441,0.001089843292441957,0.022307468046980323,-0.04001830793609756,-0.012400797999207226,-0.005122723895007139,0.064112722531347
circ_chr9_137811461_137818138_EHMT1,0.003106552404778824,0.012974519433443632,-0.030786929050371156,-0.0017567609497740645,-0.022750793928889786,-0.002135313206885945,0.00306941253452202,0.0017974964957332103,-0.2366892788563291,0.0024333522773010057,-0.008115543861781784,0.08148188619302084,-0.01588138516873562
circ_chr9_14146689_14179780_NFIB,0.1709283144065623,-0.04836939977412504,0.008232712047137922,0.2810087183676102,0.07435206365895754,0.0007751616836037496,0.033484775975410774,-0.0025057569526958697,-0.033014765247129554,-0.000580469352745488,-0.0069362962731739745,0.018369451397002304,0.008295211963995446
circ_chr9_14639896_14662326_ZDHHC21,0.011724414281570226,-0.0033952144557413168,0.007751916838045074,0.2966346210036939,-0.03816094313829521,0.00041788864250407386,0.013866226607056002,-0.001279235733274259,-0.11794849400604013,0.0016514243830048519,0.0168880795452399,0.01388289265433075,0.005019806584691143
circ_chr9_14639896_14680162_ZDHHC21,0.1479382628916427,0.07733233856819585,-0.1200501105109003,-0.005687228384378411,-0.03054700635829108,0.015359715407881273,0.08438020823755675,0.014605875330489399,-0.6236606572944849,0.0003023547281489034,0.03253440976803033,0.05292017806301982,0.05386270087489606
circ_chr9_15199861_15211397_TTC39B,-0.018286281889698122,0.007835276476947192,-0.12836977070846728,-0.004898075842079983,0.0009213163624133535,-0.00887190858102118,0.025436776288908586,-0.06448370323305881,0.025155734915510118,-0.020904090297843105,-0.044075134257638676,0.09955251140064407,0.0036961297300452307
circ_chr9_16435555_16437524_BNC2,0.012773036540365814,-3.7137803751063474e-05,-0.0034989877829900346,0.02282065673173109,0.04238288099625907,-0.007603498757321959,-0.009232414207440153,-0.010774404904803808,0.0689094359418364,0.003226526970905089,-0.001978345511525947,0.01628112859915231,0.014549000706035275
circ_chr9_16727797_16738485_BNC2,0.16696339630438703,0.26073490731414933,-0.007939303481094272,-0.23154062464027542,0.17087805241449572,0.08046036057602497,0.04962537746216515,-0.13787836076425874,-0.678986243093126,0.025807991211459106,0.011199819669873098,0.04987844059452038,0.02277191018055663
circ_chr9_17298190_17342444_CNTLN,0.00034413793119861854,-0.024335530768369543,-0.06923686639231924,0.02358297180759679,0.020230129909715656,-0.010327629963192073,-0.005244795022682892,0.09321655692268063,0.01978724812666277,-0.02021928716279153,0.05371848157863418,-0.22911463136486124,0.05495333003225239
circ_chr9_19286769_19305527_DENND4C,0.010620198943605164,0.0153405793013399,-0.016710977536328064,-0.07033439544116193,0.00959013855184019,0.004926025147506783,0.010603778716029704,0.004673703230007834,-0.1269800050292113,-0.011532325823215735,-0.0007168935505295473,0.10258664366296352,-0.007704379912540493
circ_chr9_19288596_19300331_DENND4C,0.018653993559582867,-0.0055080825109269935,-0.00259268801557818,0.007628745009524188,0.03393255293399121,0.014960978321915818,0.011072644788126687,0.015413217063342323,-0.02416957539833707,-0.00047420650702556955,0.009975276317706911,-0.02940309911183037,-0.016938227853088562
circ_chr9_19356972_19358160_DENND4C,0.007499307297703459,-0.007911155346067013,-0.008931249543970007,-0.005758653288553228,-0.027964581352675544,-0.003589990319719354,-0.009012813698697034,-0.030544907207225757,-0.023545549300611746,0.002325041922463172,-0.01891208015096284,-0.012241960775293593,0.01820292978008265
circ_chr9_20715322_20740340_FOCAD,0.03553157962142475,-0.002118362676126505,0.006451080825418725,-0.021033359326882932,0.0385751781564559,0.0024217933514552705,-0.004972453771514795,0.005712370982358398,-0.017243761928359032,0.01275627541064128,0.001193659800268412,-0.007684342270678013,0.0041763156148582215
circ_chr9_20715322_20823115_FOCAD,0.002158228415849179,0.003924268188450263,0.001958874951176227,0.03218832487342805,-0.03483863733302733,0.0030917209768711357,-0.0015089566368066672,-0.010857868278798881,-0.18957879888554788,0.020045370532060038,0.06844495557694653,-0.005672285839593449,-0.013974952254031808
circ_chr9_20819796_20823115_FOCAD,0.059340684366008985,-0.08208824801113922,0.012807820575671971,-0.03655374145272311,0.04977342961872378,0.025685413350634564,0.039501307438265396,-0.03864748955995316,-0.5279975214374242,0.03355738525571105,-0.039595071629440357,-0.01182583112610838,0.012991302234446974
circ_chr9_20907150_20933103_FOCAD,0.006500213857374199,-0.013598083014548403,-0.027662788767578776,-0.010402017414322012,0.004322793626521177,0.00584178662732707,0.0073945424901968254,0.028141351935121992,0.00240164334995158,0.01016018224575726,-0.006194230901924747,0.01791510190611609,-0.010720471145774702
circ_chr9_20923660_20933103_FOCAD,-0.00023791128184741581,-0.02212232526656701,0.001985814438750227,-0.055050047079431536,0.011529641269952129,-0.12695081515852988,0.013165835358223769,0.06638387919486316,-0.21019172058866697,-0.00037499186350473996,-0.027758136391103323,0.08066683075250386,-0.009505657942746524
circ_chr9_21476899_21477292_MIR31HG,-0.14510371293283894,0.11814162729105365,0.008511538371849165,-0.1262279721312495,-0.0032063003081419517,-0.019217801595533577,0.05358413623246191,0.02923192495998443,-0.06412562965888594,-0.07172258268305905,0.06045237208703128,0.09478841687111453,0.00951498955137086
circ_chr9_2191266_2192802_SMARCA2,0.01860673249182683,-0.026129372048600254,0.001672958017100257,-0.020001673309998847,0.017706995031872175,0.008538736617759259,0.002997544210922845,0.020291177797463214,-0.04496216643828706,0.006949283240584723,0.010099535563699764,-0.02764162676506854,-0.006917607989014673
circ_chr9_22046751_22097364_CDKN2B-AS1,-0.06924616570356196,-0.03364193311674675,-0.02412294650581146,0.04224735443747672,0.052635507797774664,-0.3824874872943307,0.0941027853369153,0.38879692267390825,0.002858380409911274,-0.0056366102782311025,0.011520455801538987,-0.004707627910300241,-0.004177671761722848
circ_chr9_27009020_27048274_IFT74,-0.018286281889698122,0.007835276476947192,-0.12836977070846728,-0.004898075842079983,0.0009213163624133535,-0.00887190858102118,0.025436776288908586,-0.06448370323305881,0.025155734915510118,-0.020904090297843105,-0.044075134257638676,0.09955251140064407,0.0036961297300452307
circ_chr9_33271152_33278225_CHMP5,0.017488261088532228,-0.016606439502440996,0.006375899401583353,0.062224885503733326,0.08462343858873529,-0.10213703986665826,0.019025894459279217,0.027143158673656232,-0.2399314611098965,0.020918310370474542,0.0028754837428042667,-0.04269086027156611,-0.005089204004732246
circ_chr9_33351560_33352719_NFX1,0.010793588967484159,0.0008091982456061731,0.013874275850512164,-0.004815984411741813,0.11860295924509985,-0.051458518994108984,0.026220837477460367,0.05771054516965609,-0.16620308394568453,-0.010958812102378535,0.020254678309461958,0.14203749336180285,0.009001420603203128
circ_chr9_33886881_33900271_UBE2R2,0.025606587818908167,-0.08564612912458947,0.0022167847632460175,0.003934845586510653,0.05864126354480056,-0.026087121244797905,0.004787427444672844,-0.03860287379990849,0.008271500519617043,0.0021655864242649875,-0.02035508029201496,-0.04867694013238678,0.0333515763152676
circ_chr9_33944365_33948587_UBAP2,-0.018286281889698122,0.007835276476947192,-0.12836977070846728,-0.004898075842079983,0.0009213163624133535,-0.00887190858102118,0.025436776288908586,-0.06448370323305881,0.025155734915510118,-0.020904090297843105,-0.044075134257638676,0.09955251140064407,0.0036961297300452307
circ_chr9_33944365_33956146_UBAP2,-0.013162629502078714,-0.03290332606112414,-0.10056705720495829,0.00627646312209673,0.052800150237200874,-0.10877181551269699,-0.024296419087617302,-0.11927536302617905,-0.3804706790713826,0.010661397241730913,-0.0386451216979549,-0.1471154591146265,-0.008131913656762964
circ_chr9_33948374_33953474_UBAP2,0.05550677373315291,-0.029347797705241943,-0.00479769765598374,0.1449354200190566,0.09479459835885277,-0.014440779171155233,-0.0026478351423898337,-0.018640744742370718,-0.3028112440346288,-0.01804623136542011,-0.009706131962485019,-0.04875879761669252,0.020038721497355184
circ_chr9_33948374_33956146_UBAP2,0.005610481465649253,-0.15678641742917102,-0.017770829564149625,-0.022468916716270545,0.03379390242888227,-0.04205643862957662,-0.0045834850934480375,-0.0411051772064205,-0.3270889974435054,0.020547274747118965,0.00825998733553875,-0.11003546089544196,0.05826270875311605
circ_chr9_33948374_33963791_UBAP2,-0.018286281889698122,0.007835276476947192,-0.12836977070846728,-0.004898075842079983,0.0009213163624133535,-0.00887190858102118,0.025436776288908586,-0.06448370323305881,0.025155734915510118,-0.020904090297843105,-0.044075134257638676,0.09955251140064407,0.0036961297300452307
circ_chr9_33953285_33963791_UBAP2,0.1215151903896245,0.019966107662096975,-0.2175247901446037,-0.023534134257840733,0.10005690546190944,-0.04252208911071724,0.0031645146542017125,0.01254348417511465,-0.536492099078517,0.037193070136952056,-0.019054249540138013,0.15178798994141676,-0.036997569258846195
circ_chr9_33953285_33973237_UBAP2,-0.01994668489890071,0.004209465500406575,0.04771560323763425,0.16082636230681852,0.03634667401363076,0.04663419276479896,0.05052559635428543,0.004852096957989772,-0.22381305563742696,0.002438820049407146,-0.06883009680504436,-0.02638073662847573,0.04420004174828209
circ_chr9_33953285_33996333_UBAP2,0.0033822857904631373,0.012017370291336885,-0.02881265580178051,-0.0035939286408390356,0.0010025910445932054,0.0025880194758734513,-0.0030480999885777933,-0.00625308556044255,-0.04224640494024944,-0.019153349253557803,-0.0038495567527184068,0.005233059327586233,-0.021272588785083237
circ_chr9_33956079_33963791_UBAP2,0.00522905285356293,0.02521346637595168,0.012649108441092924,-0.01318372086304604,-0.013902778344750533,0.018017263224379024,0.008296327250896835,0.012488120095185325,-0.008435823396062494,0.027630056592426525,0.010120921336837632,-0.005394326624845406,-0.005119057232694101
circ_chr9_33960826_33963791_UBAP2,0.08288358738791554,-0.0031208236470544612,-0.00099591257505124,0.03660947258317195,-0.08345305651982964,-0.014578949831634254,-0.005128841213907553,-0.023921484600404625,0.2892758765547852,-0.009337440187547216,-0.01941824768882855,0.0864145323276458,-0.013872425659662919
circ_chr9_33960826_33973237_UBAP2,0.12278485422984671,-0.0066681171864738506,-0.14470473268094472,-0.01968055629781899,0.03383275806019087,-0.030753471585691184,0.009982770896358165,-0.03369501329531798,-0.8444869303157221,-0.04112641568887481,0.008492642885367939,0.03203684329626616,0.006660511818884645
circ_chr9_33960826_33989126_UBAP2,0.007929523339380313,0.0061528191070597945,-0.008022693371489085,-0.024827202809380264,0.02041842590419965,0.006924803779862085,-0.023732191745581343,0.013756274057269528,-0.025667380427899057,0.0018760374851344431,0.013651439922993051,-0.007031231110180443,-0.03726736157845727
circ_chr9_33971651_33973237_UBAP2,0.02336575873013621,-0.005443104317869118,-0.015048083875947922,-0.10997864352093005,0.060286077455548,-0.006188514895079215,0.010100554476470291,0.01730649506184027,-0.37716038847439337,0.02099730591419905,0.0032571107035900743,-0.021362217335565675,-0.002916591306278866
circ_chr9_33986760_33998864_UBAP2,-0.002929704035069624,-0.04682556618619842,-0.0746804164982665,0.009034226888887685,0.05909162882302777,-0.11662656225886923,-0.012096567767010636,-0.1479751934651007,-0.10464351800582634,0.08782143719365182,-0.022754718068372197,-0.26265575680631276,0.0005263988992369629
circ_chr9_33986760_34017189_UBAP2,0.0078385951803378,0.00872404248883811,-0.0816313454541956,0.01891045068575266,0.0024069864315278285,-0.037631948340849854,-0.04384957606624353,0.011003134521760381,-0.5078022447004318,-0.00850755087218375,0.0038143447633975456,-0.03567506593851954,0.03691054435306959
circ_chr9_33996223_34017189_UBAP2,-0.025538437169839938,0.03410882888928678,0.04386446225138012,0.0014474411509159094,0.0398194451818002,0.019512108491315402,0.012483049069645438,0.00197911446204904,-0.2558161733393209,-0.013468132993503617,-0.05225976892520667,0.00814600599243118,0.013579467151554983
circ_chr9_34098324_34098517_DCAF12,-0.0035989126402609668,-0.018556229716551784,-0.003094871073154805,-0.01915461885891817,-0.009887079831281623,-0.01061309927478171,-0.015337809479021004,0.01703872430717599,0.027339756060914044,-0.02169595229891421,0.006048833276790013,-0.03699775412120289,0.0045603687010439455
circ_chr9_35228015_35243364_UNC13B,0.015186233912283449,0.0017260530575963675,-0.021208411532200554,-0.012358728225957832,-0.006728102250335095,-0.007437321316958175,-0.0018080978018162068,0.0015670963799737179,-0.01121033210966319,0.024236016791038806,-0.006108146628883912,0.07376366726997581,-0.018334025929165276
circ_chr9_35236469_35243364_UNC13B,-0.014807207375904017,-0.0018860714159714602,0.07090172543362681,0.1104083048446506,-0.02557673205559252,-0.002546826063419231,-0.0002878206167367251,-0.0026527157630154047,-0.002523984832716221,0.023748123317545385,0.001671027538053154,-0.009696100643421867,-0.00481255330996398
circ_chr9_35236469_35259050_UNC13B,-0.014807207375904017,-0.0018860714159714602,0.07090172543362681,0.1104083048446506,-0.02557673205559252,-0.002546826063419231,-0.0002878206167367251,-0.0026527157630154047,-0.002523984832716221,0.023748123317545385,0.001671027538053154,-0.009696100643421867,-0.00481255330996398
circ_chr9_35295696_35313989_UNC13B,0.007504523233338777,-0.028807565487248103,-0.0106072070507927,-0.0019065738908981746,-0.016091790360303636,0.010306265408766764,0.008663643431984365,0.0033734278768794397,-0.14593772765315935,0.009079123818615736,0.004329501572198123,0.022229168938038862,-0.006502696129692309
circ_chr9_35546430_35548535_RUSC2,0.0005170755751965633,-0.007285684881855727,-0.00011770907730684195,-0.05072133762160894,0.06224303015672923,-0.07808023867772021,0.02238894321677424,0.03590450344443295,-0.09013048303911002,-0.0036760028829227426,-0.05577856854398411,0.10828563414064718,-0.005800540601793867
circ_chr9_37126312_37126942_ZCCHC7,0.1594154994275067,0.11009382345757025,-0.087958276250163,0.03519214600888809,0.0383461246570948,0.03129253702430008,-0.0023044632316165377,0.021858966526301964,-0.6649886015270555,0.11177377272314536,0.01099022883250035,-0.0126657369696689,0.035771854706287964
circ_chr9_37126312_37305714_ZCCHC7,0.007107087189885427,0.007776221513285182,0.03291754692717132,0.0038736734994617695,-0.009061121108380638,0.0027975263236160136,-0.012619668644796906,-0.010576290285408393,-0.007177884503139698,-0.006507367252999241,0.0005967326955618486,0.0160627395239863,-0.019482215319466565
circ_chr9_37424845_37426654_GRHPR,0.15567979422411785,0.05634885010386395,-0.13490747358815025,-0.18439262266113793,0.1129577883398663,-0.025089665729910206,0.00632297914803933,0.029842431357212422,-0.39703095431033614,-0.025396886021388006,-0.007257539574211823,-0.0450825173983089,0.006845559799489604
circ_chr9_4286038_4286523_GLIS3,0.06801967902246087,0.019624226939939867,-0.008943382594171417,-0.49532314217084616,0.1375057275039632,-0.059216641640556414,0.022537642827396537,-0.007701170834612492,-0.15199808839593223,-0.005823669832445482,0.10054874030536684,0.043533645812169765,-0.006644298408029021
circ_chr9_4823548_4827033_RCL1,0.040991161478709466,0.0030399575801170363,0.005955930413780948,0.0320659579342262,0.010165616936749236,0.025951109690992874,0.01954625332877267,0.005142925653971486,-0.047825818525877216,0.0302993074168971,-0.0036321921776247723,-0.015557483046772184,0.02032544811957298
circ_chr9_4823548_4833228_RCL1,0.007548955722715234,0.003411674340239746,0.02880335197353752,-0.02345472962042166,0.00024002382223972473,0.00037385985440995586,0.001173615453402876,-0.00790864140929115,-0.07249383093737487,-0.012058319063610106,-0.023731979636244724,0.036019184874464476,-0.023269714578397573
circ_chr9_4860125_4860901_RCL1,0.0015126768428752433,-0.05205183980910898,-0.0720556850241198,0.013248420390641275,-0.03735369017537399,-0.0262723554206381,-0.02232175758155883,0.01506084453785302,-0.45762879412314234,0.0027750855332404675,0.05710515432531453,-0.002529292874191381,-0.01743624342137714
circ_chr9_5021963_5090911_JAK2,-0.010393895600995365,-0.014299304813647398,-0.004529244339171151,0.00991439099205267,-0.03136284124558969,-0.019206558967735748,-0.007348859111744257,0.026691969462455525,-0.14495692916371647,0.05463927607615499,0.17772147226536053,-0.0018802252358310783,-0.03780436552865197
circ_chr9_5954016_5988545_KIAA2026,0.02685864449208326,-0.008806218976135205,0.006199030023544602,0.012033755895077693,-0.00038544823492538523,-0.003469427945284289,0.018673645232377415,-0.009943205831759533,-0.021232153342105684,0.0016463528873469691,-0.007251472822211041,-0.009097864227628883,0.01677150795567004
circ_chr9_5968019_5988545_KIAA2026,0.1468665200605864,0.0816432502480366,-0.14919345799983338,-0.2197722671673229,0.005287425767440648,-0.05334060741599053,0.10824340702710425,-0.02225617671620312,-0.2622159738442848,0.006394339070330623,0.01723468819758068,0.16887802778248145,0.0001476864607460926
circ_chr9_6420912_6434173_UHRF2,0.019253811589081658,0.0437322800705413,0.017519716250314312,0.017363354159090513,0.08088628828000721,0.03548094970320126,0.009374494902620748,-0.005848452844667132,-0.21283944084159778,-0.013352496909270869,-0.006515657066146895,0.0665788503150955,0.007370505388392102
circ_chr9_6880012_6893232_KDM4C,0.002417692006656574,-0.02961289390591981,-0.00812348700335819,-0.04095430233335165,0.03623784353886603,0.0012941511191697911,0.023648151988757013,0.022324174040686328,0.03763037874533437,0.015528732832224862,-0.012240237763600618,0.01142888885989284,0.0038174164754826495
circ_chr9_710804_713464_KANK1,0.01281575991738759,-0.018183580615705876,-0.00026226610264170773,-0.01911756448242093,0.027104440524773753,-0.004545297911634409,-0.004716657641885449,-0.007824607618025392,-0.023092227283294988,-0.012182744991495431,-0.007715351680306607,0.0027198329622266618,0.019099359463984084
circ_chr9_71709259_71712260_CEMIP2,0.012773036540365814,-3.7137803751063474e-05,-0.0034989877829900346,0.02282065673173109,0.04238288099625907,-0.007603498757321959,-0.009232414207440153,-0.010774404904803808,0.0689094359418364,0.003226526970905089,-0.001978345511525947,0.01628112859915231,0.014549000706035275
circ_chr9_71740063_71740232_CEMIP2,0.008939605218781867,0.11040590727928076,-0.006078270502220104,-0.04122869543992233,0.0013845332070276507,-0.001089993984479623,-0.0021057165882194064,-0.021451156128151194,-0.04269761500198655,0.01339002650649258,-0.0029105440541284974,0.002346150189288987,-0.003722125746763236
circ_chr9_74996447_75017448_CARNMT1,-0.007855461087070173,-0.000585439564785247,-0.10266200990228012,0.09837173408887495,0.0022541290073170577,-0.005815360859500536,0.00861074222633498,-0.0227653993522806,-0.04173764860223406,-0.05282871066326923,-0.03961717953546282,0.04739478024559988,-0.015276693837790494
circ_chr9_75016268_75017448_CARNMT1,0.06814364188239067,-0.05131152618531963,0.006827788619830943,-0.021602004295108397,0.010687900092873594,0.026649664451337776,0.016936371671599726,0.006533882967763682,-0.05177098798504497,0.0004415474854606779,0.010340706483877337,0.018614369782329644,-0.012462774866787768
circ_chr9_75986132_76107351_PCSK5,-0.06907651096996077,-0.07184998242238294,-0.060628240892412956,0.011212556022120982,-0.013997682218617018,0.13040541166304495,-0.010373490707011313,0.04003174665093667,-0.04279113177665574,0.0076787884647495815,-0.10233641517471699,0.04540246857750308,-0.08080080674329852
circ_chr9_76067955_76107351_PCSK5,0.007559794242963014,0.027960674475826404,-0.0016216919608097226,-0.010733179046398042,0.055953677369566655,-0.00924100193428977,-0.001692870670117869,-0.015433878819642565,-0.002766179894805646,-0.004082313868556643,0.005058645906428184,0.021362810941791585,-0.0018727271585547637
circ_chr9_77214329_77227485_VPS13A,-0.00580313565716512,-0.039760987791019546,-0.025508102208198335,-0.01321761323693979,-0.05581609106389057,-0.003055752685684629,-0.017112524088673486,0.018279958672891533,-0.06512539281675588,0.010379763587363639,0.10529378889091906,-0.02982257730340517,-0.014034467234563301
circ_chr9_77794463_77797648_GNAQ,0.05001034573938996,-0.026316029635876675,0.004404743705113034,-0.10504758114801123,0.05177396018033139,0.012101222821297102,0.016915375015820945,0.02580193270932524,-0.2026055334157768,0.010574462761801079,0.0021700479395908665,0.1644457328044071,0.004400305795793639
circ_chr9_83661777_83669327_UBQLN1,-0.018286281889698122,0.007835276476947192,-0.12836977070846728,-0.004898075842079983,0.0009213163624133535,-0.00887190858102118,0.025436776288908586,-0.06448370323305881,0.025155734915510118,-0.020904090297843105,-0.044075134257638676,0.09955251140064407,0.0036961297300452307
circ_chr9_83677727_83678599_UBQLN1,0.0225306642626903,0.014769124328570422,0.01261638507590208,-0.021613649390854417,0.0493037488844052,-0.11348211942946487,0.04109913290959833,-0.006211899909628922,-0.40494571134661833,0.01419224731397848,-0.012699578156129133,-0.0065486533413364675,0.025343919509949627
circ_chr9_83677727_83686155_UBQLN1,0.019646795313956605,0.020263002197841794,-0.0014737915768068468,0.24398894145331662,0.07066295796820429,0.02400496894355176,0.035344848043766926,0.004744342654046223,-0.03327946829300064,0.009241489427405328,-0.012004383870336663,0.035084087966654076,0.003013982901361283
circ_chr9_83678441_83683066_UBQLN1,-0.0007257259460251857,-0.00025953555821373465,-0.15384974120581166,0.00844761736006261,-0.005829401611803296,-0.0036450677981549975,0.00726976703425648,-0.017598853589369707,-0.08238110941762813,-0.05305541579448261,-0.026956779838359264,0.03750991323863821,-0.0011694700935603124
circ_chr9_83678441_83686155_UBQLN1,0.14309895810391496,0.05428890891212545,-0.17681880342082776,-0.1912185983461681,0.08028698100038185,-0.1457601735031885,0.016860996810107925,-0.027450906476042675,-0.771256817082083,-0.020299506557682895,0.06545251226494922,0.007829656094338217,-0.05178176229227573
circ_chr9_83679775_83686155_UBQLN1,0.021939895656322497,0.0156229621670525,0.0114143968688389,0.025801400666271863,-0.03765378375159363,-0.0008031505370402291,0.013606136008781309,-0.020575460983348275,-0.5481561260260793,0.017822140668544168,0.04349068320884735,0.044984262836879146,0.04171116650307486
circ_chr9_83682951_83686155_UBQLN1,0.004309994501108831,0.0067101293660938284,-0.026171974835730253,0.1666472671855374,-0.006037847009779342,0.0194556910571073,0.043682642494320724,-0.07609189017056851,-0.3146316955650913,0.013619157940237546,0.008516113239790013,0.06958934430116646,0.017921753804193863
circ_chr9_84741892_84752085_NTRK2,0.014167530743432527,0.010979201891266633,-0.023027599607821747,0.007598252444457902,0.013503214183637592,0.0045800883662077884,-0.005836385965083324,0.012877204242699032,-0.0079127081712502,0.012022807946666367,0.012824239442804398,0.004748384209210137,-0.0035409943073792566
circ_chr9_85585463_85596449_AGTPBP1,0.007107087189885433,0.007776221513285187,0.03291754692717131,0.0038736734994617725,-0.009061121108380643,0.002797526323616014,-0.012619668644796902,-0.010576290285408399,-0.007177884503139697,-0.006507367252999243,0.0005967326955618469,0.016062739523986305,-0.019482215319466555
circ_chr9_85618983_85633374_AGTPBP1,0.1414781950900549,0.017561633788556342,0.010289587333398156,0.19925461336323785,0.0011357610628003755,-0.0072465058664168865,0.018731741384595435,-0.014793123946120403,-0.5961839752668172,0.055656144675005084,0.0024878148483126784,-0.0897714262150876,-0.002769682284968395
circ_chr9_85669485_85712566_AGTPBP1,0.023595004321941695,0.014920692061139385,0.026647334717859898,-0.030286919551550485,-0.047628683484010316,-0.010838748168539709,-0.007011621471050487,0.008708064189826491,-0.028567577169725262,-0.033869463636906565,-0.006818505694898252,-0.06087046264157347,0.0006170121945194693
circ_chr9_86040739_86052591_GOLM1,-0.005519592737264403,0.1054473726922508,-0.0032391595968204465,-0.04115009261860465,-0.01731308826569254,-0.026640881850869644,-0.017646207492114846,-0.018145670949509307,0.0035567766835691264,-0.035869382807484515,0.00061724313229724,-0.039705275889735804,0.02429301181041209
circ_chr9_86303086_86304947_TUT7,0.021047887906649475,0.005585855361849435,-0.0030062575910687847,0.15445221617067945,-0.01775389531023973,0.00136593550382362,0.018610476087678983,-0.00530152396030304,-0.07434293131743244,-0.010244772741819202,0.001291564613759098,0.04155331941547533,0.0023714288215954875
circ_chr9_86305192_86310017_TUT7,0.1539676041498095,0.07717891106039128,-0.021285731435418516,-0.03335795250764076,0.013361243778748973,-0.07563620926989864,0.076965512695366,0.04208328300877884,-0.942105075051244,-0.018932733443765518,0.029190158535778745,0.027942978654800627,0.08952716414595652
circ_chr9_89328660_89328886_SECISBP2,0.034463641026860246,0.00406082625466215,-4.249768667658575e-05,0.28686891382873925,0.038688274843206465,0.00520733282405081,0.02211887012210391,-0.000438787609370841,0.07770129503034692,-0.009579948205749212,0.0056110890663927685,0.03217644462713801,0.005964539561237874
circ_chr9_92256680_92269983_IARS,-0.01617031409704733,0.0009135999882890774,-0.07368427585684753,-0.035668599848415465,-0.00513546323988841,0.0028355710906743975,0.015846663605333013,-0.0188742269159736,-0.05446901004989732,-0.03087339961315599,-0.023312003921046175,0.11803955844972372,0.005457188659062296
circ_chr9_93471141_93476338_FAM120A,0.08465114005742734,-0.009669306346117117,-0.039886454445433026,-0.06085019778578543,0.0433710015955044,0.03049633555986333,-0.0051146571368843674,-0.03943306594529541,-0.7067742959978519,0.045007548956921536,0.028336707826929285,0.03331850037102312,0.05929609762917736
circ_chr9_93471141_93498886_FAM120A,0.012030512914766627,-0.0067853524075793935,-0.16263218739760812,-0.13800328853883687,0.10702254544005187,-0.03330136005590043,-0.014647312020062553,-0.022104531482580743,-0.5560407812298636,-0.025060885142871497,0.04912530399406119,0.012329808971690408,-0.010682779542423712
circ_chr9_93476256_93498886_FAM120A,-0.008517957427396628,-0.021116055378952277,-0.07724164140929789,0.040127893407732214,0.009561089601400745,-0.019819337219614062,-0.032418337141408085,-0.011226167339877831,-0.15249241689309248,-0.06159340499405688,-0.011401708898915964,-0.022020342619582887,0.0001877986084091246
circ_chr9_94064734_94095454_PTPDC1,-0.0032504619474435954,0.010641036198017356,0.023582621285022774,-0.01396181776271788,0.02107764978193934,0.009272053336634747,-0.03417406231060363,0.008541111761205776,-0.01982663589904119,0.004607876470260502,0.005774073321333952,0.004032628951059905,-0.018328195824230318
circ_chr9_94773002_94801002_C9orf3,-0.018286281889698122,0.007835276476947192,-0.12836977070846728,-0.004898075842079983,0.0009213163624133535,-0.00887190858102118,0.025436776288908586,-0.06448370323305881,0.025155734915510118,-0.020904090297843105,-0.044075134257638676,0.09955251140064407,0.0036961297300452307
circ_chr9_95978061_96004701_ERCC6L2,0.1434804832343083,0.08686627524577523,-0.004237578365905347,0.06543560057265692,-0.008415935921481214,0.0332963993741921,0.07612666833064025,0.004910317090539075,-0.7324433270529604,0.02233753653708256,0.011171417683649895,-0.024455424016941254,0.044084564646370276
circ_chr9_96458379_96458541_HABP4,0.07150265328025916,0.009754158893017489,-0.04940127580007837,0.1284176516079674,0.032572249768037534,-0.023731998920093735,-0.02789684656490798,0.020980021666510185,-0.030522625893077932,-8.048972629420655e-05,0.011827316510079847,-0.024856895987189164,0.009675643212456264
circ_chr9_96458379_96465778_HABP4,0.00885231279117768,-0.01919867519127632,-0.14813468681159883,0.24215041145293045,0.048590797210974444,-0.011786187483181856,0.01052224211405761,-0.02526483660108759,-0.1391595558997116,-0.0047168460512186155,0.0023375501429677777,-0.03662914214894681,0.004323542312881465
circ_chr9_96458379_96471094_HABP4,0.09626333376963038,-0.002568472257304118,-0.0005453710954416042,0.015301254412759436,0.009230470095768935,0.011731729285351416,0.012545007453034966,0.0027464855342514594,-0.014241669762765174,-0.006932019595883841,0.0065238846169017786,-0.010821032475038144,-0.04577377780721355
circ_chr9_96509673_96565483_CDC14B,0.0036669577310647775,0.018535944524527732,0.02234758818744912,-0.01587431607258089,0.0215675913016076,0.006143334272296298,-0.013182490260458594,0.0007861846642897998,-0.04023355719285085,-0.0052486333330701435,0.001056913246171943,0.03551557528624602,-0.006541672526240501
circ_chr9_96522506_96565483_CDC14B,0.024724925527902227,-0.08286411406859963,-0.049895106911062304,-0.14244861269275289,0.03542478302865082,-0.022965057600506874,0.025177525364035266,-0.02366660979175187,-0.04208656463751154,-0.028636120048580703,0.010617495414988106,-0.006736452466843377,0.011695227730163274
circ_chr9_99959917_99960155_STX17,-0.0014650186835093641,-0.0023464135351897075,-0.016962636184046795,-0.09851124319735749,0.0012725875144556087,0.006850744169987451,0.053214957372802504,0.012658773419821356,0.007746217669735335,0.016446215204438258,0.008998952500816483,-0.025360258798983036,0.01813786101697488
circ_chrX_10063445_10079804_WWC3,0.013586145814655143,-0.0027397496539060613,-0.005628462611293725,-0.0070761461277106955,-0.015563070135510074,0.01076913798567455,-0.00398482281168885,0.01422005792538197,0.0078285339373024,0.015413036292247372,-0.004181311778293799,-0.0015085643708592678,-0.016451187756454377
circ_chrX_10063445_10098579_WWC3,0.0038491548969931174,0.028628479567697773,-0.0478625034966488,-0.011938290922665285,0.05276464777440021,0.030724250220629055,-0.00572357106448358,0.07594242326369224,-0.2914046524541932,-0.013429950329136756,0.018221226843797105,0.000477552791993231,0.031574727629112224
circ_chrX_101018971_101019403_TRMT2B,0.02014176797272886,-0.0013481909643968948,0.012863557920060779,0.012876120862665031,-0.025024704021695477,-0.0031364362056971406,0.006026314769754672,0.010452005712077831,-0.029307790390731708,-0.0033515900058833513,-0.010105952624577783,0.02446194047831028,-0.002275228799046065
circ_chrX_101041317_101042312_TRMT2B,0.07987103273075043,-0.03389933694835944,-0.021752530400887447,0.32692127961775236,0.006922586794218481,0.011736966094732841,0.014571144157242063,0.022085254702174272,-0.11029743831132621,0.004060685761558226,0.012601798313700643,0.034401114672997314,0.02254209527189629
circ_chrX_107088436_107088839_RBM41,0.016919654082031763,0.013314218486832938,-0.00838518005791096,-0.016935462372645642,-0.0038939353857370845,0.010862390387270866,0.0015914577165013033,0.00748363216967516,-0.08188206820125521,0.001478407650095884,0.019920003452939206,0.04074865600891261,-0.007750732372608845
circ_chrX_107840670_107854704_MID2,0.005260360931553964,0.06738336584661074,-0.015449382355422519,-0.06515552907305142,0.022707561943558194,-0.007492140098343628,0.012876790886690005,-0.0568442635364593,-0.036519247572882614,0.012997746093943193,-0.033152800150933456,0.02340955840425116,0.009934480299279994
circ_chrX_111123077_111152447_PAK3,-0.008517957427396628,-0.021116055378952277,-0.07724164140929789,0.040127893407732214,0.009561089601400745,-0.019819337219614062,-0.032418337141408085,-0.011226167339877831,-0.15249241689309248,-0.06159340499405688,-0.011401708898915964,-0.022020342619582887,0.0001877986084091246
circ_chrX_111142096_111173081_PAK3,0.1694544651692419,-0.20833970071590802,-0.004910684801537461,-0.12757761704645987,-0.05440855525854884,-0.020133487776634904,0.012949870811887181,-0.005597692187816764,-0.017586414777556875,-0.012045982454203732,-0.004854166443130519,0.015894942007843377,0.009794287567486246
circ_chrX_118542725_118546116_DOCK11,0.04314975478584914,0.00017746626124117275,0.0052923741901006235,0.42914775341760936,-0.0016994678266518519,0.0034504427355545454,0.029690616280070758,-0.0006846466853579764,-0.010337770112956241,-0.004672639343683901,0.018496151130828097,0.03653551904893933,0.008316194694639808
circ_chrX_118584735_118590302_DOCK11,0.1716347261434318,-0.004820580050710639,0.017545292851898747,0.3868687411259252,0.011832409235247409,-0.005077730529049168,0.02068510467173122,0.002238794593688326,-0.07514835046439768,-0.003943746808180092,0.0012649585946521204,0.03741452477222537,0.01458441349025628
circ_chrX_118654602_118654961_DOCK11,0.1607148120877736,0.03994739478680167,0.002359559114343055,0.19354024811153583,0.13214574907842186,0.008030274624111903,0.01724489830782432,-0.05419138460342773,-0.5506658911677984,0.04431165668117454,-0.007906853231800062,-0.04613380680944948,0.011552773637920816
circ_chrX_119640692_119653040_SEPT6,0.09010884446468352,-0.012465932547898444,0.01313626881676763,0.109923497607329,0.10192385834305102,0.008410576849035357,0.032743283040760233,-0.006971609904349512,-0.020826978778208532,0.001311396486581231,-0.00542967357167423,-0.004482610486117188,0.009615999937429277
circ_chrX_119930016_119932216_NKAP,0.007858117607541891,0.03882356768805562,-0.007381665359381477,-0.01646881766419799,0.0007932890005768272,-0.00466589678680875,-0.006910039416781141,-0.006061593311552035,-0.12310916914505594,-0.015932929638727868,-7.207478390762985e-05,-0.0013746914123944855,0.005551432949013043
circ_chrX_130069300_130072417_ELF4,0.007107087189885427,0.007776221513285182,0.03291754692717132,0.0038736734994617695,-0.009061121108380638,0.0027975263236160136,-0.012619668644796906,-0.010576290285408393,-0.007177884503139698,-0.006507367252999241,0.0005967326955618486,0.0160627395239863,-0.019482215319466565
circ_chrX_131749306_131794466_FIRRE,-0.0021582117795296042,-0.09708370574953096,0.0799027204757157,-0.03477662608690751,0.01523716554271826,0.018832493523503135,0.0070573108160151814,0.015576148579655856,0.00831877226096054,0.019754646724250233,0.006579099637699024,-0.015100573701578949,0.04690972753752089
circ_chrX_134473359_134493590_HPRT1,0.02176406603851956,0.0054097029384403295,6.881490679906523e-05,0.02904466977808344,0.056694925678730725,0.012289624826545165,0.01734431142493481,-0.0052065787902777945,-0.009608210222143695,-0.011750915622825302,0.0004770621242136798,-0.0071817119798024,-0.01930433881826479
circ_chrX_135545423_135552146_INTS6L,0.009226285508480198,0.008788465617288506,-0.021484428817877328,0.03818303444774009,-0.010244274466670642,0.012213858555513745,0.009751462736368215,-0.0026954695187644535,-0.20311030884301454,-0.0343569105924838,-0.0027283967167023413,-0.007507791192764245,-0.00337319140753424
circ_chrX_135545423_135556300_INTS6L,0.15108432965302934,0.03147763815696889,-0.03582706448308665,0.06310961257774438,-0.011307056739931796,0.019937474504152296,0.034079299007767745,-0.027256241392001817,-0.5526028854503242,0.04002314520244182,-0.0153175264098428,0.03157399443623493,-0.012790392128974102
circ_chrX_148661908_148662768_AFF2,-0.0019603431336227234,0.01675032435625525,0.23327868913862854,-0.0035526846978702585,-0.015111028100133622,-0.04842005780774608,-0.10077371918694616,-0.02373213551742312,-0.024647607734684513,-0.013105125207085407,0.02616698423918898,-0.028280404846724873,0.012694375498137208
circ_chrX_150736595_150737448_MTMR1,0.023485230000110775,-0.024421254036525796,-0.011545405707196341,0.07810247188412506,0.014331674795715014,-0.0312385000324163,-0.011106412708260445,-0.060241234778631775,-0.10623939945152058,0.025749545785238116,-0.015869808802305232,-0.03878423907515583,-0.004238887652233648
circ_chrX_150793691_150816078_CD99L2,0.036085681484899906,-0.037943519687434035,0.006962608529549471,0.006831294307424991,0.07938624354751822,0.003272126004823958,0.008617180586019475,0.04935199372093538,-0.028815482331878382,-0.02518325358680887,0.04356813900760953,-0.11254650050015715,0.005716793423234754
circ_chrX_154789954_154792285_MPP1,0.022993599260299435,-0.01620436648472317,-0.001782312135761681,0.0009854663342769175,0.0142233898142542,0.007431781939083958,0.008772133738061707,0.00522242081244925,-0.01858658341627424,0.0014807151664648634,-0.01877348759098192,0.000874098544040593,-0.004368659255749602
circ_chrX_16828094_16829770_TXLNG,0.017976525378288213,0.005609901353426497,0.004794693198087847,0.16683534953087054,-0.025427645299754678,-0.0017942480347505683,0.0013948338513206603,-0.006256680892414605,-0.06670849402300869,-0.013109343422145026,-0.012500860813482529,0.001460904314988342,0.0006146817730074534
circ_chrX_17103718_17138961_REPS2,-0.006265794256091199,-0.09678675587576006,-0.12049556189644446,-0.0053565823654146034,0.020729079270366598,0.04195689099703479,-0.0300704931496741,0.054763095498931914,-0.196138026591649,0.021339718903457226,-0.010404649631864018,0.08096518018056867,-0.061854543351158475
circ_chrX_17103718_17147503_REPS2,0.0031213084530363963,0.014518782029764936,-0.027052897182337526,-0.01684429323333351,-0.020892911452582305,-0.01593984078275525,-0.009235961536069884,-0.001882409948813448,-0.00020836762893140036,0.030398531788013838,0.005845223378340794,0.10376731553801989,-0.01958589431523575
circ_chrX_18506935_18510854_CDKL5,0.032462187678448426,-0.016586569390136863,-0.0001346321427601782,-0.005757624703347952,0.03859004866896095,0.0018528240780833203,0.0007319416658178708,-0.005307549131920602,-0.00981214930217114,-0.00925013481860311,-0.0021550780173331184,0.014282437071552159,0.006929432457563556
circ_chrX_19683823_19695741_SH3KBP1,0.034463641026860246,0.0040608262546621456,-4.249768667658866e-05,0.2868689138287392,0.03868827484320643,0.0052073328240508105,0.022118870122103916,-0.0004387876093708426,0.07770129503034691,-0.009579948205749214,0.005611089066392769,0.03217644462713802,0.005964539561237874
circ_chrX_24172715_24179770_ZFX,0.019638223197405703,-0.03927111770572857,0.03322919405039358,-0.0023258557755631323,0.14974036439334917,-0.024571990674159078,0.009477468449203417,0.02410427045994258,-0.6301951886627793,0.02241506131874639,-0.03271038662159963,0.003413758228968873,-0.00707982631628136
circ_chrX_24494742_24505298_PDK3,0.02176406603851956,0.0054097029384403295,6.881490679906523e-05,0.02904466977808344,0.056694925678730725,0.012289624826545165,0.01734431142493481,-0.0052065787902777945,-0.009608210222143695,-0.011750915622825302,0.0004770621242136798,-0.0071817119798024,-0.01930433881826479
circ_chrX_2953143_2955537_ARSE,0.02838774862494813,-0.09239123625456963,0.0030027909476324386,-0.03255117288457857,-0.006260448214121201,0.009099605619796804,0.021894156459235665,0.0017646825984832333,-0.08433475266184381,0.0034948176718103633,-0.0006663850327452511,0.02320487234571192,-0.0018689586171856374
circ_chrX_32472164_32573846_DMD,0.004310782102727847,-0.014132239959341522,-0.003768058760422454,-0.013432052017327736,0.00029558132262230393,0.008404580941094971,-0.0009095275484808239,0.02865032374428672,-0.023640747667835856,0.011031253829369326,0.01386265159453214,-0.03367190400365285,-0.004569833009784647
circ_chrX_37386599_37426000_PRRG1,0.0017227427417023842,-0.010060008312210544,-0.04600820336934203,-0.0048577322105226315,0.038068010379591205,0.016833619575340766,-0.012778721632678996,0.03260704276518151,-0.023344116728821345,0.003740604938696816,0.018947409017098918,0.06877106647286513,-0.009041248233295154
circ_chrX_38033534_38034008_SYTL5,-0.0553057255703962,-0.015561377240164636,-0.006161195036589624,-0.013656717887254232,-0.04102437092530747,0.007836783577059414,-0.13164856704306604,0.0550398330464399,0.0008140676429834701,-0.004573146315202557,0.024819726887814093,-0.010979751122902245,0.05318124891535696
circ_chrX_41660439_41671530_CASK,0.020033588098517525,0.017005784436628292,-0.04676148262803292,-0.0020705776917434174,-0.007297908955342694,-0.004261498482215743,0.0033419462292929854,-0.009962239420209167,0.015133922674182648,0.1804446390696384,0.017639931264311758,0.0534573078308654,-0.000927743385934112
circ_chrX_44961284_45063817_KDM6A,-0.0035989126402609668,-0.018556229716551784,-0.003094871073154805,-0.01915461885891817,-0.009887079831281623,-0.01061309927478171,-0.015337809479021004,0.01703872430717599,0.027339756060914044,-0.02169595229891421,0.006048833276790013,-0.03699775412120289,0.0045603687010439455
circ_chrX_45010961_45020730_KDM6A,-0.005847217654403541,-0.05055072447989001,0.006231357160147416,-0.055904081282319766,-0.00898159366332764,-0.008513143376965574,-0.006410059419413835,-0.004613528564555116,0.03863329234424365,-0.0021088681271321554,-0.019336994727589495,-0.04085843538382208,0.02711696932171527
circ_chrX_47846105_47895940_ZNF81,0.10039054658904548,0.01850992120949807,-0.05071979188029071,0.04902943745579781,0.031290000356073495,0.010294573666914658,0.02461593588521865,-0.0098922441599443,-0.3083741706290067,-0.010649406863691398,-0.006012045903012844,0.06062047591791476,0.01849152983758017
circ_chrX_53403566_53403893_SMC1A,0.07188825741813551,-0.007782820877908591,0.008804865725058038,0.05019456425674977,0.01485639212046156,-0.02455139850897075,0.023697829084633904,0.0013862458695726584,-0.6536392046407692,0.05258792305724152,-0.013702769182197976,-0.04033327115790964,0.00694140659796008
circ_chrX_53614534_53614745_HUWE1,0.007107087189885427,0.007776221513285182,0.03291754692717132,0.0038736734994617695,-0.009061121108380638,0.0027975263236160136,-0.012619668644796906,-0.010576290285408393,-0.007177884503139698,-0.006507367252999241,0.0005967326955618486,0.0160627395239863,-0.019482215319466565
circ_chrX_53614534_53615835_HUWE1,0.020617451422066987,0.003652311465752592,-0.09477080241021209,0.01212285203781914,0.01619397263619971,0.09081966737954579,0.042454730197271376,0.010819909064585156,-0.4615269429188703,0.05159948649093842,-0.011391504749245896,0.1752363203232606,0.011780903390107247
circ_chrX_53645311_53654131_HUWE1,0.006217201692711337,-0.01719798615142177,0.0038733790003677333,-0.0005316184372167527,0.012898546981429216,-0.008215054417198293,-0.004000851640902758,-0.02823684086624873,-0.5098334414573958,0.0214763802536239,-0.020853337521042997,-0.05088162500581502,0.028215968696049833
circ_chrX_53987078_53987944_PHF8,0.0006784584010340133,-0.07899046648847777,-0.021918614055312785,-0.007726487019058648,0.014723688172875367,0.019285897234882967,-0.001549423881822732,0.011276013566944644,-0.019769675359924195,-0.012623661421977048,-0.0023675034256890313,-0.002448021898197166,0.0191050672925726
circ_chrX_73577407_73584572_CHIC1,0.0018285465635892832,-0.005167966041691349,0.0371187684774704,-0.006227961904245694,0.06125877496568079,0.008024311932153269,0.007412805607059853,0.0029522388668387052,-0.04718776318440466,-0.0022744801300520366,0.02065177118802198,-0.029920311972656828,0.01047744044988089
circ_chrX_77652114_77656653_ATRX,0.04101271750073364,-0.0037729727131685462,-0.008810071744752726,0.3245428988690997,0.0803089321756192,0.0018892344246612955,0.006253704513823726,0.009450314351025061,0.03472009877137871,-0.012173282830889642,0.012253668244927334,0.046422235778594285,0.032245336198603904
circ_chrX_78014662_78020398_ATP7A,0.08721985626794383,-0.001018324988315476,-0.001791351366746442,0.0565631114963616,0.008237992719386335,-0.02532838788201472,-0.002287217692934822,-0.025501544795505333,-0.2968745222852271,-0.011576942587226066,-0.026960482184879016,-0.03974279937514445,-0.005496494669116595
circ_chrX_80288906_80310233_CHMP1B2P,0.03722782650878604,-0.14312102922367248,-0.05080132565932635,-0.15220407321714804,-0.06603846452725404,-0.027059108403451004,0.010626151698410736,-0.057094087942637435,-0.41868208943804225,0.0067413559529805,-0.018621065822995046,-0.009758778258547127,0.0007757550667861459
circ_chrX_80707427_80719656_BRWD3,0.03201233903996069,0.007691188410342079,-0.00463864053961266,0.004853006852529766,0.008919455562355013,-0.0007324460043629635,0.05208472662511187,-0.03376673621341465,-0.1826054784206062,0.010483638018643906,0.000688874940420513,-0.010646146603291622,0.0011210447706064685
circ_chrX_80791854_80793772_BRWD3,0.011724414281570224,-0.003395214455741321,0.007751916838045074,0.29663462100369387,-0.038160943138295204,0.00041788864250407316,0.013866226607056003,-0.0012792357332742604,-0.11794849400604009,0.0016514243830048512,0.0168880795452399,0.013882892654330745,0.0050198065846911435
circ_chrX_85067127_85074391_APOOL,0.006421670496146269,0.012438772946863325,0.005943548116068413,0.0532991858360466,-0.010553500752699316,0.014670323413217206,0.009941858915767456,-0.00948696515948648,-0.09755104643513893,0.04384966275649125,-0.0007046781490689218,0.0369612450182802,-0.0002663031562683202
circ_chrX_85303406_85308216_POF1B,-0.11609334037063408,-0.0072655587757435094,-0.2009764858284689,0.006012772771440653,0.04583780415805252,0.019016352423618484,-0.00567551396079733,0.003025360737649553,-0.18913863143973197,0.04342941287422163,0.006836716542067936,-0.12720670591196004,-0.012516863626196889
circ_chrY_12909360_12913062_DDX3Y,0.1048653677986502,-0.015577664182589232,-0.002760024606794306,0.17092059964414907,0.022745795678845746,-0.001965961908641556,0.02268821983185902,-0.006861106405476587,-0.1071393498953546,0.00614337748472761,0.0014271410965993243,0.10255232379659654,0.018436294211868307
circ_chrY_14719459_14723269_NLGN4Y,0.023295112168708512,-0.005520145172949953,0.00020890118336456433,0.007923136804698343,0.021976245566044505,0.00707587438141402,0.005179294050728676,-0.00013093482497365555,0.006509685606194773,-0.0020921908811886965,0.0040797516729633235,0.01661497655099751,-0.007273218595857702
circ_chrY_19587210_19587507_TXLNGY,0.10386476660617248,0.027109387408187927,-0.11656929576742507,0.010714586624063304,0.013074732934474533,0.020621773711887253,0.03932625500986011,0.007659772579570035,-0.06460985250865309,-0.003310194828923727,0.15688429489377076,0.04929463126436038,0.028499520878199135
circ_chrY_2953909_2961646_ZFY,0.06851580656344634,0.0357009375069538,-0.11663277223585149,0.004497744120581835,0.014400504518031097,0.022803905521835463,0.08714110503114814,-0.026046937425284748,-0.07945014686327259,-0.03148507969225455,0.1604844681871488,0.06084062363588452,0.006607453917294353
circ_chrY_2961074_2961646_ZFY,0.01348634688960725,0.037602667886523174,0.0070990769094662004,-7.762361626980164e-05,0.030609355364585897,0.010359454665504081,0.033800233046978996,-0.03385284217501506,0.032892053562234846,0.014969448387497301,0.008763473974966494,0.023894729469650145,0.047883339201096914
circ_chrY_3079284_3102194_LINC00278,0.034463641026860246,0.0040608262546621456,-4.2497686676587685e-05,0.2868689138287391,0.03868827484320642,0.00520733282405081,0.022118870122103902,-0.0004387876093708387,0.07770129503034684,-0.009579948205749209,0.005611089066392768,0.032176444627138,0.0059645395612378735
